text,label
मैं एक सेकंड में बाहर हो जाएगा।,1
"ठीक है, Caravaggio chiaroscuro का उपयोग करता है यहाँ केंद्रीय आकृति की परेशानी को उभारने के लिए. इसे छू, यह वास्तव में बम्पी है!.",1
"कोई भी बात नहीं है, मैं किसी भी तरह से उससे मिलने के लिए जाने वाला नहीं हूँ।",0
हाँ! मेरे भगवान!,1
मैं मोनिका गेलर हूँ. तुम  bride और groom को कौन जानते हैं?,1
ठीक है! क्योंकि यह अतीत में है!,0
प्रेम वास्तव में क्या है?,1
"हेलो, प्यारी लड़की।",2
"यह सब है, एक तीसरा निप्पल.",1
स्पष्ट है कि हमारे बीच एक भावना चल रही है।,1
"मेरा मतलब है, वह चीज़ क्या है?",0
"वह वास्तुकला को पसंद करती है, आप जानते हैं कि आप क्या करना चाहिए?",1
"अरे, लड़कों, तुम जानते हो कि लारी क्या कहेगा? वह कहेगा, ""आप लैडल देखते हैं.""",1
चलो घुमाएँ!,2
"ओह जोय, मैं शायद एक नहीं हूँ",1
"हाँ, जब से तुम uh, मुझे उस साइकिल के बारे में उस कहानी बताई मैं-मैं इसके बारे में सोचना बंद नहीं कर सकता था।",1
"यह एक तरीका है! मैं, मैं-मैं घड़ी के लिए गया।",1
"नहीं, हम तलवार पर पेंटिंग करने के लिए जा रहे हैं, और एक बैग्यूट के साथ इसे बदलने के लिए जा रहे हैं।",1
नहीं!,0
"उम्, यह है।",1
प्रिय भगवान! यह पैराचुट एक बैग है!,1
"मैं नहीं जानता, मेरी माँ ने अपने चौथे विवाह पर अपना अधिकांश धन खर्च किया।",0
"यह ठीक है, मैं इसे ले लूंगा।",1
"Ross umm, वहाँ कुछ है कि मैं तुम्हें बताने के लिए है, वहाँ है-किसी और है।",2
हे-हे पीहब्स!,2
"ओह, hey, कैसे इस एक के बारे में।",1
देखो! देखो! वे पहली कक्षा लैंग में जा रहे हैं! क्या आप जानते हैं कि वे वहाँ क्या है?,1
"खैर वास्तव में uh, वहाँ था कुछ हम आप से शादी के बारे में बताना चाहते थे।",1
लेकिन फिर इस आदमी के ठीक उसके बाद है।,1
"हाँ, निश्चित है. सौभाग्य!",2
"अब, क्या आपके पास कोई भी विचार है जो आपने अभी कहा था?",1
"आप क्या मतलब है, इसे संभालना?",2
प्रेम,1
कोशिश करो. वहाँ मेरी छोटी लड़की है.,2
आप लोगों के लिए कुछ खाने के लिए है? मैं सिर्फ कुछ चिकन के लिए जोनोस के लिए नीचे गया था और यह बंद था!,1
तुम कैसे लगता है कि वह क्या कर रही है?,1
"ठीक है, अच्छी तरह से, आप सही है, इन सबसे अच्छा बाज के कुकी है मैं कभी किया है।",1
"ठीक है, लय महसूस करें। यह बेहतर है।",1
ठीक है! शायद मैं भी!,2
"21 घंटे, तुम एक नायक हो।",1
धन्यवाद... हम इतने उत्साहित हैं,2
किताब बंद करो!,2
हम्म. आप महिलाओं के साथ सोते हैं और फिर कभी भी उन्हें फोन नहीं करते?,1
"खैर, मैं एक तरह से कुकी बेचना चाहता था. सबसे ज्यादा बेचती लड़की Spacecamp में एक यात्रा जीतती है, और एक में बैठने के लिए मिलता है",0
मैं वचन देता हूँ।,1
"ओह, ओह, ओह, क्षमा करें।",0
"मैं कभी-कभी मूर्ख बना सकता हूँ, लेकिन मैं एक बहुत मोटी blond लड़की से कुछ अधिक हूँ एक गंवार है कि नहीं छोड़ेगा.",0
"बात क्या है, फीब्स?",1
ओह सचमुच? यह एक दोस्त को कैसे बर्दाश्त करता है? आप उसे परेशानी में ले जाते हैं और फिर उससे शादी करने से इंकार करते हैं?,0
"हाँ, लेकिन तुम किसी को नहीं बता सकते! कोई नहीं जानता!",2
यह एक अच्छा है।,1
"ओह, मैं जानता हूँ मैं आप से पूछना चाहता था क्या. आप साल पहले शो में थे और फिर उन्होंने आप को मार डाला. वहाँ क्या हुआ?",1
"मुझे चिंता नहीं है. मैं एक व्यक्ति को अपने शरीर से बाहर यहाँ निकालने की कोशिश कर रहा हूँ, और आप इसे किसी भी आसान नहीं कर रहे हैं.",0
Good-bye मांसपेशियों!!,2
बाय!,1
"ठीक है, विदा. अच्छी तरह से, मोनिका नहीं आ रहा है, यह सिर्फ मेरे और रेशेल होने जा रहा है.",1
"सुनो, क्या आप सोचते हैं-और मेरी तीव्र दुर्बलता को किसी भी प्रकार के कारण के रूप में यहाँ नहीं छोड़ने की कोशिश करते हैं-किन्तु क्या आप सोचते हैं कि अगर मैं आप से बाहर पूछें तो यह ठीक होगा?",0
मैं भी।,1
"चिंता मत करो, मैं वास्तव में एक पार्टी लड़की नहीं हूँ।",1
मूर्ख!,0
कार्य।,1
"ओह, मुझे क्षमा है।",1
मैंने सोचा था वहाँ कोई गेंद नहीं है?,1
"क्या! Joey, आप एक गर्भवती महिला के साथ एक डेट पर जाना नहीं चाहते.",1
मैं भी!,2
क्योंकि बच्चों को नये जूते की जरूरत है।,1
"हाँ, ठीक है, विदा।",1
"मेरा मतलब है, चलो, यह सिर्फ शोर है!",0
"Hey, uh, आप इसे अनदेखा कर सकते हैं।",1
"अब हं, याद करो मैं अभी भी सीख रहा हूँ।",1
"आप जानते हैं, सही बोलने में कोई दोष नहीं है।",1
लेकिन आप मुझे उनके साथ नहीं छोड़ सकते! हम एक टीम हैं! हम एक क्षेत्र खेल रहे हैं! वे मेरे तीन टीम जा रहे हैं!,0
"नहीं-नहीं, यह एक आदमी का कुर्ता है।",1
"और फिर भी, हम अभी भी उसे पिट रहे हैं।",0
"क्या... तुम हो, तुम हो, तुम मेरे ऊपर हो?",1
इस कुर्सी के पीछे कोई नहीं है!,1
अरे! यह पोर्श है!,0
Uh-huh.,1
तो-तो तुम दोनों शादी कर रहे थे हू? क्या हुआ? तुम सिर्फ अलग drift?,1
"रॉस, वह अजीब नहीं है, वह सिर्फ अपने सामान एक तरह की हो जाना चाहता है।",1
ठीक है!,1
मैं तुम्हें कह रहा हूँ कि वह मर गया है। क्या हम यहाँ करने के लिए तैयार हैं एक मरे हुए वसा आदमी एक चिड़ी पर है।,0
"अच्छी तरह से, वितरण तुम के लिए बाहर गया और मुझे पता चला कि वे इसे भूल गए।",1
"ओह, ओह नहीं! मुझे जाना है! मैं एक massaging मुलाकात है।",0
"रोस, यह बहुत मुश्किल है।",0
"मेरे चाचा हमें वहाँ ले गया। लेकिन, यह वास्तव में यह वास्तव में बहुत दिलचस्प हो गया।",1
"ठीक है, अच्छी तरह से रोस, यह वास्तव में क्या है?",1
"अरे, आप लोग",1
"अच्छा, मैं नहीं समझता कि एड्रिएन विक्टर को क्यों आकर्षित करता है।",0
"ओह, यही कारण है कि तुमने उस नाटक के लिए ये टिकट प्राप्त किए, हम से छुटकारा पाने के लिए??",0
"ठीक है, मैं जा रहा हूँ. ठीक है, कॉलेज के वरिष्ठ वर्ष... एक तालाब मेज पर.",1
"हाँ, तुम ठीक हो?",1
"हाँ, हाँ मुझे यह पता चला है।",1
और मेरा मतलब है-मुझे बहुत मजा आता है।,2
"हं, नहीं।",0
या शुक्रवार को बिना दो पिज़्स!,0
जैनिस?,1
"वैज्ञानिक आदमी डेविड, वह डेविड जिसके साथ मैं प्रेम करता था, वह डेविड जिसने रूस जाना था और मेरे दिल को तोड़ दिया था डेविड!",0
और!,2
"ओह, ठीक है, धन्यवाद, लेकिन, मैं ठीक हूँ, सचमुच.",2
"डेविड, मैं बना रहा हूँ",1
"अच्छी तरह से, क्योंकि तब वे मेरी माँ के लिए उन्हें बनाने के लिए प्रयोग किया जाता था की तरह हो जाएगा, तुम्हें पता है, वह मरने से पहले.",0
"और कभी-कभी, मैं तुम्हें तीसरा चुराना चाहता हूँ, और मैं इस तरह जा रहा हूँ।",1
"नहीं! क्षमा करें, मैं सिर्फ सोचा था कि आप किसी और थे.",1
"ओह. ओह! माम? माफ करें, माम?",1
"नहीं, मैं-मैं कह रहा हूँ मैं उसे पसंद किया।",2
"अरे, हमें नहीं करना होगा...",1
यह गन्दगी है! मैं नहीं जानता था कि मैं इस मूर्ख नींद क्लिनिक में जाने से पहले रात भर जागना था! मैं बहुत थक गया हूँ!,0
"आपको सिर्फ साहसी होना होगा, ठीक है?",1
क्यों हम प्रवाह को उत्तेजित करने के लिए स्तन को massaging करने की कोशिश नहीं करते।,1
इसके बाद नहीं!,0
"अच्छा, मुझे क्षमा है अगर मेरे दोस्त तुम्हारी तरह जटिल नहीं हैं।",0
मुझे लगता है कि मैं एक असली डेट पर जा रहा हूँ!,2
मैं नहीं जानता कि यह सच है या नहीं।,1
"हाँ, यह देखने में दर्द नहीं हो सकता था।",1
हा.,1
"बहुत अच्छा. Uhh, सिर्फ अपने पति के पास रुकने के बारे में कह दो.",1
किस लिंग का?,1
देखो कि अदृश्य दंत चिकित्सकों के साथ समस्या है।,1
लिफ्ट! और स्लाइड!,2
"आप अंदर आ सकते हैं, लेकिन आपके फिल्टर-टाइप छोटे दोस्त बाहर रहना है!",2
"ओह हं, मैं नहीं जानता अगर मैं एक महिला शरीर पहनना चाहता हूँ.",0
ओह. हाँ. हं. मुझे लगता है कि मैं यहाँ रहने के लिए जा रहा हूँ.,0
"हेरो, मैं uh, मैं नहीं जानता-ठीक है, ठीक है।",1
मैं जोआन कोलिन्स हूँ।,0
"Hey, आप लोग! देखो क्या मैं giiiiift दुकान में मिला. उठो! उठो! उठो! उठो!",2
क्यों नहीं? यह कमरे की कीमत में निर्मित है।,1
तीव्र और भयावह।,1
"ठीक है, चलो चलिए! बाय, फीब्स!",2
"मैं जानता हूँ! और मैं सिर्फ एक विवाह से बाहर जा रहा हूँ, मैं मतलब है कि होने के लिए किया गया था के बारे में बात!",0
तुम्हारी माँ ने मुझे बुलाया. तो यह उसकी है?,1
शायद वह मुझे एक गोली या कुछ दे सकता है।,1
"मेरा मतलब है, मैं एक समुद्री घोड़े होते।",1
क्यों? क्योंकि वह गा सकती है और गिटार बजा सकती है और साथ ही दोनो कर सकती है?,1
"ओह, चलो rip!",0
बाइ।,1
आप नहीं जानते कि मैं इस की कितनी जरूरत है।,0
मैं आप से मेरी एक सुविधा करने के लिए पूछ रहा हूँ।,1
"मुझे खेद है, मैं सिर्फ एक टीटी होने के बारे में उल्लास है!",2
"नहीं, नहीं, कैथी.",1
...तुम्हे प्यार करता हूँ।,2
"कृपया, अभी, नहीं, हर बार जब मैं उसे देखता हूँ तो यह लगता है कि यह घाटे पर है? यह मुझे देख रहा है?",0
"तुम्हें पता है, मैं इस बारे में शेख़ी करने के लिए नहीं पसंद करता, लेकिन मैं दे रहा हूँ",1
"अच्छी तरह से आप कपों में देख सकते हैं, एक बार आप $700 मिलता है, आप इसे दोगुना करना है।",1
"ठीक है, आप देख रहे हैं, बात यह है, हम केवल, हम एक तरह से यह ठीक करने के लिए एक shot है।",1
कल 8:30 पर।,1
"""फिब्स, यह नहीं कर सकता है, एक तारीख मिल गया है. आप से बाद में बात. बड़ा पिता."" बड़ा पिता?",0
मैं अभी भी विश्वास नहीं कर सकता कि उन्होंने मेरे कुंजी ले ली. आप मुझे अपने के साथ विश्वास.,0
"हां, fellas,",1
"हम यहाँ कुछ समय के लिए जा रहे हैं, यह लगता है, और हम अभी भी boyfriends और अपने कैरियर को कवर करने के लिए है।",1
"मुझे चिल्लाओ नहीं ठीक है, यह सबसे अधिक मैं सारे सप्ताह तुम देखा है।",0
"ओह-ओह, मैं लगभग इस बच्चे को खो गया!",2
"तो तलाक़, शादी, हमें बहुत कुछ मनाना है।",2
तुम हमेशा कहते थे कि मैं इसे करूंगा।,2
अरे! हम इस में काफी अच्छा है! अरे! हम पूरी तरह से लंच के बारे में भूल गया है!,1
"दीवारें काफी पतली हैं, आदमी!",0
मुझे बैग छोड़ने की जरूरत नहीं है!,0
यह पार्टी कहां है?,1
और...?,1
प्रतीक्षा करो! तुम अपने पैर भूल गए!,1
Hey! कोई अच्छा डाक?,1
Hey! क्या वे क्रैब केक हैं? क्या मैंने तुमसे नहीं कहा था कि सीधे मेरे पास आओ जब अधिक क्रैब केक तैयार थे?,2
नहीं. नहीं. नहीं. वह उस पर रहता है,1
"ठीक है, हाँ. Triple A हमें उठा सकता है.",1
"मुझे अफसोस है, प्यारे, तुम क्या कह रहे थे?",1
"Hey, यह एक बच्चे के लिए प्रतीक्षा करने की उम्मीद करने के लिए असंगत है",1
"देखो, उसने मुझे अपनी रात की दृष्टि के चश्मा और सब कुछ दिया।",2
"ठीक है, मुझे आपको एक बात बतानी है जो मैंने हमारे मित्रता के दौरान कभी स्वीकार नहीं किया है!",0
"हम मध्य रात के आसपास उतरते हैं, तो हम तुम्हें क्यों नहीं उठाते?",1
पूरे आठ दिन।,1
"ओह, प्यारा, मुझे माफ़ है।",0
हाँ. हाँ.,1
उन्हें यह विशेष रूप से बनाया गया था!,1
ये गंभीर हैं।,1
ओह...,1
"ठीक है, तो फिर आप ठीक है।",1
"नहीं! नहीं! नहीं! नहीं! नहीं! मैं-मैं-मैं-मैं करने की जरूरत है, मुझे बिछौने की जरूरत है।",1
देखो!,1
"""ओह, मेरे, भगवान्।""",1
"ठीक है, क्षमा करें.",1
"चिड़चिड़ा बिल्ली, चिड़चिड़ा बिल्ली, क्या वे तुम्हें खिलाते हैं? चिड़चिड़ा बिल्ली, चिड़चिड़ा बिल्ली, यह आपका दोष नहीं है.",1
"यह तुम्हारी बेटी का एक चित्र है, यह नहीं है, अच्छी तरह से वह सुंदर है।",2
"चंडलर, आसान, आसान. अपने खुश place में जाओ. ला ला ला ला ला ला.",1
"अच्छी तरह से, आप क्या था?",1
"चलो, वह तुम्हारी माँ है!",0
"हम्म, चलो, तुम सिर्फ़ उससे कहा था कि तुम...",1
"तो, wow, यह बहुत विस्मयकारी है, हू।",2
एस्टेले ने कहा कि मैं इसे नहीं पाया।,0
"तो वैसे भी, उम्, उसका सिर Broadway के नीचे फ्लिप करने की तरह है, ठीक है, और मैं बस सोच रहा हूँ... कैसे अनुचित यह है.",2
"अच्छा है, लेकिन मैं सिर्फ बहुत अधिक आनंद ले रहा हूँ।",2
"यह फ्रांस से है... यूरोप में... पश्चिमी यूरोप. आप जानते हैं हं, कुछ साल पहले मैं वास्तव में पश्चिमी यूरोप में बैक पैकिंग कर रहा था.",1
अपने फोन बिल का भुगतान किया है?,1
"ओह, भगवान्।",1
"ठीक है, अच्छा है, तो वहाँ तुम जाओ. विन्स के साथ जाओ.",2
"आदमी, दो सप्ताह का नरक, हू? क्या पता है, हालांकि? मुझे लगता है कि मैं कुछ सीखा है.",2
"पता है क्या, मैं सोचता हूँ कि यह एक बार वह गलत हो सकता है।",1
यह-यह असली सवाल है।,1
"हाँ, क्योंकि अन्यथा किसी को क्या वे वास्तव में आदेश प्राप्त हो सकता है।",1
"अरे, अरे, अरे, उसके सामान में नहीं था.",1
"क्षमा करें, हं, मैं एक सेकंड के लिए यहाँ आप से बात कर सकता हूँ?",0
"तो, तुम एक करोड़पति की तरह हो?",1
"ठीक है, वास्तव में नहीं।",1
हम सड़क पर छह घंटे हैं और आप पांच और आधा समय तक सो रहे हैं!,0
"लेकिन, Liam मेरे टीम में है.",2
"वे टूट नहीं रहे हैं, उन्हें देखो।",1
"हं, आप जानते हैं कि कैसे एक दिन आप कैसे बात कर रहे थे कि कैसे आप लंदन जाने के लिए नहीं मिल गया और कैसे आप एक तरह से बाहर महसूस किया गया था?",1
नमस्ते! एक विवाह की कृपा करें!,2
तो अब मुझे जाना है तो वह सोचेगा कि मैं उसे देखने के लिए पूरी तरह से ठीक हूँ!,2
तुम्हें क्या पता है? हमें आगे बढ़ने की जरूरत है.,0
"मैं अपने परिचय के द्वारा uh, से शुरू करने के लिए मुझे अनुमति दें, मैं प्रोफेसर गेलर हूँ।",1
क्योंकि हर बार मैं उस आवरण पर देखता हूँ मैं जैसे हूँ,1
"शानदार मनोरंजन केंद्र. अच्छी, अच्छी इटालियन शिल्पकला.",1
"ओह, तुम किसी का नाम कह दो, फिर वे पलट जाते हैं।",1
यह सिर्फ बैक्टीन है. यह दुख नहीं होगा.,1
"ठीक है, क्षमा करें, कि मैं तारीख़ में क्या करता हूँ।",1
क्या! यह 6 बजे है!,1
"और रचेल के साथ कोई समस्या नहीं होना चाहिए. एकमात्र समस्या हो सकता है एक थोड़ा अधिक दोस्ती, अगर आप जानते हैं कि मैं क्या मतलब है.",1
ओह हाँ! ओह मेरे भगवान! यह है,1
निजी खरीदारी? यह क्या है? जैसे जहां आप snooty धनी लोगों के साथ चारों ओर चलते हैं और उन्हें क्या खरीदने के लिए कहते हैं?,1
मैं उस आदमी को भी नहीं जानता. ठीक है? हम इतना करीब नहीं हैं. मैं वर्षों में उसे नहीं देखा है.,0
"तो फिर, आप जेसन को फेंकने के लिए जा रहे हैं?",1
"मैं सिर्फ कहने के लिए बुला रहा हूँ कि एम, सब कुछ ठीक है और मैं वास्तव में तुम और आपके लिए खुश हूँ",1
उसने अभी फोन किया और कहा कि वह देर से काम कर रही है!,0
मैं बस तेजी से गाना आने को नहीं देखा था।,1
"नहीं-नहीं, राहेल, यह नहीं समझ! वह हमें नहीं देख सकता!",0
निश्चित है।,1
मुझे लगता है कि मैं यहाँ एक डोनट छोड़ दिया है।,1
क्या तुम्हें पता था कि वह उसमें था?,1
ठीक है मैं एक होगा।,1
"तुम्हें पता है, मैं आप से इस पूरे, छोटे, नए यूरोपीय बात के बारे में बात करने का मतलब है, आप जा रहे हैं, और मैं सिर्फ आपको बताने की जरूरत है कि यह मुझे बहुत असुविधा देता है और मैं बस-समझो-इसे रोकें!",0
"ओह, मैं, uh-मैं अरूबा गया।",1
"हाँ, मैं भी।",1
"मलपेटी में समस्या का गंध? अपने बछड़े को न बदलें, अपने बछड़े के मलपेटी को बदलें।",1
लेकिन मुझे लगता है कि यह कोई गंभीर बात नहीं है.,1
ट्रांजिट प्राधिकरण?,1
क्या आप जानते हैं?,1
"""उष्मा उपकरण.""",1
"ठीक है, मैं जा रहा हूँ!",0
"क्षमा करें मैं आह, मैं वहाँ आप को डराया था।",0
"मैं यहोशू हूँ, मैं रेचेल उठाने के लिए यहाँ हूँ।",1
हाय!,0
Joey. Joey. Joey. Joey! Joey!!,0
"मैं तुम्हें जानना चाहता हूँ, यह मैं नहीं था जिसने तुम्हें अंदर भेजा.",1
क्या! यह है!,1
अगर आप जानते हैं कि मैं एक विधवा हूँ.,0
"जोय, मैं इस बात को सहन नहीं कर सकता है कि इस बच्चे के साथ आप मेरे खिलाफ पागल है.",0
मैं जानता हूँ! मैं जानता हूँ.,1
"Uh, uh.",1
"ओह, मुझे बहुत अफसोस है।",0
"देखो, मैं जानता हूं कि जेनिन के बाहर जाने के बाद से कुछ मुश्किल हो गया है.",0
"और, uh, मैं नहीं जानता अगर आप में से कोई है कि, लेकिन मैं वास्तव में टेप की एक प्रति चाहता हूँ।",1
व्यंग्य?,1
"हाँ, अच्छी तरह से मिसी, आप बेहतर है कि सूची laminated है खुश होना है।",0
मैं कहना चाहूंगा कि तुम मुझसे बहुत बड़ा आदमी हो।,1
इतना ही है!,0
"ओह, मैंने कहा होगा कि तुम चले जाने के बाद।",1
मैं नहीं जानता! शायद वह पागल है!,0
आप एक बहुत बड़ा फोर्क होने के लिए नहीं होता?,1
Joey!,0
"और ओह, लियम, लियम के खराब घुटनों के पास है. आप उसे सही मारा और वह एक लैम्प की तरह नीचे जा जाएगा.",1
"ठीक है-ठीक है, मैं इसे मिला. मैं इसे मिला.",1
"ठीक है, आप लोग. आप लोग मुझे लगता है कि मैं यहाँ क्या हो रहा है पता है. ठीक है, आप लोग",1
"क्या? एक मिनट रुको, मैंने नहीं भुगतान किया, मैंने सोचा था कि आपने भुगतान किया!",1
"जब हम योजना बनाते हैं, मैं आशा करता हूँ कि आप प्रकट होंगे।",0
"ओह भगवान, यह इतना nerve wracking है! कैसे-कौन आप यह करते हैं?",1
"और कौन जानता है कि भविष्य में विज्ञान के साथ क्या होगा, लेकिन चंडलर, क्या होगा अगर मैं एक असफल, नियमित आकार के आदमी मरूँगा?",0
"पता है, उनमें से एक पहले कभी एक बेलौक पार्टी में नहीं गया था।",2
ओह-ह-ह-ह! तुम मेरे लिए middle नामकरण के लिए क्या कर रहे हैं! मैं तुम्हें एक नोट छोड़ दिया!,1
Hey! मैं आपके विवाह के लिए क्या मिला है अनुमान लगाओ!,2
नहीं. क्षमा आदमी.,0
और काम से आने वाले लोगों को बहुत खुशी हुई।,2
यह ठीक था।,1
लेकिन तुम उन्हें अब खाओ क्योंकि वे वाष्प से गर्म हैं।,2
"मेरा मतलब है, पिछले साल एलिजाबेथ अब-अब यह बच्चा।",0
हम क्या कर रहे हैं? हम क्या कर रहे हैं?,0
दुखद अव्यवस्था?,1
श्री Bowmont यहाँ है!!!,2
"हाँ, लेकिन, वहाँ कोई suds नहीं थे।",1
ओह चलो!,0
"देखो, मैं कौन पाया!",1
वहाँ एक रिसेट बटन है?!,1
यह क्या है?,1
"ओह. देखो, सिर्फ दोस्त, मैं आप की गड़बड़ी नहीं करेंगे. मैं वायदा करता हूँ.",1
शुक्राणु,1
क्या तुम मुझसे शादी करोगे?,0
"हा, हा, हा.",2
"नहीं, यह नहीं है।",1
"Hey uh, मैं कल्पना करने के लिए मतलब नहीं है कि लेकिन मैं कल रात नृत्य फ़ाइनल के लिए इन दो टिकटों के पास है अगर आप जाना चाहते हैं?",0
"प्रतीक्षा करो, प्रतीक्षा करो, प्रतीक्षा करो. तुम उसे चाहते हैं, मैं उसे चाहता हूँ. वह तुम्हें पसंद करता है.",1
वह पूरी तरह मेरी दयालुता में थी।,2
"ओह, मनी, आप इतना मूर्ख हैं. ओह, हम दोनों इतना मूर्ख हैं.",0
"ठीक है, मैं आप लोगों को बाद में देख लूंगा।",1
"खैर, ओह, मार्क, मैं गलत कारणों के लिए यह कर रहा हूँ, तुम्हें पता है?",0
"ठीक है, यह है, बेन।",1
"उम्-अम्, हाँ सही!",2
"ओह, बहुत जल्दी, बहुत चंमुन. यह बात ध्यान में रखिए, मैं इस बार आपको दूर नहीं छोड़ रहा हूँ.",0
"क्या आप बड़े होगे? मैं सेक्सी चीज़ों के बारे में बात नहीं कर रहा हूँ, लेकिन, जैसे, जब मैं नांगे खाना बना रहा हूँ.",0
"हाँ, यह वास्तव में मुझे शांत करता है।",1
क्या आपने पिछले साढ़े घंटे में एक कार को देखा है?,0
और अपने स्तन! हं!,1
"मैंने एक बार इस फिल्म को देखा था जिसमें एक दरवाजा था और कोई नहीं जानता था कि उसके पीछे क्या है, और जब वे अंत में इसे खोल दिया था तो लाखों और लाखों कीड़े बाहर निकले और वे मानव मांस पर पक रहे थे।",0
तो चलो चलो।,1
मेरा मतलब है.,1
"ओह नहीं, मुझे लगता है कि मैं घर जाने के लिए जा रहा हूँ और दस कंडी बार खाने के लिए जा रहा हूँ।",0
"जेनिसCity name (optional, probably does not need a translation)",1
"जोय, कृपया!",0
"ओह भगवान्, लिली, हाँ. निश्चित रूप से मैं लिली याद है. मैं... तो आप होनी चाहिए?",1
मैं और चंडलर?,1
"ओह, मैं जीता हूँ! वह है",2
"हाँ, 1 से 10 तक के पैमाने पर, 10 सबसे बदबूदार व्यक्ति है, तुम निश्चित रूप से 19 हो.",0
"ओह, आप अमरीकी लोग हमेशा फ्रांसीसी भाषा को काटते हैं।",1
"आप अभी जाना चाहते हैं? 'क्योंकि मैं तुम्हें अभी ले जाऊँगा, दोस्त! आप जाना चाहते हैं?",0
"ओह! अब देखो, सिर्फ बाहर बात blurtin नहीं हो. मैं चाहता हूँ कि आप वास्तव में अपने उत्तरों के बारे में सोचने के लिए. ठीक है?",2
"आह, तुमको देखो, तुम बहुत अच्छे लगते हो।",2
"ठीक है, मुझे लगता है कि मुझे कुछ खरीदारी करने की जरूरत है।",1
ओह हाँ? आप क्या करने जा रहे हैं?,0
"अब आप सिर्फ एक थोड़ा और के माध्यम से प्राप्त करने के लिए करने के लिए है, ठीक है?",1
"ओह! ठीक है. हं, शायद यह इसलिए है कि मैं उसे एक निमंत्रण नहीं भेजा था।",1
"अच्छा, मैं-मैं उसे एक और मौका देना चाहता हूँ, तुम्हें पता है?",1
मैं जानता हूँ! मेरी दादी इसे देखेगा!,2
"एक हम्मर के बारे में क्या होगा, या एक छोटा तलवार?",1
"तो, क्या आपने अभी तक, आप लोगों से शादी करने के लिए किसी को पाया है?",1
तैयार? कुश्ती!,2
उस पर पागल हो जाओ!,0
"नहीं, यह मेरा लाल जूता है।",1
"ओह, हम बिस्तर पर जाने से पहले क्रॉसवर्ड समाप्त करना चाहते थे. अरे, आप लाल के लिए एक छह अक्षर शब्द जानते हैं?",1
"अब Bing इतना अजीब नहीं लगता है, क्या है?",1
"मैं? मैं ठीक हूँ, ठीक है. मुझे खुशी है कि आप यहाँ हैं.... आपके बालों के साथ क्या है?",0
Hey Gunther. Hi. मैं मतलब है कि आप एक तारीख के ऊपर ध्वनि वाले आदमी के साथ बाहर जा रहे हैं?,1
"अच्छी तरह से, उससे बाहर आ जाओ।",0
"ओह... माइक की बहन ने अभी मुझे एक पार्टी में आज रात आमंत्रित किया है, वह वहाँ जा रहा है.",0
धन्यवाद.,0
एक नाटकीय आलोचक बनो!,2
"मैं, मैं आप अंतरिक्ष शिविर में नहीं जाने के लिए नहीं मिल गया है, मुझे अफसोस है, और मैं आशा करता हूँ कि शायद किसी तरह से, यह इसे पूरा करने के लिए कर सकता है।",0
"यह दर्द की कीमत है. आप क्या जानते हैं, आप क्या जानते हैं? यह नहीं है.",0
"मैं सिर्फ ऐसा महसूस करता हूँ, उह......",1
हाँ! और बहुत कुछ है!,2
नेस्टली टुलूस,1
और एक सहायक।,1
ओह!,2
जैसे आप विश्वास नहीं करेंगे। वा! यह एक महान जगह है।,1
"ठीक है, क्योंकि मैं जानता हूँ कि यह मेरा पिता है।",0
"आप लोग स्कॉच करेंगे, आप नहीं?",1
"तो, हम सड़क पर चल रहे हैं और मैं तुम की ओर मुड़ता हूँ और मैं कहता हूँ, “हें, हम पूरी तरह से नूड नूड्स में बाहर hang out करने के लिए जाओ,” याद है?",1
और क्या तुमने किया?,0
यह उचित लगता है।,1
"हाँ, मैं ऐसा नहीं लगता जो।",1
"हाँ हं, वे वालेट कहलाते हैं।",1
"ओह, मेरा मतलब है कि वह शादी में उस के लिए प्रतीक्षा करने के लिए होगा और लोग, ""ओह उस गरीब लड़की से हिस्सकार कर रहे होंगे।""",1
पैसा गलत हाथ में था।,1
"तो ओह, तुम्हारा नाम क्या है?",1
"लेकिन मैं वास्तव में मुझे यह कर सकता है लगता है, मुझे बस कुछ मदद की जरूरत है।",0
हॉल में।,1
"अच्छा, मुझे लगता है कि यह काम करने के लिए एक अच्छा स्थान है!",2
तुलसी स्वर्ग है!,2
वाहे बहुत विशेष है।,1
तो क्या? मुझे मार डालो?,0
ओह यह पूर्ण था! मेरा मतलब यह सचमुच लगता था कि वह फिर से मेरे दोस्त था।,2
"तुम्हें पता है अगर हम कभी भी युद्ध में जा रहे हैं और आप पकड़े जाते हैं, आप एक के लिए हैं",1
"जोय, अगर मैं पहले जा रहा हूँ, मैं अपने कुंजियाँ ढूंढना चाहता हूँ।",1
"हालांकि, मुझे सुबह की बीमारी का एक संकेत है, और मैं कमर पहन रहा हूँ जो लगभग...... वहाँ जाता है.",1
"यह सिर्फ बदल गया है, सब कुछ।",0
"क्योंकि यह अशम्भव है कि उसका घर ढूंढने के लिए! वह किसी तरह के गर्म लड़की समानांतर ब्रह्मांड में रहता है, या कुछ।",0
एक नंबर चुनें! यह आपका है,1
मैं चंडलर का नया कमरे का साथी हो सकता हूँ।,1
तुम्हें पता है कि किस के पास एक महान वीडियो कैमरा है?,1
"Uhh, गेंद बात.",1
आप मुझे 20 डॉलर दे रहे हैं।,2
"मोनिका, तुम सब जगहों से मुझे यहाँ क्यों लाया है?",1
मैं केस के अनुसार कुकी बेच रहा हूँ।,2
मैं टूटी हुई हड्डी हूँ।,0
"अब आप ऐसा करते हैं, आप टी. वी. पर हैं।",1
"बेशक, बेशक.",1
"Joey, मैं अपने हाथों से टैक्सी की गंध धोने जा रहा हूँ।",1
क्या के बारे में?,1
नहीं. मैं एक कहानी पूरी तरह से बाहर किया था लेकिन फिर चंडलर मुझे बेच दिया था.,0
"ठीक है, देखो, यह कैसे तुम पर प्रभाव डाल रहा है?",1
अब अगर आप के प्रदर्शन का आनंद कर रहे हैं हमारे झरना टेलीटोन में वापस स्वागत है।,1
"देखो, मैं... देखो, मैं आपके साथ एक अच्छा समय ले रहा हूँ और मैं बस हम तेजी से आगे बढ़ना या हम पर बहुत दबाव डालना नहीं चाहता.",0
मैं जानता हूँ कि यह बहुत समझ नहीं आता,1
मेरे कक्षा में एक बच्चा है जो मेरे साथ प्रेम करता है।,0
कुछ नहीं.. क्यों?,1
"आप नहीं करते? अच्छी तरह से, एक पेशेवर और एक निष्ठावान के बीच अंतर है।",1
"हाँ, हाँ, यह सही है...",1
"और-और एक और पहले कभी एक पार्टी में नहीं गया था, तो",1
"ठीक है, मैं सिर्फ waitressing नहीं हूँ.",1
"मुझे लगता है कि हमें रोस को फोन करना चाहिए, शायद वह एक कार ले सकता है और हमारे लिए उठाने के लिए आ सकता है।",1
कोई समस्या नहीं।,1
हमने आपके अग्नि-अलार्म को रद्दी की टोकरी में पाया।,0
"वे न्यू स्कूल में खाद्य आलोचना पर एक पाठ्यक्रम अध्यापन करते हैं, इसलिए हम चलचित्रों के लिए जाने से पहले मैं वहाँ जाना चाहता हूँ और उसे मेरे बूल्लाबाइस फिर से कोशिश करना चाहता हूँ।",1
"चाइ, चाइ मैं आप की मदद कर सकता हूँ?",2
"अच्छी तरह से, उसने प्रवेश किया जब मैं रिंग पुस्तिकाओं को देख रहा था. आप यह समझ सकते हैं, ठीक है? लड़के? लड़के?",0
खिसकें! खिसकें! खिसकें!! अरे!!! मैं शिक्षक हूँ!!,0
"हाँ, मैं समझता हूँ कि",1
डेविड! क्या-क्या आप यहाँ कर रहे हैं? आप रूस में नहीं होना चाहिए?,1
"तुम एक प्रतिभावान हो, रोस।",2
लेकिन यह ग्यारह है। यह यहाँ लगभग दोगुना मुश्किल है।,1
"धन्यवाद, डा. फिलिप्स, लेकिन मैं इस मेज पर, यहाँ बीच में, अपने भोजन कर रहा हूँ।",1
"ओह हाँ, मैं शायद उन्हें बुलाना चाहिए।",1
गहरी प्रभाव,1
नहीं वहाँ नहीं होगा! मैं वायदा करता हूँ कि मैं उस टर्की को पूरा करूँगा!,2
"ओह, मेरे भगवान. इन में से कितने आपके पास थे?",1
जब मैं छह साल का था।,1
"ठीक है, मैं ऐसा कर सकता हूँ! ओह, वैसे ही, मैं",2
जल्दी करो।,0
"आह, भागने के लिए कोई जगह नहीं!",2
"ओह, धन्यवाद. आप स्वागत हैं.",2
"ओह भगवान, आप एक नौकरी से बाहर हैं?",1
"Uh, तो... अच्छी जगह तुम यहाँ मिला है।",1
"खैर, मुझे डा. रोबर्ट पिलमन, कैरियर सलाहकार एक-गोगो देखने के लिए एक मुलाकात है. मैं ""एक-गोगो"" जोड़ा.",1
"ठीक है, ah umm, ah, एक 8.",1
"उत्कृष्ट छेद, जो।",1
"चिंता मत करो, मैं साहसी हूँ!",0
उस डाक आदमी को पता नहीं था कि हमारे बीच कुछ हो रहा था।,1
"तो, खरीदारी ने तुम्हें रोस के बारे में बेहतर महसूस किया?",1
"ओह, हे लोगों!",2
"ठीक है, आराम से, आराम से।",1
और तुम भी।,1
"सुनो, मुझे आपको बताना है, मैं-मुझे बहुत अच्छा समय है!",2
मेरे पास कुछ बुरे समाचार हैं।,0
मुझे लगता है कि यह तेजी से है।,1
ठीक है! आप वाष्प क्लीनर मिलता है और मैं फर्नीचर पॉलिश मिल जाएगा!,2
यह शानदार है!,2
"ओह रॉस, तुम बहुत महान हो। [उसने खेलते हुए उसके सिर हिलाता है और उठता है]",2
"अच्छा तो वह तलाक़ पाता है, यह रोस है!",1
"ठीक है, मैं नहीं जानता यहाँ नीचे बॉक्स में क्या है, लेकिन मैं जानता हूँ वहाँ छह या सात है",1
मुझे लगता है कि मैं कर चुका हूँ।,1
पता है मैं-मैं वास्तव में खुशी हूँ हम शादी से पहले एक साथ नहीं सोने का निर्णय किया है।,2
क्या वह कपों का उपयोग करता है? हाँ! मुझे विश्वास है कि वह करता है. क्या वह प्लेट का उपयोग करता है? हाँ! मुझे विश्वास है कि वह करता है.,1
"एक मिनट रुको, अपना हाथ खोलो; मुझे एक बार देखने दो।",1
"क्या कोई अन्य व्यक्ति ऐसा महसूस करता है कि वह केवल अपने शरीर से त्वचा को छिड़काना चाहता है, ताकि उसे कुछ और करना हो?",0
"हाँ, हां, हां, ठीक है, मैडिसन अवेने पर एक महान दुर्लभ पुस्तकालय है।",1
आ रहा है.,1
उनका स्वाद बहुत अच्छा है।,2
"ठीक है, मैं तुम्हें जोर से और स्पष्ट सुनता हूँ. बोब ठहरने के लिए रहेगा.",1
"ओह, मैं जानता हूँ...",2
यह patio फर्नीचर है!,1
"ठीक है, मैं सिर्फ, सोचा कि शायद आप कभी भी आपके पास सबसे अच्छी के साथ कुछ समय बुक करना चाहते हैं.",1
"ठीक है, मेरे पास एक सवाल है. अच्छी तरह से, वास्तव में, यह इतना सवाल नहीं है कि.. अधिक एक सामान्य सवाल है... मेंट.",1
"हू, हू, तुम कैसे जान सकते हो, मैं भी नहीं जानता!",1
"ठीक है, इस बारे में मैं क्या बात कर रहा हूँ, यह है. मैं एक भूमि में रहने की जरूरत है जहां लोग छिड़का सकते हैं.",1
बैंक में।,1
हे-हे.,1
हमारी लिंग।,2
"ओह नहीं नहीं नहीं नहीं, यह सिर्फ एक सप्ताह में एक रात है, और प्लस मैं तुम सब के लिए बाहर ले जाने के लिए मिलता है",1
"ओह, डेनियल! मैं मशीन की उम्मीद नहीं कर रहा था... जब आप एक अवसर मिलता है तो मुझे कॉल करें. बाई-बाई. ओह भगवान!",1
क्या? मेरा रंग नहीं है।,1
हाँ! यह हास्यास्पद है!,2
"खैर, मैं शायद किसी समय इसे करने के लिए जा रहा था।",1
पड़ोसियों के लिए छुट्टी के मेवे बनाना।,1
क्या! नहीं!,1
गोली मारें! हम सोडा से बाहर हैं।,0
"Uhh, अच्छी तरह से मैं एक ऑडिशन नीचे सड़क पर है और मैं मेरे कुर्ते के सामने सब पर sauce छोड़ दिया है. आप एक अतिरिक्त एक है?",1
हाँ! तो-तो तुम कब शादी कर रहे हो?,2
सबसे बड़ी बात। क्या मैंने सुना था-अल्लाह की मां यह सच है!,1
मैंने अभी अपने एक दोस्त को बुलाया था।,1
"और याद रखें, टीम में कोई ‘मैं’ नहीं है।",1
नहीं. आप?,1
तुम कौन हो?,1
"बेशक! ओह जोय, यह रिंग मैं... यह सुंदर है मैं इसे पसंद करता हूँ!",2
तुम गन्दे हो!,0
"क्या? सोफी, उसके पास दस मिनट हैं?",1
पागल कैसे है?,1
"आप जानते हैं, अगर वे इसे छोटा करने के लिए जा रहे हैं, वे इसे MUSE बुलाना चाहिए!",1
"ठीक है. प्यारा, मैं आप मेरे साथ जाने के लिए चाहता हूँ. क्या?",2
मैं घायल हूँ! आपके दोनों घरों पर एक महामारी है!,0
वे नर नर्स हैं।,1
"बरोडवे के बाहर के नाटक में लोग कहते थे, 'आप बहुत अच्छे थे लेकिन मूर्ख थे.'",1
यह अविश्वसनीय है! मैं विश्वास नहीं कर सकता कि चिह्न काम नहीं किया!,1
मैं इसे मिला!,2
सुसन!,2
"ओह और याद रखें, अब, मैं तीनों के साथ ले जा रहा था तो, तुम्हें पता है, चिकित्सा शर्तों में मैं था-मैं तीन बार randy के रूप में था।",1
मैं हूँ!,2
चलो एक नज़र... दूर की... आश्चर्य का प्रयास करें।,1
"मैं टैग नहीं जानता! अपने जननांग कैसे फोन कॉल कर सकते हैं? ठीक है? यह एक पूर्ण विश्व नहीं है! बस जाओ, कृपया।",0
"नहीं, उसने हमें उड़ा दिया!",0
"हाँ! ठीक है, यह एक मशरूम कैप है. हं, यह एक bologna से बनाया है।",2
अपने बेटे.,1
आपकी योजना का दूसरा हिस्सा क्या है?,1
"मैं जानता हूँ आप मेरे साथ एक ही कमरे में होने के लिए सहन नहीं कर सकते हैं, तो मैं सिर्फ सोचा कि मैं कोशिश और फोन पर क्षमा करें।",0
ओह मेरे भगवान स्टू! मैं-मैं तुम्हें ऐसा करने का विश्वास नहीं कर सकता है! अब आप पूरी तरह से निश्चित है कि वह एक hooker है?,0
"ओह, कृपया! प्यारा, सिर्फ इस तथ्य की बात है कि आप मुझे यहाँ आप को समर्थन करने के लिए चाहता है, मैं हूँ... ओह मेरा भगवान! कि क्रिश्चियन सैंडर्स है? वह इतना है",1
और मैं मज़ेदार अंट राहेल बनना पसंद करता था लेकिन अगर आप चाहते हैं तो मैं बदबूदार और असुविधायुक्त अंट राहेल बनकर वापस जाऊँगा!,0
"ओह, बस बाहर hanging, uh, वेबसाइटों के बारे में बात कर रहे हैं.",1
और बॉबी हमेशा यहीं रहेगा।,1
अच्छी तरह से तुम भी नहीं हैंग अप।,2
"यह सिर्फ है कि मैं uh, अब दस वर्षों से इस अर्थहीन, मरे हुए काम में काम कर रहा हूँ और यहाँ कोई भी मुझे अस्तित्व में है पता नहीं है!",0
"ठीक है, मेरे पास एक सवाल है।",1
वह तुम हो सकता है।,1
अरे! अच्छा है! मनुष्यीय और एक तरह से एक slut भी है.,2
यह इटली के आदमी है?,1
"""हॉ मैं रेशेल हूँ, मेरी स्वीटर बहुत कसी है? नहीं? ओह, मैं बेहतर है इसे धोने और इसे संकुचित!""",0
"ऐ, मुझे आज रात धोने के लिए दोष न दो!",0
मैं जानता हूँ लेकिन यह बहुत मुश्किल है! कुछ भी आपके मूर्ख नाम के साथ लय नहीं है!,0
"देखो, मैं समझता हूँ कि अगर आप मेरे पास मुझे टकराने के लिए आया है, मैं यह हकदार हूँ.",0
ओह! यह बहुत मधुर है!,2
गुड नाइट।,1
हमने आपके खाते में पांच सौ डॉलर जमा कर दिए हैं।,1
मैं जानता हूँ मैं भी तुम्हें खेद करता हूँ. मैं तुम्हें देखने के लिए इंतजार नहीं कर सकता. मैं तुम्हें प्यार करता हूँ. बाय.,2
"केवल रेस्तरां नहीं, हमारे घर से।",1
"चचेल्डर, कृपया मुझे लगता है कि मैं तुम पर दबाव डालने की कोशिश कर रहा था नहीं। Phoebe और रेशेल",0
मैं तुम्हें बता रहा हूँ यह Bambi चलना सीखने को देख रहा है की तरह है।,0
"हम है. शायद हम एक-दूसरे को कल रात डिनर पर देखेंगे, 8 बजे के आसपास कहते हैं?",1
आदमी के लिए बीजान? आदमी के लिए बीजान? आदमी के लिए बीजान?,1
हाय फीब्स!,2
वे तुम्हें जेल में डालते हैं?,1
हमारे सभी प्रेम मोनिका और चंडलर।,1
"मेरा भाई इस समय से गुजर रहा है, वह बहुत अव्यवस्था है. तुम कैसे इस के माध्यम से पहुँचा?",1
"हाँ, क्या यह एक अच्छा नाम नहीं है?",2
"एक फ़ैन नहीं है, ठीक है।",1
"ओह, यह अच्छा नहीं है? यह इतना शांत है, मैं यहाँ पूरे दिन बिछू सकता था।",2
"चार्ला, 278. क्षमा करें, प्यारा, लेकिन अभी भी अच्छा है.",1
"अच्छा, यह बहुत मजेदार रहा है।",1
यह ऐसा नहीं है जैसे हम एक ही चक्र में चला रहे हैं।,1
"अच्छी तरह से अगर मैं तुम के साथ सेक्स नहीं किया था, मैं किसी ऐसे व्यक्ति के साथ सेक्स किया था कि एक बहुत सी तरह लग रहा था",1
"embryossss? के रूप में, ""अधिक से एक?""",1
"यह बहुत अच्छा है. लेकिन uh, मैं वास्तव में अधिक कॉल की उम्मीद नहीं कर रहा हूँ.",1
"अब, वह 10 तक नहीं मिलता है, तो वह कोई समस्या नहीं है, लेकिन उसकी सहायक, बेटी, वह अपने डेस्क पर अपने नाश्ता खाने के लिए जल्दी आ जाता है।",1
तो यही एकमात्र कारण है कि वह यहाँ हो सकता है हू?,1
"ओह हाँ, सचमुच? यह रोस है? हाँ? ठीक है, अच्छी तरह से मुझे यह सिर्फ एक छोटा सा आसान करने के लिए आप के लिए।",0
हमने हर चीज़ बरबाद कर दी।,0
मुझे लगता है कि आपको कंकुंशन हो गया है.,0
"ओह-नहीं-नहीं-नहीं, तुम हो!",2
क्या हुआ? आप अभी भी मोनिका शादी निधि है आप नहीं?,1
गंध परिचित?,1
और क्या तुम्हें याद है कि मैं मेरे बटुआ में जा रहा था और फोन चोरी करता था?!,0
"चलो, ये हम हैं।",1
हमेशा.,0
"मॉन, अपने आप को देखो. आप अपने गर्दन पर कुकी है.",0
चश्मा में देखो क्यों नहीं?,0
Hey!,1
ऐसा लगता है जैसे मैं उर्सुला से कह रहा था जब मैं उससे प्यार कर रहा था और मैंने सोचा था कि वह आप थे-हाँ यह बहुत अजीब है।,0
क्या आप बच्चे के साथ यात्रा कर रहे हैं?,1
"तो मुझे लगता है कि मैं सिर्फ हॉल को पार कर बैठ जाऊँगा और मैं वहाँ पहली आदमी के साथ सो जाऊँगा!""",0
वे सच नहीं है?,0
तीन मिनट में।,1
क्या आप मेरी जन्म तिथि के आधार पर यह पता नहीं कर सकते?,0
"वह आश्चर्यजनक है! वह उन महिलाओं को बनाती है कि मैं के बारे में स्वप्न देख रहा हूँ छोटा, मोटा, केशहीन पुरुषों की तरह दिखता है!",2
"अरे, मैंने सोचा था कि मैंने तुम्हें खुश किया है।",1
"क्योंकि जब भी मैं आपके चेहरे को देखता हूँ, मैं फरियाद से गिरने के लिए मदद नहीं कर सकता. मैं जानता हूँ.....",2
एचएम-एमएम,1
"अच्छा, अगर आप चाहते हैं तो आप रचेल का अनुभव कर सकते हैं और फिर तुलना करने के लिए मेरा अनुभव कर सकते हैं.",1
हार्मोन,1
Phoebe?,1
"ठीक है, चलो इसे करते हैं।",0
तुम नहीं समझते कि वे मुझे निर्णय देंगे और हँसी उड़ा देंगे?,0
"ठीक है. यहाँ चला जाता है. कुछ समय के लिए अब, मैं करना चाहता हूँ, हं...",1
"नहीं, मैं इसे बाहर नहीं मिल सकता।",0
आप कर सकते हैं।,1
लेकिन मैंने इसे बचा लिया। मैंने अपने टोकरी पर रख दिया।,0
यहाँ तुम जाओ!,1
"मैं जानता हूँ! हाथ मत बदलें, ठीक है?",0
"हं, वास्तव में मैं आपको बताने के लिए था कि मैं था, मैं उससे बाहर निकलने के लिए जा रहा था, लेकिन hey, अगर हम सिर्फ चारों ओर जा रहे हैं तो uh, शायद मैं",1
"रोस, मैं एक मिनट के लिए आप से बात कर सकता हूँ?",1
"hey, Phoebe, देखो, मैं, uh, मैं राज्य भौगोलिक रूप से निर्धारित किया...",1
वह बहुत मोहक है।,1
"लेकिन जहां तक सुरक्षा बढ़ने की बात है, मुझे भय है कि पुस्तकालय में बहुत कम कर्मचारी हैं।",1
हाँ! हू!,2
"हाँ, यह वहाँ है।",1
"ठीक है, हाँ, यह एक असामान्य घर है कि तरह है।",1
अमरी-कान,1
इस तरह।,1
"हाँ, वे इतना बुरा नहीं हैं।",1
"Phoebe, तुम रायल को परेशान करने के लिए Joey ड्रम मिला है, तो वह अब वहाँ रहने के लिए नहीं चाहता?",1
"क्या आप चाहते हैं, क्या आप कॉफी ले सकते हैं?",1
"आप निष्ठावान हैं, आप सच्चे हैं, और आप निष्ठावान हैं!",2
ओह हाँ.,2
"तो, Phoebs $7.50 ऋणी है, मोनिका, आप $10 ऋणी है, और रचेल, आप पंद्रह बड़े ऋणी हैं.",1
क्या आप नहीं चाहते थे कि लोग यह जान लें?,2
"नहीं, हम करेंगे-हम इसे वापस लाएँगे! बस इसे अपने वस्त्र के नीचे रखें.",1
मैं अभी जा रहा था।,1
ओह. ओह नहीं इंतजार.,1
"मोनिका इस बात का सामना करता है, चंडलर विवाह के खिलाफ है. और-और हमेशा हो जाएगा!",1
ओह भगवान्।,1
"ठीक है. तो मुझे लगता है कि यह बस है, यहाँ तो प्रतीक्षा है. मैं येमन के लिए एक झूठा टिकट की जरूरत है.",1
"हू, हू, हू, इंतजार, हू.",1
भाषण! भाषण! हम जन्मदिन की लड़की से सुनते हैं! हू?,2
"अच्छी तरह से, यह इसलिए है कि मैं आप पर भरोसा करता हूँ, आप मेरे सबसे अच्छे मित्रों में से एक हैं, और तुम मेरे पास चला गया जब मैं रिंग पुस्तिकाओं को देख रहा था.",0
"हाँ! जा रहा है, आदमी! अभी भी अंडे मिल गया है, हू?",2
रोस.,1
"ठीक है, यह एक लड़की सुनना चाहता है कुछ नहीं है।",0
"कृपया? कृपया?! हम सिर्फ सभी को बताने के साथ काम नहीं करना चाहते, ठीक है? बस आप नहीं बताने का वचन देते हैं.",0
"देखो, यहाँ तुम जाओ, साफ करने के काम!",2
ग gravy है?,1
"हाँ, लेकिन मुझे लगता था कि यह इसलिए था कि मैं पूरी बात अपने हाथ पर रख दिया था और यह टेबल के पार चलने के लिए किया।",1
"अरे माँ, यह जिल है।",1
अरे भगवान! आप इस बारे में बहुत सोच रहे हैं।,1
"अब देखो, आप डेटी के साथ एक डेट करने के लिए जा रहे हैं और आप इतनी मोहक होने के लिए जा रहे हैं कि वह उस मूर्ख सबवे लड़की के बारे में सब भूलने के लिए जा रहा है जा रहे हैं।",1
हाय! Phoebe.,2
मुझे लगता है कि यह संख्या सही नहीं है!,0
"फायर एलार्म? ओह! अरे, अधिकारी-फ़ायरमैन, मैं आप की मदद कर सकता हूँ?",1
हमने सेक्स नहीं किया था।,1
यहीं।,1
"तो ओह, तुम कैसे कर रहे हो?",1
"Hey, Joe.",1
मुझे लगता है कि मैं तुम्हें प्यार करता हूँ।,2
"बस uh, सिर्फ सीधा खड़ा हो.",0
"आपका कमराmate का नाम क्या है जो बहुत, बहुत खेद करता है और कुछ भी कर सकता है",1
मुझे लगता है कि मैं तुम्हें याद कर सकता था!,1
धन्यवाद।,2
"और uh, और वहाँ डेविड, मैंने सुना है कि वह एक कप नहीं पहनता है।",1
सिर्फ आपको मेरा रन-of-the-mill-slice-it-right-off तीसरा निप्पल दिखा रहा है।,1
"तो प्यारे, आज सुबह बहुत मजेदार था, हं? मैं वहाँ धोने में तुम पर आरोहण कर रहा हूँ.",2
तुम्हें क्या पता है? यह कोई बात नहीं है! क्योंकि यह सच नहीं है!,0
"उस के बारे में सुनो, पूरी uh, जो उस चीज़ के लिए आया वास्तव में कोई बात नहीं है.",1
"मैं बहुत, बहुत, बहुत, बहुत बख्शता हूँ!",0
ठीक है उस लड़की का फोन नंबर।,1
"ओह, मैं यह नहीं देखना चाहता!",0
"ओह, वह चाहता है।",1
"और अब फीब्स, आप एक ही बात कर रहे हैं!",0
वह चोरी है!,0
"आप क्या करना चाहिए पता है, सिर्फ 'उन्हें शीडर में डाल दिया और दावा तुम कभी 'उन्हें नहीं मिला.",1
"अच्छी तरह से, मैं मतलब है कि अपने दादाओं के मित्रों के बारे में क्या है? क्या वे रेसिपि नहीं है?",1
"अरे, राच! मैंने कमरे के इस किनारे पर आपके सामान का एक ढेर बनाया. अगर आप सिर्फ...... अपने बटुआओं को उस पर फेंक सकते हैं.",0
"जब हम 40 साल हो जाएँ, यदि हममें से कोई भी विवाहित नहीं है, तो आप क्या कहते हैं कि आप और मैं एक साथ मिलते हैं और एक हो?",1
"देखो? अब, यही कारण है कि सिर्फ छोटे बनावटी पुरुष सभी किकिंग करने के लिए किया जाना चाहिए।",0
"ठीक है, ठीक है, देखो, मैं जानता हूँ कि मैं आज श्री अनुपयुक्त हो रहा हूँ, लेकिन यह सिर्फ इतना कठिन है, मेरा मतलब है कि आप चारों ओर चल रहे हैं और मैं अभी आप को छूना और आप को पकड़ना चाहता हूँ, आओ कोई भी पास नहीं है, बस, बस मुझे चुंबन.",2
"रॉस, मुझे लगता है कि तुम गलत समझ रहे थे जो मैं कह रहा था. मैं सिर्फ तुम्हें बताना चाहता था कि मैं फ्लोरिडा में कुछ सप्ताह के लिए जा रहा हूँ.",1
"ओह, चलो! मैं तुम्हें दस निःशुल्क दे दूँगा",0
"हाँ, आओ.",1
अच्छा!,2
"या, एम्बुलेंस को बुलाएं।",0
"अगर आप इस साइकिल को चलाने के लिए कैसे सीखने के लिए नहीं जा रहे हैं तो मुझे क्षमा है, मैं बस इसे वापस लेने के लिए करने के लिए जा रहा हूँ।",0
"ओह भगवान, मुझे क्षमा है!",2
"अब, मैं सिर्फ उन लोगों के साथ अपने धोने का अवसर पाता हूँ जिन्हें मैं सचमुच प्यार करता हूँ!",2
ठीक है!,0
वह कपड़ों की जाँच कर रही है।,1
एलेक्स ट्रेबेक?,1
"ओह, हाँ. अगर आप हाँ, अपने  hamper ले जाएँ, आप देख सकते हैं कि क्या रंग टाइल पहले हो गया था. हाँ.",0
"आह, बहुत ही स्पष्ट हो गया था क्योंकि यह आपकी दुकान में एकमात्र चीज थी।",1
"यह ठीक है, अब हम सिर्फ उसके Baby Girl ग्रीन कहेंगे।",1
यह बहुत मुश्किल है!,0
Armadillo वास्तव में ऐसा नहीं था,1
हो गया है।,0
"Sweety, अब, वह एक महिला है, एक gumball मशीन नहीं है.",1
"लेकिन नहीं, क्योंकि एक डॉक्टर उसे मदद करने के लिए सक्षम नहीं होगा, यह बस 7 साल की तरह अपने सिस्टम के माध्यम से प्राकृतिक रूप से पार करने के लिए जा रहा है पता है।",1
"वह, वह ऐसा नहीं करेगा, वह मेरे साथ है, वह मेरे साथ है।",0
"मैं जानता हूँ, वह बहुत मोहक है, लेकिन अगर आप दो बाहर जाना शुरू कर दिया है, तो यह सिर्फ यह करने के लिए मेरे लिए बहुत मुश्किल कर देगा कि उसे घृणा करने के लिए.",0
मैं इतना निश्चित था कि काम करने जा रहा था!,0
"ठीक है, अच्छी तरह से, हम उस के बारे में वास्तव में बुरा महसूस किया तो हमने निर्णय लिया कि हम सब एक छोटी-सी यात्रा करने के लिए एक साथ करें!",2
"नहीं, लेकिन चिंता मत करो, मुझे विश्वास है कि वे अभी भी वहाँ हैं।",1
"यम मैम, आप एक मिनट है? मुझे कुछ बुरा समाचार है. मुझे नहीं लगता कि मैं Tulsa में ले जा सकता है.",0
"कृपया इसे जोड़ें, यह कानून के विपरीत है उन्हें अलग करने के लिए.",1
यहाँ चेल्सी में।,1
तो? चलो! अपने आप को व्याख्या करें Geller! पहले आप मेरी राहेल गर्भवती हो जाओ!,0
"आओ आदमी, तुम मेरे भागीदार के साथ नृत्य कर सकते हैं, वह वास्तविक है, आह, मृदु!",0
"मैं आप लोगों के साथ बाहर लगता है, और वेगास में एक ड्रग शो में स्टार है।",0
ओह नहीं-नहीं-नहीं! ठहरें! ठहरें! क्योंकि आप-आप-आप-आप-आप ठहरें!,0
"मैं जानता हूँ, मैं जानता हूँ मैं वास्तव में तुम्हें भी पसंद करता हूँ. लेकिन हम नहीं मिल सकता है. यह नियमों के खिलाफ है. यह मना है.",1
ओह।,2
मैं स्कॉट हूँ।,1
"मैं जानता हूँ कि क्या समय है, लेकिन मैं WENUS को देख रहा हूँ और मैं खुश नहीं हूँ!...",0
"ठीक है, ठीक है, मेरे पास सिर्फ एक विचार है! यह गर्म nanny के बारे में है, मैं उसे देखना है!",2
"अच्छा, यह एक बहुत बड़ी प्रतिबद्धता है, मेरा मतलब है, अगर हम में से कोई बाहर जाना चाहता है तो क्या होगा?",1
क्या यह बात है? यह बात है कि आप इतना सुंदर लग रहे हैं।,0
मैं व्यापारियों में जा रहा हूँ।,1
"हाँ, और मैं एक pushover होने के साथ ठीक हूँ।",1
"जोए, तुम बेन की तरह कुछ भी नहीं लगते.",1
रॉस! मुझे लगता है कि वह मेरे पास वापस आने के लिए आप के साथ कुछ होने के लिए प्रयास कर रहा है!,0
"हाँ! और भी, एक फ्रांसीसी आदमी की तरह. मैं पहले कभी ध्यान नहीं दिया था.",1
वह ऐसा कैसे करता है?,1
तुम्हारे पास सिर्फ रोस का बच्चा था!,0
तुम कैसे हो?,1
आप यह कर रहे हैं।,1
"निश्चित रूप से! Phoebe, आप एक ही खेल शो होस्ट नहीं पाएंगे, जो मक्का मैं चिपका नहीं सकता है।",2
... जैसे एक...,1
"अच्छी तरह से, आप दूषित कमर के बारे में सोचना चाहते हैं.",0
कारोल छठी कक्षा में पढ़ाता है।,1
आप क्या कहते हैं? आप क्या कहते हैं?,1
वह मुझे घृणा कर रही है।,0
"ठीक है, महान!",2
"हाँ, मुझे पता है.",1
"ठीक है, ठीक है, हम विंडो की ओर बढ़ रहे हैं needle थ्रेड।",1
देखो? देखो? यह इसलिए था कि तुम चरबी के रूप में व्यर्थ दिख रहे थे!,0
"ओह, अच्छा, आप सुन रहे हैं! ठीक है।",2
अल्लाह!,2
"सचमुच? ठीक है, तो आप मुझे क्यों नहीं बताओ Ross जूनियर साल में क्या हुआ",1
आपका स्वागत है।,1
वह भी सो गया!,0
कागज काटें!,0
"सचमुच? ठीक है, यह सब के घर की तरह है. यह कमरों, दीवारों, और छतों है.",1
"सुनो, तुम्हें देखना बहुत अच्छा था. मुझे स्टेज के पीछे दौड़ना है.",2
"ओह, उसने उसे अपने घर वापस लाया।",1
"हाँ, यह मुश्किल है ठीक है, मैं सिर्फ दो जगहें बचा है।",1
"हाँ, मैं तुम्हें कुछ करने में मदद कर सकता हूँ?",1
"अब, Phoebs.",1
वह आप से फिर बात करना चाहता है।,1
हं... रोस?,1
क्यों नहीं? मैं यह अकेले नहीं करना चाहता! और वह एक ऐसा मधुर आदमी है और वह मुझे बहुत प्यार करता है।,0
नहीं-नहीं-नहीं-नहीं! आप नहीं कर सकते!,0
आप मुझे मजाक कर रहे हैं! Joey. Joey! Joey! Joey! Joey! Joey! Joey! Joey!,0
"वह मुझसे बच रही है, वह मुझे बताना नहीं चाहती कि मेरा पिता कहाँ है.",0
"मैं जानता हूँ, यह अद्भुत था! मेरा मतलब है, हम पूरी तरह से nailed यह था, यह सुंदर था।",2
तुमने मुझे बचा लिया है!,2
"नहीं, मेरा मतलब है यह ठीक है, मेरा मतलब है, वे-वे मेरे दोस्त हैं।",1
"ठीक है, मैं सिर्फ देखना चाहता था कि आप कहाँ रहते हैं. अब, मुझे दौरे दें.",1
"हाँ, उसे बर्खास्त किया गया है।",1
हम बुरे लोग हैं।,0
"ओह, नहीं, नहीं, मेरे पास कोई नहीं है. मुझे सिर्फ अपने दोस्त से बात करने की जरूरत है.",1
"ठीक है, यह मुझे नहीं मदद करता है, क्योंकि हम एक ही हाई स्कूल में गया था।",1
मुझे लगता है कि आपके पास ज्यादा विकल्प नहीं है।,1
हाँ? सचमुच? कोई घर नहीं है?,1
"ठीक है, दस सेंटीमीटर, यहाँ हम जा रहे हैं।",1
हाँ! तुम उसे टेप करने से पहले एक लड़की को बताना है. एक नया गलती.,0
ओह cool!,2
अरे! तुम एक अच्छा नाचने वाला हो!,1
ठीक है.,1
वे मेरी मिठाई पसंद करते हैं? अरे आदमी!!! मैं जा रहा हूँ अधिक बनाने के लिए है!!,2
यह मेरी शादी है।,1
क्या आप महिलाओं के बारे में कुछ जानते हैं?,1
"हेल्दी नामक एक महिला ने फोन किया और कहा कि हम शादी कर रहे हैं, लेकिन यह हर दिन होता है।",1
कुछ भी नहीं! यह समाप्त है! धिक्कार! यह नियमित कार्यक्रम है!,0
"तो, पक्षियों के बारे में भूल जाओ, लेकिन बड़े लाल कीट अच्छे भोजन का सुझाव देते हैं!",0
ओह मेरी।,1
"बच्चे सो रहे हैं, मुझे विश्वास है कि आप कुछ समय तक अपने आप पर ठीक होंगे!",1
"ठीक है, निश्चित... बस एक सेकंड, हालांकि, क्योंकि पाओलो अपने रास्ते पर है.",1
"ओह, हाँ! तुमने उसे कैसे देखा?",1
"तुम्हें पता है, Joey, मुझे लगता है कि यह बैग छोड़ने के लिए समय है।",0
"ठीक है, महान।",2
"उफ, मोनिका, मैं आप और चंडलर के बारे में जानता हूँ.",0
"अरे, uh, मैं आज कैफेटरी में क्या हुआ के बारे में सचमुच, सचमुच खेद हूँ.",0
यह मेरे काम था? वे पागल थे? यह जैक था? क्या वह चिल्लाया था?!,0
"लेकिन अगर आप इस नए भ्रमित शब्दकोश है कि आप मेरे लिए बनाया जाता है, तो हम, तुम्हें पता है, मेरे मूल शब्दकोश ले जाना है।",1
उसे एक मछली बाजार मिला!,2
शायद. क्या यह तुम्हें डराता है?,1
"तब मुझे यह महसूस हुआ कि मेरी सफलता का कुंजी है, ‘मुंची’। <s> इसलिए मैंने मध्य रात के आसपास न्यूयॉर्क विश्वविद्यालय के छात्रावासों पर प्रहार करना शुरू कर दिया।",2
या एक चाचा...,1
मुझे भी नहीं है। मैं सिर्फ तुम्हारी ओर देख सकता हूँ।,2
धन्यवाद रॉस।,2
"लेकिन यह $2,000 है।",1
मुझे मज़ाक पसंद है।,2
"ओह, यह मेरे लिए एक बहुत महत्वपूर्ण अनुभव था, और मैं इसे आप के साथ साझा करना चाहता था।",2
कुछ भी नहीं।,0
नहीं!,1
"ठीक है यह है, स्कूल सत्र में है!",1
"मैंने आपको कॉफी शॉप से फोन करने की कोशिश की, लेकिन कोई जवाब नहीं मिला।",1
तो मैं आप से यह नीचे रखने के लिए पूछने के लिए जा रहा हूँ.,1
आप दोनों के बहुत बाली वाले बच्चे होंगे।,0
यह कैसे हुआ?,1
यह यहाँ है।,1
"ठीक है, मैं सिर्फ सोचा था कि यह मेरे दोस्त के लिए कुछ अच्छा करने के लिए मुझे अच्छा लगता है।",1
"नहीं, लेकिन मोनिका मंत्री के लिए होनी ने बुलाया, यह जानने के लिए कि क्या हम अभी भी एक साथ थे।",0
हमें ऐसा मत पुकारो!,0
"ओह, मैं तुम्हें नहीं कह सकता कि यह कितना अच्छा था कि भीड़ को देखो और अपने चेहरे को देखो!",2
"खैर, मुझे hookin 'में राच के लिए बहुत धन्यवाद. मैं आप जानना चाहता हूँ कि मैं आप मेरे अतिथि के रूप में हमारी शादी में भाग लेना चाहता हूँ.",2
"और भी, हं, अगले बार आप मुझे देखते हैं, मैं चिल्ला रहा हूँ, चिंता मत करो, कि क्या होना चाहिए है।",1
"तुम जानते हो-मैं ध्यान नहीं दे सका और मैं हर बार जब वह मेरी ओर देखता था, रंजित हो जाता था।",1
अब हम खाने जा सकते हैं।,1
तो मैं तब उड़ने जा रहा हूँ!,1
8 बजे Neil Simon द्वारा आरक्षण में। धन्यवाद-नाईल। शब्दों के लिए धन्यवाद।,1
"क्योंकि सब मैं अब करने के लिए कभी मिलता है गर्भवती बातें है, यह सिर्फ मुझे बाहर धकेलता है।",0
"ओह, यह ठीक है. वैसे ही, मैं सिर्फ देख रहा था शून्यマッサージर.",1
"अरे, मुझे नहीं देखो. यह रोस की बात है.",1
तुमने उसे पकाया?,1
खुशी के विचार! खुशी के विचार!,0
"महान! ठीक है, यहाँ।",2
"हाँ, मैं भी।",0
तुम सही हो।,1
हम अभी ही इस शानदार Thanksgiving dinner को पूरा कर चुके हैं।,1
लेकिन मैं नहीं कर सका।,1
ओह सचमुच!,1
चंडलर तुम्हारे लिए भी रहेगा।,1
चलो उन्हें फिर से सुखाएँ।,1
मैंने कभी उसे खाना नहीं दिया।,1
"नहीं, वे-वे सभी सच हैं।",1
मैं नहीं जानता!,0
"मैं मोना को जानता हूँ, मुझे सुनो।",1
"देखो, मैं ऐसा नहीं लगता है Pheebs. ठीक है, मैं यह करूँगा. लेकिन सिर्फ इसलिए कि आप एक दोस्त हैं.",1
क्या आप उत्साहित हैं?,2
"හේ रॉस, क्या यह अच्छा नहीं होगा यदि हम बिना इसे छोड़े दो घंटे सीधे जा सकते हैं?",2
"तो, हं, आप एक जीवन के लिए क्या करते हैं?",1
तुम्हारे एसेन्ट के लिए क्या हो रहा है?,1
"ठीक है, यह शायद इसीलिए बच्चों ने मुझे स्कूल में चुना है, और क्यों मैं कभी भी महिलाओं के साथ अच्छा नहीं कर सकता है... तो, 4 बजे से कल के रूप में, मैं या तो Mark Johnson या John Markson होने जा रहा हूँ.",1
"और-और सच्चे होने के लिए, मैं अभी भी आपके लिए भावनाएँ है.",2
5 घंटे पहले आप अगले कॉलर थे. आप पागल हो जा रहे हैं.,2
"नहीं, हे, अच्छी तरह से, मैं पूरी तरह से समझता हूँ. तुम थे, तुम तनाव में थे.",1
": हाँ, आप उसके साथ बहुत अच्छा नृत्य कर सकते हैं, वह मेरे समान आकार है।",1
क्यों? सचमुच मैंने एक शब्द भी नहीं समझा था कि तुमने कहा था.,1
मैं वापस जाना है,1
मैं लगभग सौ सोच रहा था।,1
"नहीं, एक आदमी कहेगा, ""मैं किसी और के साथ कभी सोने के लिए नहीं जा रहा हूँ.""",0
"अच्छा, मुझे अब जाना है।",1
वे उनके कार्यालय में थे।,1
क्या तुम उसे प्यार करते हो?,1
"नहीं, मैं जानता हूँ, लेकिन मैं-वह बस चला गया।",1
यह कैसे चल रहा है?,1
"आज बैंक में आप में अच्छी दौड़ती है, तो आह, यहाँ मेरा नंबर है, 555-9323. मुझे एक कॉल. बाद में.",1
"कुछ और भी भूल गया, पागल!",2
क्या आप मुझे यह बता सकते हैं जब आप मुझे कुछ बर्फ चहा ले रहे हैं?,0
"उम्, कॉफी के लिए जाने के लिए, कृपया।",1
मैं सिर्फ यह कह रहा हूँ कि केवल एक पुरूष अपने पुरूषता के साथ पूरी तरह सुरक्षित हो सकता है औरतों के कमर में घूम सकता है!,1
ओह!,1
"आप जानते हैं कि आप शायद यह नहीं जानते थे, लेकिन हाई स्कूल में, मैं एक, एम, तुम पर एक बड़ा crush था.",0
"क्या, तुम वास्तव में सोचा था कि यह मुझे बेहतर महसूस करता है मुझे चीजें कि मैं एक और दो महीनों के लिए उपयोग नहीं कर सकता मुझे देने के लिए!",0
यह मेरे लिए मूर्ख नहीं लगता।,1
क्या यही कारण है कि आप एक चाकर बन गए? तो लोग आप को पसंद करेंगे?,1
"हं, जो एक लड़की है, यह जोसेफिन के लिए छोटा है.",1
ओह।,1
आप जीते हैं।,0
"ठीक देखो, मैं इसे 50 डॉलर में बदल रहा हूँ, या आपका सबसे अच्छा प्रस्ताव।",1
यह ठीक हो जाएगा।,1
कोई समस्या नहीं। मैं आपके अपने मित्रों से मिलने की प्रतीक्षा नहीं कर सकता।,2
"अरे! ओह, आपका पहला दिन रेस्तरां में काम करते हुए कैसा था?",2
Noooo!!,1
तुम्हें एमीली के बारे में कल्पनाएं थीं?,0
"Phoebe, oh my God! Wh-wh-what are you doing here?",1
आप एक क्लिनिक में जा रहे हैं!,0
"मेरा मतलब है, यह था जैसे, यह था जैसे उसने हमें एक टीम में बना दिया था.",2
"हाँ, मैं सोच रहा हूँ, अगर हम दोनों के बीच अपने सिरों को एक साथ रख दें, हम उन्हें तोड़ सकते हैं.",1
"या, अन्यथा आप यह दिखा रहे हैं कि आप किसी को देख रहे हैं, जो सिर्फ तुम को इतना निराशाजनक करता है कि मैं यहाँ अनाज की सीढ़ी में रोना शुरू कर सकता है।",0
"ओह, हाँ. सबसे पहले, चुरो आदमी की पीछा करने के लिए दौड़ना नहीं है.",0
"अरे, आदमी. क्या हो गया है?",1
"तो, आप जाने के लिए तैयार हैं?",1
"मैं जानता हूँ कि आप वास्तव में मुझे बच्चे को Joey नाम देना चाहता था, लेकिन है, तो, मैं हूँ, मैं हूँ, मैं हूँ, मैं हूँ बच्चे को Chandler नाम देने के लिए जा रहा हूँ।",1
क्या हो गया है?,1
"ठीक है, आप पक्षियों को पाने के लिए चाहते हैं, पक्षियों को पाने के लिए!",0
"हे सभी, फीब्स यहाँ है!",2
हमने किसी को नहीं बताया क्योंकि हम उससे कोई बड़ा सौदा नहीं करना चाहते थे।,1
क्या?,0
बजाया जा सकता था,1
"क्या? एक्स उच्च है! जैक, रानी, राजा, एक्स!",1
कौन सी स्त्री?,0
"अरे! ऊंचे आदमी! अरे, सुनो, मैं तुम से उस लड़की के बारे में बात करना चाहता था कि आप के साथ नाच रहे हैं.",1
इसके लिए क्या था?,1
आप एक बुढ़ापे की बुराई है।,0
"नहीं, मैं थक गया!",1
"ओह, Phoebe यहाँ है! ठीक है, चलो सभी प्रकाश बाहर कर दें और हम बस फिल्म देखेंगे!",2
"आह, चलो! पता है क्या- पता है क्या, मैं बस घर जा रहा हूँ और Kathy फोन करने के लिए जा रहा हूँ लगता है।",1
मैं प्रथम विश्वयुद्ध के एक महाकाव्य में एक kangaroo को देखकर आश्चर्य हुआ।,1
"ठीक है, यह पता चला कि वह अविश्वसनीय संवेदनशील है, वह एक पत्रिका रखता है और वह चित्र बनाता है।",1
"Okayyyyy, खोलें!",2
ये भारत में स्वादिष्ट चीजें हैं।,1
मैं नहीं जानता.,1
"हं, आप जानते हैं कि वे आप बहुत चाहते हैं, तो जब आप लोग वहाँ जाओ, वास्तव में पकड़.",2
"हाँ, यह मेरे चाचा लेनी को बताओ।",1
"अरे. ओह, तुम्हें देखो, dressy-dress.",1
तुम पर काम करता है।,1
वह छोटी वस्तुओं को संभालने में कैसे है?,1
हाँ??,1
क्या-क्या-क्या-क्या यह है?,2
"मैं क्या पहनना चाहिए, अब मैं सभी चिंतित हूँ।",0
हम सो गए! यह सब है।,1
"और फिर Ross का नया girlfriend, Bonnie, प्रकट होता है और रेशेल उसे अपने सिर को बचाने के लिए आश्वस्त करता है।",1
"यह एक परीक्षा थी. अच्छी प्रतिक्रिया. ठीक है, पूरा नाम.",1
"हाँ, ठीक है, स्कॉट!",1
"मज़ेदार? मज़ेदार कहाँ था? मुझे विशेष रूप से बताओ, कौन सा भाग मज़ेदार था? मेरा पिक कहाँ है?",0
"तो, क्या यह किसी अन्य रंग में आता है या",1
थोड़ा बड़ा।,1
"यह सिर्फ तुम और रचेल है, सिर्फ आप दो? यह एक डेट है. आप एक डेट पर जा रहे हैं.",2
मेरे कर्तव्य? ठीक है.,1
"ठीक है, ठीक है, ठीक है, हं... तो आप कृपया, हं... सिर्फ मुझे के लिए एक संदेश दें? कृपया? यह है",1
"ओह, मैं डेटिंग छोड़ता हूँ।",0
आप इसे वहाँ चाहते हैं? आप इसे वहाँ ले जाओ बच्चे!,2
"ओह, हम विक्टोरिया के दरवाज़े की एक संग्रह और कपर्ट-हेविट संग्रहालय को देखने गए।",1
तो क्या तुम उसे बताओगे?,1
"हं, लेकिन यह ठीक है, हम एक समझ है देखते हैं, हं, देखते हैं कि हम प्रत्येक पांच प्रसिद्ध लोगों की इस सूची है, तो मैं आप के साथ सोने के लिए अनुमति है।",1
हाँ! और तब तक आप मेरे लिए गाना करने जा रहे हैं क्योंकि रेडियो टूट गया है और आप स्वार्थी हैं लेकिन एक अच्छा आवाज है.,0
तुम समझते हो कि तुम मुझे इतनी अच्छी तरह जानते हो।,0
"अच्छा, अच्छा, मैं अब एक वकील हूँ।",1
"मैं जानता हूँ! चिप? अरे! यह मोनिका है. 'काई. 'काई. ठीक है. ठीक है, विदा. ओह मेरे भगवान, हम अभी था",2
और मैंने उसे कुछ भी नहीं सिखाया है जो एक सामान्य 6 साल के बच्चे को पता नहीं है।,1
कोई बुकेट का सम्मान नहीं करता!,0
"... धिक्कार, लड़की को नियुक्त करें! ठीक है, सभी तैयार हैं?",0
"नहीं-नहीं-नहीं-नहीं, वह नहीं है! नहीं! क्यों आप खेल को नष्ट करने की कोशिश कर रहे हैं? चलो!",0
हाँ!,2
"रोस, मैं वास्तव में नहीं सोचता",1
गॉड-बाई।,1
"ठीक है, उपकरण को वापस लें, उपकरण को वापस लें।",1
हाय बॉब.,1
"ओह, मोन, निश्चित है।",1
"मैं जानता हूँ, मैं अंगुली उठाने में मदद की।",1
तो... हम खाने जा रहे हैं.,1
मैं उसे इतना पसंद करता हूँ कि मुझे लगता है कि मैं आज 10 पेय पी चुके हैं और मैं सिर्फ 6 पी चुके हैं।,2
कितना अशिष्ट।,0
मेरे पास खेल के कमरे की जरूरत नहीं है।,1
"नहीं, उन्हें सीधा न देखो!",0
उसका Sweet 'n' Los.,2
मुझे लगता है कि मैं उस लड़की को जानता हूँ।,1
"अगर आप जोय को एक क्रिसमस उपहार देना चाहते हैं जो पूरे भवन को विचलित करता है, तो क्यों उसे कुछ और अधिक सूक्ष्म नहीं मिलता, जैसे एक विक्रांत गेंद, या एक छोटी-सी जंसी की एक चीली को हॉलवे में जारी करने के लिए?",1
नहीं आप नहीं कर सकते।,2
"और, एक भूरी!",2
"हं, ठीक है, हाँ, निश्चित है. लेकिन क्या मोनिका और चंडलर के साथ गलत है?",1
हं-हम्.,1
"नहीं, उसने throw up के दक्षिण में एक छोटा-सा शहर की यात्रा की. तो Phoebe का रहस्य क्या था?",1
"चलो, चलो, हम-हम-हम मेणबत्ती जला रहे हैं!",2
"अगर आप यह एक मिलता है, हम सब यहाँ एक स्टीक डिनर खरीदें!",2
तुम इस्पात हो!,2
चलो आदमी! तुम पूरे दिन यहाँ रहे हैं!,0
"ठीक है, आपको अपने बारी को इंतजार करना होगा।",1
"नहीं. नहीं, मैं नहीं हूँ. तुम एक प्यारा हो सकता है और जाओ उसे बता सकते हैं?",0
"यह रोस है, ठीक है?",1
"हाय, जूली!",2
तो आप जानते हैं?,2
... क्या मैंने पूछा था?,1
"यह कहना तुम्हारे लिए आसान है, तुम लगभग केवल मार डाला गया नहीं था।",0
"ओह भगवान्, ओह भगवान्! गरीब मोनिका!",1
नौका आदमी।,1
तुमने एक औरत को चुंबित किया!,0
"Hey Joey, मैं तुम्हारे लिए कुछ बियर मिला है.",1
"हाँ, लेकिन वह मुझे बहुत रक्षा करता है तो आप बेहतर है अपने आप को देखना।",1
पिताजी!,1
नहीं! नहीं! नहीं! नहीं! नहीं! नहीं! नहीं! नहीं!,0
Hey guys!,2
"नहीं, नहीं, आप सही हैं, यह एक हास्यास्पद नाम है!",0
"तो तुम नहीं चुने, मुझे पहले रोस.",0
"यह बात है, जानिस।",1
तो हम अंततः पर्वत के शीर्ष पर पहुंचे और एयरहेड यहाँ कैमरा भूल जाता है!,0
और पिछले साल है कि क्यों तुम हमें उस मध्यकालीन समय रेस्तरां में भेजा था?,0
"ओह, ओह. मुझे क्षमा है. आप जेटवे पर अनुमति नहीं है जब तक कि आप एक बोर्डिंग पास नहीं है.",1
प्रतीक्षा करो! प्रतीक्षा करो! शायद वह एक hooker है,1
"हाँ, अच्छी तरह से, क्या वह परेशान लग रहा है? क्या वह ऐसा लगता है कि उसे बस कुछ shove करने के लिए कहा गया था?",1
यह मैं हूँ! चलो!,2
"और फिर, और फिर आपने उस बात के बारे में कहा, 21वीं शताब्दी में मेसोजोइक युग लाने के बारे में।",1
"हाँ, यह ""यह हवा के साथ कुछ करने के लिए है"" के रूप में एक ही है।",0
"नहीं, नहीं, नहीं, नहीं!",0
"हाँ, मुझे खेद है आदमी. आप देखना जाना चाहते हैं?",1
"ओह, मैं सिर्फ कहना चाहता था, ""है!""",2
तो क्या तुमने ऐसा किया?,1
"हं, वास्तव में पाँच.",1
जानना कि कब रुकना है।,1
"ओह, मैं दुनिया के लिए इसे छोड़ नहीं सकता था।",2
कुंजियाँ मिल गई हैं?,1
"चंडलर, मैं खेल खेल नहीं कर सकता, Ross जल्दी ही घर हो जाएगा.",1
"Dad, Ronni's here.",1
क्या याद है?,1
"क्षमा करें, मैं सिर्फ इस विचार को पसंद नहीं करता जब मैं कहता हूँ, ""मैं करता हूँ,"" वह सोच रहा है, ""हाँ, मैं भी उसे करता हूँ!""",0
हाँ मैं जानता हूँ।,1
"नहीं, नहीं, नहीं।",1
"उस दिन तुम मरने जा रहे हो? देखो-डर्निट, मैं उस दिन shuffleboard है।",1
का भय,1
और यह कैसे किया जाता है।,1
"ठीक है, हाँ, हम सही हो जाएगा, हम सही नीचे हो जाएगा।",1
मुझे विश्वास नहीं है कि मैंने ऐसा किया! क्या मूर्ख!,0
क्या आप मेरे सहायक टैग निकालने के बारे में महसूस करेंगे? मैं भुगतान करूंगा.,1
"जहां आप काम करते हैं, हं, सेवक सेवकों के साथ खाते हैं, ठीक है?",1
कि-कि एक नहीं है।,1
"याद है जब रोस कहने की कोशिश की, ""बटरनाट स्क्वैश?""",2
"ओह, यह वास्तव में अच्छा था।",1
ठीक है! वैल किल्मेर के लिए निर्दिष्ट रूप से बनाया गया और उनके द्वारा हिट फिल्म में पहना गया... कि बेटम फिल्म में वह था.,2
तुम अपने सिगरेट को पेड़ पर नहीं डाल सकते!,0
एक तारीख़?,1
ओह-ओह-ओह-ओह! ओह मेरी भगवान्!!!,1
यह एक glaucoma परीक्षण है।,1
यह Joey सही है?,1
आप इसे अभी करना चाहते हैं?,1
लपक लपक.,1
"मुझे लगता है कि आप जानते हैं कि, हम दोनों में से एक होने के बावजूद, ठीक है?",1
ओह यह बहुत अच्छा है! मैं वास्तव में बेन के पिता खेलने के लिए मिल सकता है!,2
"खैर, मैं एक बनाना शुरू किया। लेकिन फिर मैंने यह अगले कदम पर ले जाने का निर्णय लिया।",1
क्या...?,1
"अब, तुम जानते हो कि मधुमक्खी शायद उसने तुम को सूखने के बाद मर गया था.",1
मुझे लगता है कि वे कमरे से बाहर हैं।,1
मैं जानता हूँ!,2
मिठाई बनाना बंद करो!,0
नहीं नहीं नहीं!,1
"धन्यवाद, बर्निस. हम इस सप्ताहांत दूर जा रहे हैं.",1
"क्योंकि विंसेंट, हम प्रेमी थे. दो साल के लिए!",0
"ठीक है, लेकिन सावधान हो जाओ ठीक है, क्योंकि मैं हमारी जमाराशि वापस प्राप्त करना चाहता हूँ।",2
खतरेपूर्ण liaisons,1
मैं क्या कर रहा हूँ!,0
"जो हमें वापस लाता है, वास्तव में, ग्रीली के प्रभुत्व के सिद्धांत के लिए।",1
"आपके पास एक बहुत प्रभावशाली रिव्यू है, श्रीमती ग्रीन। मुझे विशेष रूप से एक नई फाइलिंग प्रणाली को लागू करने के बारे में जो मैं यहाँ देख रहा हूँ पसंद है।",2
"ठीक है, मेरे पांच में से मेरे पास तीन है।",1
"अच्छा, क्या-क्या 'तुम्हे वहाँ मिला?",2
"हाँ, यह है! नाक रोस!",1
"नहीं, मैं ऐसा कभी नहीं करूँगा! तुम मेरे भाई की तरह हो!",0
यहाँ है! यहाँ है!,2
"नहीं, नहीं, वे करेंगे. मैं बस... uh...",1
"आप बात करना चाहते हैं, मैं मतलब मैं आ सकता हूँ?",1
"है, uh, कुछ भी नहीं. वह भयानक महिला सिर्फ मेरे मशीन ले गया.",0
इस कैनवास पर चित्रकारी की रेखाओं और सूक्ष्म impasto को ध्यान में रखिए. मोने जल्दी और आमतौर पर बाहर चित्रित किया क्योंकि उसका दुर्लभ विषय स्वयं प्रकाश था.,1
सेल्टिक,1
स्थिर.,1
"देखो, मैं रेडियो सुन सकता हूँ, हू?",1
"ठीक है, ठीक है, अगर हम इसे विभाजित करने के बारे में क्या होगा?",1
हाँ.,1
"ठीक है, धन्यवाद Pheebs ओ मेरे भगवान, क्यों मैंने इन पहले कभी नहीं चखा है?!",1
हाय!,1
"ओह, सचमुच!",1
"नहीं. यह दर्दनाक था. मेरे भगवान, वे इसे Pain-Zine, अब एक छोटा सा वाश के साथ कहना चाहिए।",0
"नहीं, नहीं प्रतीक्षा, उन्हें पाने के लिए, हम एक, कठिन छोड़ दिया है।",2
"मैं..., जिंगल? नहीं, नहीं-नहीं, नहीं.",1
तुम सड़क पार करने से पहले दोनों ओर देखो।,2
"ठीक है, इसे हवा में बुलाएँ।",1
"ओह, ओह, ओह, ओह, पैर क्रैम्प, पैर क्रैम्प, पैर क्रैम्प।",0
"मुझे इसके बारे में बताओ, हू? ओह नहीं नहीं नहीं नहीं, मैं उसके साथ नहीं हूँ, वह सिर्फ मोनिका है! Ewwuck!",0
कोई kangaroo नहीं था!,0
यह वास्तव में आपके सर्वोत्तम कार्य में से कुछ था।,2
"ओह-नहीं-नहीं, नहीं. नहीं, नहीं, मैं बस, मुझे सिर्फ एक बनावटी टिकट की जरूरत है.",1
ओह मेरी भगवान्! मैं वास्तव में यह विश्वास नहीं किया जब तक कि तुम सिर्फ यह कहा!,1
"अरे, देखो, पहले क्या हुआ था के बारे में...",0
और एक खराब नववर्ष।,2
हाँ! हमेशा के लिए जगह है,1
प्रिय सुश्री बुफै।,1
"ओह, यह सिर्फ सही समय नहीं है।",0
"ओह नहीं! यह वास्तव में कुछ भी नहीं है, वह है",1
"मैं हां मृत फूलों को भाज से बाहर लेता हूँ... ओह, और, हं, कभी-कभी आर्टेल मुझे कुकीज़ पर छोटे चॉकलेट के फूलों को डालने देता है.",0
मैं एक बनावटी बेन बनाने के लिए जाना है।,1
यह बहुत अच्छा लगता है!,1
"ओह, मैं तुम्हें परेशान करता हूँ?",1
"ओह, मेरे पास आज रात की योजनाएं हैं।",1
क्या वह गंध तुम्हें परेशान करता है?,0
"लेकिन यहाँ आपकी ठोड़ी. अब, आप प्रत्येक आंख में एक छोटा सा हवा का पच महसूस करेंगे.",1
तुमने मुझे बताया था।,1
क्या? क्यों?,1
"अगर तुम कहते थे, ""Big lima bean, बबलिंग up."" क्या वह अंतर समझ सकता है?",1
मेरे पास जादुई दाने हैं। कभी भी चिंता नहीं।,1
वे कहते हैं कि वे भी थे।,1
"ठीक है, आप सिर्फ आनंद ले रहे हैं।",1
"यह आपका नैतिक दायित्व है, एक मित्र के रूप में, एक महिला के रूप में, मैं यह एक महिलावादी मुद्दा है!",0
"चंडलर, हम अभी भी आपके पिता से एक RSVP नहीं मिला है.",1
यह एक अच्छा है!,2
"लेकिन आह, हे, ओह, कोई फोन से बाहर है, कैसे एक गिलास शराब आग के पास, मैं इसे फिर से चला जा सकता था।",1
सचमुच?,1
क्या? वह एक बच्चे के रूप में वस्त्र पहना जा रहा है! ओह-हाय श्रीमती ग्रीन!,1
"नहीं, मैं इसका मतलब है. वहाँ बहुत कम वास्तविक रूप से अच्छा आदमी हैं वहाँ.",0
"हाँ, यह फ्रैंक बुफै है और आप उसके बगल में खड़े हैं।",0
"हाँ, सुनो, क्या आप इस जानकारी को अपने लिए रख सकते हैं?",1
"ओह, अच्छी तरह से पहले धन्यवाद।",2
तुम मेरी पैरवी क्यों कर रहे हो?,0
मुझे सचमुच खुशी है कि हम आये. तुम बहुत सुंदर हो. मैं तुम्हें प्यार करता हूँ.,2
चलो चलो चलो चलो चलो चलो चलो चलो!!,0
"एक गर्भावस्था परीक्षण रद्दी में था, और यह सकारात्मक है. मोनिका गर्भवती है. तो मुझे लगता है कि वह पूरी तरह अकेले नहीं होगा.",1
"क्या! नहीं, आप नहीं कर सकते, आप मुझे उनके साथ यहाँ नहीं छोड़ सकते! हम बच्चे की देखभाल कर रहे हैं!",0
"ओह, मैं ठीक हूँ।",1
": धन्यवाद, सुनो, बहुत धन्यवाद Tribbiani,। ओ मेरे भगवान, समय पर देखो, मैं गेंद के लिए बस पकड़ने के लिए।",2
यह बहुत सामान्य है। मैं हमेशा सब कुछ जानने वाला अंतिम हूँ।,0
"ओह, आप लोग बहुत प्यारे हैं!",2
आप जानते हैं कि पूरे तैराकी बात एक मिथ्या है।,1
अरे! अरे!,1
"ओह, hey, hey, मैं कि मिला.",1
"हैलो? ओह, हैलो रोस! देखो? अन्य लोग मुझे बुलाते हैं!",1
तुम बहुत मीठे हो।,2
"मैं-मैं जिल चला गया विश्वास नहीं कर सकता। मैं यह मदद नहीं कर सकता, मैं एक द्वार खोल दिया।",0
अरे! मेल टोर्म मर गया।,0
ओह! ओह! संकुचन. ओह! ओह!,1
मुझे भी ऐसा लगता है।,1
"ओह, कृपया! आप बातें अब कह रहे हैं, आप नहीं है?",2
एक! नहीं दस! तुमने दस कहा! तुम उसे वापस नहीं ले सकते!,0
क्या आप याद नहीं करते जब हम पार्क में दौड़ रहे थे और हमने उस सचमुच सुंदर पक्षी को देखा था और एक तस्वीर लेना चाहता था-में अपना कैमरा नहीं था!,1
मैंने एक कप डाल दिया।,1
"ओह, धिक्कार! मैं अपने पैंटों पर इसे मिला.",0
वाह! यह बहुत अच्छा लगता है!,2
"ठीक है, देखो, मुझे लगता है कि हम रेचेल को बताना होगा कि उसने अपने डिザーट को बिगाड़ दिया है.",1
"रोस, दस बजे।",1
"ठीक है, मैं सिर्फ हमारे संदेशों की जाँच की और जोशुअ ने फोन नहीं किया.",0
"ओह, यहाँ एक पूरा समूह है।",1
मुझे विश्वास नहीं है कि तुम मेरे पूर्व विद्यार्थियों के पृष्ठ पर रख दिया है!,0
"ठीक है कि है, आप जानते हैं कि क्या है?",1
तुम उस तक कैसे पहुँचे?,0
"मैंने कहा, ""जीज़, आराम Monnnnn.""",0
"चंडलर, तुम मुझे बुलाओ जब यह पोपर में जाता है।",1
"मैं बहुत बुरा नहीं हूँ. सौभाग्य से, नीली मेरे रंग है. कैसे-कौन तुम्हें पता था कि मैं यहाँ था?",1
वह तुम्हें प्यार करती है!,0
"कोई मुझे मदद करना चाहता है, मेरे हृदय को काटने के लिए प्रयास कर रहा है. हां, यह महान है. कोई भी एक निप्पल देखा है?",0
"आप स्वतंत्र हैं, और आप हमेशा ही रहे हैं!",1
": ठीक है. अरे, आह, आप आना चाहते हैं? मार्जी के एक girlfriend है।",1
"ठीक है, मेरे अगले गीत का नाम है: Phoebe Buffay, क्या मैं कह सकता हूँ।",1
तो मैं वास्तव में अब कभी भी जीत नहीं पाता?,0
क्यों?,1
"जोए, आपके पास एक मिनट है?",1
यहाँ आओ!,2
थोड़ा.,1
अच्छा कार!,2
मैं अभी उसके ब्रीफ़्स पहन रहा हूँ।,1
"Uh-हू. वा! अच्छी तरह से, देखो! वहाँ फ्रैंक है।",1
"धन्यवाद नहीं, मैं पहले से ही एक देखा है।",1
क्यों? क्या आप सोचते हैं कि वह अभी भी हम पर पागल है?,1
"ठीक है, आप मेरे साथ आ रहे हैं, और मैं भी उन्हें बताया कि अगर हम अभी भी यहाँ हैं जब वे उतरते हैं कि हम कॉफीटीरिया में जाकर कुछ खाने के लिए जाओगे",1
"अरे, मैं भी!",2
"प्रतीक्षा करो, तुमने इन लोगों के विवाह से उन को चुराया?",1
नहीं नहीं नहीं!,0
सचमुच?,0
फ्लोरेसेंट प्रकाश के नीचे निर्जलित जापानी noodles... यह करता है,1
ठीक है!,2
"ओह, मैं इसे नहीं छोड़ सकता था।",2
ईव! यह क्या है? कुछ विस्फोट!,0
"मेरा मतलब है, बिना टर्की के शुक्र-पूजा, बिना एप्पल पी के चौथे जुलाई की तरह है!",0
टेरी!,0
वह हमारे दोस्त है।,1
"ठीक है, तो मैं हाई स्कूल में वापस हूँ, मैं कैफेटरी के बीच में खड़ा हूँ, और मैं पूरी तरह नग्न हूँ महसूस करता हूँ।",1
"ठीक है. Uhh, अंतरराष्ट्रीय.",1
देखो हम एक तिथि पर एक खर्च सीमा निर्धारित करने के लिए जा रहे हैं।,1
"हाँ, टैग ने क्या कहा था?",1
"मैं जानता हूँ, बच्चे सो रहे हैं।",1
"उम्म, मुझे क्षमा करें, हम अपार्टमेंटों में स्विच किया. आप अब भोजन नहीं खा सकते हैं, कि-कि ग gravy ट्रेन समाप्त हो गया था.",0
"अब, मैं जानता हूँ आप क्या सोच रहे हैं",1
इस तरह हम सब इसे एक बार कर सकते हैं और कोई परेशान नहीं होगा।,1
कि था,1
"कुछ भी नहीं. यह सिर्फ पुराना और गंदा है, इतना ही है.",0
"ओह, यह रेचेल के बारे में पागल है हू?",1
कब?,0
"आपके धैर्य के लिए धन्यवाद, आप अगले कॉल कर रहे हैं।",1
इस गद्दी पर न सोओ या अपने जूते खो दिए हुए आप जाग सकते हैं।,2
यह बहुत अच्छा है!,2
"सुनो, ओह मुझे आपको एक पूरी नई बैटरी ले जाना था.",1
वह वहाँ है?,1
बड़ी बात है!,0
ठीक है?,0
यह ध्वनि से अधिक कठिन है. यह नहीं है?,1
"हाँ, और यह मेरे मरने की इच्छा है कि वह रिंग हो।",1
मोनिका? मोनिका!,0
"मिट्टी, शायद आप यहाँ अधिक आरामदायक हो जाएगा?",1
"एक सेकंड प्रतीक्षा करें! तो, आप के साथ क्या नया है?",1
"नहीं, मैं नीचे वापस जा रहा हूँ क्योंकि वह Poughkeepsie में रहता है।",1
Hey guys check it out! My mom sent me the paper!,2
"ओह, आप ऐसे एक सज्जन हैं. चलो! हम मेरे स्थान पर जा रहे हैं!",2
"जो कि आप नहीं है, क्योंकि आप पूरी तरह से उस पर लपका है!",0
"ओह, जॉर्ज, बच्चा, रुमाल छोड़ो!",2
"जान लो, यह दान एक बड़ी सफलता थी और वे बहुत पैसा और जागरूकता जुटाया।",2
वाह! यह अच्छा था. यह था... ट्विजर्स था?,1
आप यही सोचते हैं।,1
"अच्छी तरह से पहले, आप को एक विवाहित स्नान फेंकने को भूलने के लिए.",0
"खैर, मैं एक बातचीत कर रहा था।",1
"प्रतीक्षा करो, मैं बस किसी की पुरानी कॉफी पीने के लिए नहीं जा रहा हूँ।",1
अरे क्या भी हो!,0
"ठीक है, गोली चलाएँ.",1
"अफ़सोस उसे, वह हिस्सा मेरा है!",0
क्या तुम सब पड़ोसी सेंटी खा रहे थे?,0
नहीं! कभी नहीं! कभी नहीं! बाय.,0
"सुनो, हम अपने टीवी पर कार्टून देख सकते हैं?",1
यह निश्चित रूप से फाइलिंग कैबिनेट के अंदर से चमकता हुआ था।,2
"Hey, मुझे देखो. मैं जाम बना रहा हूँ, यह 4 बजे से इस सुबह से है.",0
"अच्छा, चलो बस कहना है कि तुम बटर में किए गए प्रभाव कल्पना के लिए थोड़ा छोड़ दिया था।",0
वेल,1
"तुम ध्यान दो, जिल।",1
नहीं-नहीं-नहीं! हमें जाना है! चलो! यहाँ हम जा रहे हैं।,0
"हम एक रोमांटिक सप्ताहांत के साथ बिताते हैं, यह, यह क्या बात है आप के साथ है?",0
WO-women? आप पुराने महिलाओं की तरह मतलब है?,0
"निश्चित है, सुनो मैं कुछ पिज़ा का आदेश करने जा रहा था, आप एक साझा करना चाहते हैं?",1
"ओह भगवान्! Phoebe देखो, यह Ross और उस लड़की है।",1
रॉस क्या आप समझते हैं यह मेरे जीवन में पहली बार मैं कुछ कर रहा हूँ मैं वास्तव में चिंता के बारे में है।,0
अभी भी रो रहा है?,1
"ओह, और यदि आप सोच रहे थे, उन नए जेम्स बॉंड पोस्टर पर मेरे पैर हैं।",1
"ओह भगवान्. ओह, ठीक है, यहाँ बात है, यह बात है, ठीक है, बात है...",1
"ओह, मैं भी।",1
Celebrities मैं साथ सोने की अनुमति दी जाती है।,1
नेस्टले टोल हाउस?,1
"मैं आप से पूछना चाहूंगा, लेकिन, uh, मेरी बहन का दौरा है और मुझे लगता है कि वह सो रही है कपाट पर.",1
"प्रतीक्षा करो, प्रतीक्षा करो, प्रतीक्षा करो।",2
"रोस, आप सुसन को याद है।",1
"ठीक है, क्षण समाप्त हो गया है।",1
पागल महिला समझती है कि उसकी मां एक बिल्ली में है।,0
"ओह, यह अविश्वसनीय है! मैं एक वाक्सिन लड़की बनना चाहता हूँ।",2
"नमस्ते माइक, हम तुमको शादी में देखेंगे, आदमी!",2
"वो! कि-ठीक है, कि एक है",0
आह!,1
"राहेल, मैंने तुम्हें एक कोकोआ बनाया।",1
"Uh, मध्य balcony.",1
"लेकिन चूंकि आप Ross के साथ थे, मैं इस बारे में कुछ नहीं किया था.",2
"ठीक है, आप के लिए अच्छी-good।",2
"ओह-नहीं, वह सही है।",1
जो तुम सिर्फ बहुत जल्दी छोड़ दिया था.,1
यह एक गीत भी नहीं है!,0
"और आप अपने कमरे में अकेले पढ़ते थे, और अपने पहेली...",1
"ठीक है, यह है, हम आपातकालीन कक्ष में जा रहे हैं।",1
"हाँ, हाँ, और अगर मैं इसे दिन में मैं डा. ड्रेक रेमोरे होगा, लेकिन रात में मैं Joey Trrrribbiani हो जाएगा!",2
"ओप, लेकिन बारहवां एक प्रेमी का झिड़का लाता है।",1
"ठीक है, क्यों मैंने तुम लोगों को आज ब्राउनच करने के लिए कहा है क्योंकि मैं मेरे सम्मान की सेवक कौन होना चाहिए के बारे में कुछ सोच रहा है।",1
"अच्छा नहीं, एक मिनट रुको, यह सच नहीं है!",0
Hey! आप कैसे कर रहे हैं?,2
"हं, हाँ।",1
"नहीं, दो थे।",1
यह शून्य है!,0
"अच्छी तरह से उन्हें बताओ. ओह! आप नहीं कर सकते, उनके मृत.",0
"मुझे यह सीधा आदमी, आप अपने पूर्व-पत्नी पर हमला कर दिया?",0
"देखो, मुझे सौभाग्य की कामना करो!",2
"खैर, उसने हाई स्कूल से स्नातक की!",0
"Uh, मैं बस, मैं सिर्फ अपने खिड़की से बाहर देख रहा हूँ. दृश्य पर. तुम लोग क्या कर रहे हैं.",1
उन सब बातों के बारे में मैं तैयार नहीं होने के बारे में कहा,1
"बेन, आप तैयार हैं?",1
"आप इसे करना है, आदमी।",1
हमें मेरे माता-पिता से 15 मिनट में मिलना चाहिए।,1
"""ऐ मेरे भगवान, मैं रोस से प्रेम करता हूँ! मैं रोस से घृणा करता हूँ! मैं रोस से प्रेम करता हूँ! मैं रोस से घृणा करता हूँ!""",0
मेरा मतलब यह नहीं है कि घर में सोलह पौंड के बच्चे को जन्म देने के बारे में चिंता कर बैठना अच्छा नहीं है।,1
नहीं-नहीं-नहीं! हमें कुछ पुराने की जरूरत है!,0
"हालो, जोय.",1
"ठीक है, हम ठीक में हो जाएगा. तो आह, क्या आपके बॉस आज फिर से आप को चोंचने का प्रयास किया?",1
"कितनी बार मैंने तुम लोगों को बताया है, तुम",1
"ओह, यह आसान है. हाँ, मैं-मैं इसे किसी भी चीज़ के साथ कर सकता हूँ. देखो uh, दादाओं की चिकन सलाड",1
"आप लोग मुझे उड़ाने के लिए बनाते हैं! उच्च! ठीक है, हम इसे यहाँ उठाने के लिए जा रहे हैं, कल.",2
"मैं ठीक हूँ. नहीं, मैं अकेले नहीं हूँ... मैं नहीं जानता, कुछ आदमी.",1
एक चुनें।,1
यह मेरे जीवन में पहली बार मैं कुछ कर रहा हूँ कि मैं वास्तव में अच्छी है।,0
तुम मूर्ख लगते थे।,2
यह धोना है। सोचने के लिए न्यूनतम है।,1
"ठीक है, ठीक है, चलो बस यह खुले में बाहर आओ ठीक है?",1
"ओह मोनिका, सुनो, मैं आह, मैंने हार्डवेयर दुकान में देखा, वे उन डिज़ाइनर टायलों की बिक्री पर मिल गया।",1
"Uh, मैं सिर्फ बेहतर था इससे पहले इसे बेहतर पसंद किया था...",0
"मैं तुम्हें कह रहा हूँ रेशेल, जानिस को सुनो. वे सभी कहते हैं कि वे वहाँ होने जा रहे हैं जब तक कि वे अपने असली परिवार शुरू नहीं कर रहे हैं.",1
"ठीक है, तो यह सिर्फ इसलिए कि यह मेरे टेबल था, मैं एक नया एक खरीदने के लिए है?",0
"अरे, राहेल, क्या वह चीज लगभग शुद्ध नहीं है...",1
मुझे अफसोस है कि आपको यह आप ही करना पड़ा।,1
"हाँ, मैं पहले से ही मेरे घंटा है और बाद में... मैं अपने बैकेट मिलता है.",2
मुझे विश्वास है कि यह आपके बच्चे के पिता का है।,1
याद है जब हम सेंट्रल पार्क में गये और नौकाओं को किराए पर लिया था?.. यह बहुत अच्छा था.,2
तुम अपने कमरे में अपने जूते कैसे पहन सकते हैं dad को क्यों न दिखाओ!,2
"याद है जब तुम छोटे थे, मैं तुम्हें नौसेना के यान में ले जाता था और तुम्हें बड़े जहाज दिखाता था?",1
"यह राहेल से है. उसने कहा कि वह वर्तमान को प्यार करती है, और जब आप वापस जाओगे तो वह तुम्हें देखेंगे.",1
मेरे माता-पिता बहुत प्रसन्न होंगे।,0
हाय बॉब!,2
तुम भी किससे बात कर रहे हो?,1
"ठीक है, मेरा अगला उपहार क्या है?",1
"देखो, जोय, कैथी स्पष्ट रूप से आपकी भावनात्मक आवश्यकताओं को पूरा नहीं कर रहा है.",0
मैं तुम्हें प्यार करता हूँ!,2
तुम उसे बताओ!,2
"ओह, प्रतीक्षा करें! रुकिए! रुकिए! रुकिए!",2
"अच्छी तरह से, हालो, श्रीमती रोस!",2
"ओह! और मैं उनमें से एक हूँ!! वाow! ओह, मैं बस इस पर विश्वास नहीं कर सकता! मेरा मतलब है, Joey Tribbiani!",1
मुझे देखो! मैं चंडलर हूँ! मैं कर सकता हूँ,2
"वास्तव में, नहीं, हम नहीं हैं।",2
हमें एक порно ब्रेक की जरूरत है।,1
"ठीक है, विच्छेद अभी भी चालू है!",0
बायाँ! धन्यवाद.,2
"ठीक है, यह एक आग है. ओह हाँ. ओह हाँ.",1
"यह बहुत अच्छा है, नहीं है?",1
मैं रिचर्ड के बारे में निराश होने के लिए बीमार और थक गया हूँ।,1
मैं उस जगह को बहुत चाहता हूँ!!,2
"तुम कैसे हो, माँ?",0
हाँ.,2
और हमें आपको और राहेल को एक न्यायाधीश के समक्ष गवाही देने की जरूरत होगी.,1
ओह. और रेशेल वास्तव में मेरे लिए मेरे लिए सुबह बेजेल प्राप्त करने में अविश्वसनीय रहा है. यह अविश्वसनीय है कि कैसे वह यह लगभग सही हो जाता है,2
अभिनेत्री!,1
धन्य मोनिका!,2
"ठीक है, इसे बंद करें Phoebe, आप मुझे सभी tingly मिल रहे हैं।",2
क्या! उन्होंने और क्या कहा?,1
ओह मेरे भगवान! मैं आपका हूँ,1
Hey Joey! क्या वह लड़की नहीं है कि पिछले दिन तुम पर हाथ दिया था?,1
"देखो देखो! यह रेचेल और बैरी है. नहीं, सभी एक बार नहीं देखो!",1
"मेरे बचाव के लिए, यह अंधेरे में था और वह एक बहुत सुंदर आदमी था।",0
अभ्यास के लिए स्ट्रिप पोकर खेलना चाहते हैं?,0
तुम्हें पता है?,1
तुम जाओ!,1
"ओह! ठीक है. अब, हम ऐसा न करें!",0
तो सैद्धांतिक रूप से हम अपने विचारों और हमारी स्मृतियों को इस कंप्यूटर में डाउनलोड कर सकते हैं...,1
"हाँ, अब मैं डरता हूँ।",0
"हाँ, आपको स्क्रीन एटेक्टर्स गिल्ड से कुछ मिला है।",1
हम रॉय डे ला पर चन्द्रमा की चमक से चलेंगे।,1
तुम बहन हो? तुम बहन को सो रही है सोफ पर? ओह! मैंने देखा,1
"हं, तुम क्यों नहीं देते",1
वाow! कि माइक बात दिलचस्प थी! मैं नहीं जानता है क्या Phoebe और डेविड के साथ होने जा रहा है.,1
"ठीक है, मेरे पास एक सवाल है. अगर आप हम में से किसी को आज चुनने के लिए था, तो यह कौन होगा?",1
"हाँ, फिर तुमने ऐसा किया।",1
सब जानते हैं कि मैं एक गधे आदमी हूँ!,2
"चलो, रोस? कॉलेज में वापस याद है, जब वह कैरोल से प्रेम किया और उसे कि ridiculously महंगा क्रिस्टल डक खरीदा था?",1
मैंने ऐसा क्यों नहीं देखा?,1
"ओह, मैं भी देखना चाहता हूँ!",1
तुम मुझे क्या देख रहे हो? मैं नहीं जानता था।,1
"यह एक उपनाम है, मैं बाद में बता दूँगा।",1
"आप मुझे लगता है! और आपके पहले सवाल का जवाब देने के लिए, हम सीधे-up gangster रैप हैं.",2
"कोई प्यारा नहीं, आप C.H.E.E.S.E. को नियंत्रित करने वाले आदमी पर जीतने के लिए है! आप कुछ गंभीर रोबोट गला चुंबन करने के लिए है!",1
"ओह, कृपया, वह कर सकता है",1
"अगर ऐसा होता, तो क्या तुम उससे मिलने को बंद कर देते हो?",1
हम यह मानते हैं कि यह यहाँ से उत्पन्न हुआ है. Aroma Room में.,1
"नहीं, मैं तुम्हें कुछ और बताने के लिए यहाँ आया. मैं अभी भी तुम्हें प्यार करता हूँ तुम्हें बताने के लिए यहाँ आया.",2
बस कॉफी! अब हम कहाँ बाहर hang-out करने जा रहे हैं?,0
"मेरा मतलब है, मैं एक आदमी को घर लाता हूँ, और पांच मिनट के भीतर वे सब उसके ऊपर हैं।",0
"ओह, ठीक है!",2
तो आप एक छोटा सा खेल रहे हैं,1
हू? तुम जो कहते थे? मैं ठीक वहाँ हूँ.,1
और यह कोई बात नहीं है।,0
"पता है, शायद यह सबसे अच्छा है कि हम इसे फिर कभी नहीं कर सकते हैं।",1
सचमुच?,1
बिंग!,2
मुझे एक असली टुकड़ा काटें!,0
"क्या? नहीं! नहीं, मैं नहीं रुक रहा हूँ. मैं रेड रोस हूँ!",0
"तो अब, ये सभी टक्सेडो हैं कि हम बनाते हैं और अगर वहाँ कुछ है कि आप पसंद है, हम आप के लिए एक सौदा कर सकते हैं।",1
क्रिस कहते हैं कि वे बार बंद कर रहे हैं।,0
अब नहीं! ये मेरे धन्यवाद pants हैं!,2
नहीं,1
हमारे अंतिम समुद्री दृश्य कक्ष आपके लिए अस्वीकार्य था।,2
"ठीक है, आदमी, आदमी? मैं निश्चित एक है. Mwwwooooo-hah-hah...",2
मैं लोगों से घिरा हुआ एक कक्ष में काम करता हूं।,1
"मोनिका, तुम्हारे पास कोई बिस्तर भी नहीं है, तुम फर्श पर एक गेंद में सोते हो!",0
"अरे, मैं किप के बारे में सब कुछ जानता हूँ!",0
यह बहुत अच्छा है।,2
क्या-क्या?,1
"नहीं, नहीं, नहीं, आप मुझे जमानत देने की हिम्मत नहीं करते।",0
यह यहाँ नहीं है।,1
"तो वे आह, वे सब उड़ गए, यह बहुत मुश्किल था उन्हें जाना देखना, तुम्हें पता है?",0
"ठीक है, वह उन्हें ऐसे घास में पड़े नहीं पा रही है।",1
"लेकिन मुझे एक रोबोट फेब्स के साथ काम करना पड़ा, और-और मैं तकनीक के बारे में कुछ नहीं जानता!",0
"स्वादिष्ट! मैं वास्तव में लगता हूँ कि आप लोगों की एक इतिहास है, यह-यह अच्छा है लगता है शुरू कर रहा हूँ।",2
"ओह, देखो, वह फिर से अपनी आंखें बंद कर रहा है।",1
"लेकिन मैं आपको यह बताना चाहूंगा, यह बिल्कुल वही बात मेरे कमरे के साथी डेनिस के साथ हुई।",1
"हाँ, मैं ठीक हूँ।",0
क्या मैं राच करता हूँ?,0
"खैर, मैं-मैं-मैं इस के साथ समाप्त हो गया हूँ. आप कुछ चाहते हैं रोस? खेल? अंतरराष्ट्रीय? अपार्टमेंट सूचीयाँ?",1
"क्या है, आप चल रहे हैं!!",2
"तो, तुम कैसे कर रहे हो?",1
मुझे नहीं लगता कि वे भाई और बहन हैं।,1
हाँ! और शायद एक दिन हम दो स्नानागारों के साथ एक जगह मिल सकता है।,2
आप को पता नहीं है कि यह क्या एक दुःस्वप्न रहा है. यह बहुत मुश्किल है.,0
तंत्रिका है?,0
"और मैंने सोचा था कि मैं उन्हें आपके पास ले जाऊँगा, तुम्हें पता है, बिस्तर में।",1
"यहाँ आओ, यह देखो!",1
हैलो स्किडमार्क।,1
"क्या होगा क्योंकि अगर आप नहीं, तो उसकी माँ हो सकता है.",1
यह मजेदार है।,2
"ठीक है, तीन पर, बेन.",1
"ओह, एक पोर्स के लिए!",1
अरे! यह यहाँ ईस्टर्स बानी के शव की तरह दिखता है.,1
क्या इसका मतलब है कि इंग्लैंड में ऐसा ही होता है जैसा कि अमेरिका में होता है?,0
"ओह, चलो झूठा।",0
"मुझे यह है! హే, आप उसके साथ सोने के लिए मिलता है, मुझे खुजली मिल जाती है.",0
लेकिन क्या! तुम क्या सोचा था कि आप चाहते हैं क्या मिल जाएगा और फिर उसे फेंक दिया जैसा कि तुम रेचेल फेंक दिया था!,0
"""ठीक है, यह मेरे घर के पास है, ठीक है!""",0
"hey मोनिका, यह चिप है।",1
यह हास्यास्पद है. यह-क्या यह दुख देता है? क्या काम दुख देता है?,0
"ठीक है, देखो, आप वास्तव में कि खरीद नहीं कर रहे हैं आप हैं? आप नहीं लगता है कि आप एक दिन के लिए मुझे काफी शर्मिंदा किया है?",0
डक के नीचे गया. तुम यह पूरी तरह से मिल सकता था पता नहीं था धोखे में आप नहीं था.,1
आप. जैसे आप काफी नहीं किया है.,0
ओह... मेरे... भगवान.,1
"रॉस! मुझे क्षमा करें, मुझे क्षमा करें, मुझे क्षमा करें...",1
"ठीक है, यह है. मैं आप दोनों बाहर चाहते हैं.",0
ओह! ओह! ओह! ओह!,2
"आप कहते हैं, वास्तव में आप करते हैं. इसार्क. इसार्क. हे, इसार्क. इसार्क, है! आप जानते हैं हम वास्तव में नहीं मिला है...",1
क्या बच्चा है।,0
"ओह, अच्छा तो मुझे बंद कर दो।",1
यह लामिनेट है!,0
ओह भगवान्! ओह भगवान्! मुझे बहुत खेद है!,0
"ओह हाँ, और मेरा आरंभिक लाइन क्या होगा? 'मेरा क्षमा करें. Blarrglarrghh.'",0
"नहीं, यह मैं आपको बताने का तरीका था।",1
"आदमी, मैं नंगा होता तो अच्छा होता।",1
मैं इस नियम को स्वीकार नहीं करता।,0
"हाँ! अब, वह भयावह लगता है! वह वास्तव में बनाना चाहता है! आप उसे ढूंढने के लिए है.",0
यह काफी कठिन वर्ष था।,0
यह बहुत अच्छा होगा!,2
Phoebe.,1
रेशम? सचमुच अच्छा लगता है!,2
अच्छा है! वाow Phoebe आप अच्छे हैं!,2
"ओह, भगवान.",0
"देखो, लेकिन यह अंतिम ड्राफ्ट नहीं है।",1
मुझे क्षमा है?,1
"वह सही है, अगर यह कुछ अनुपूरक कहना है तो भी।",1
"मैंने इसे बंद कर दिया. ईश्वर की मां, मैंने इसे बंद कर दिया!",0
"हाँ, लेकिन मैं जितना देर हो सके बाहर रह सकता हूँ।",1
शांत रहें?!!,0
"तुम्हारे अच्छे दिल राच, और, और...",0
"मैं जानता हूँ कि यह थोड़ा अचानक है, और यह थोड़ा तेजी से है, और यह पूरी तरह से मैं ऐसा कुछ करने के लिए नहीं है, लेकिन इसका मतलब नहीं है कि मैं नहीं कर सकता है।",2
"""यह लगभग वहाँ होने के समान अच्छा है।""",1
"रॉस, मैं तुम्हें बता रहा हूँ कि वह मेरी ओर वापस आने के लिए आप का उपयोग कर रही है!",0
"वहाँ केवल एक के लिए जगह है, तो मुझे लगता है कि आप में से एक Joey's में रहने के लिए होगा।",1
"मैं जानता हूँ! मैं लगभग मेरी शादी को बंद कर दिया. ओह, कौन है आपकी बैंड?!",2
ठीक है. कोई बड़ाई नहीं. मुक्त रहें.,1
"ओह, और आपको भी शुभकामनाएं! क्या अच्छा महिला!",2
क्या तुम अकेला हो?,1
वह आपके जन्मदिन की पार्टी की योजना बना रहा है।,1
ब्लिग नाग गै की लेट kitchen tile. Eww!,0
"यह एक अजीब कहानी है, वास्तव में।",1
"मैं सिर्फ, मैं तुम से उड़ने से पहले एक बार फिर देखना था.",2
मैं एक साल बार्सिलोना में पढ़ा।,1
"देखो दोस्त, मैं उस लड़की के साथ आया था, और मैंने इस योजना थी कि नए वर्षों की गिनती में उसे चुंबन-मैं उसे जीतने के लिए कोशिश कर रहा हूँ, तो मैं सोच रहा था कि अगर..",2
विवाहिता पत्रिकाएं?,1
मुझे बस एक योजना की जरूरत थी।,1
इसके लिए जाओ।,1
डाक्टर? अरे! मैं नहीं जानता था कि उसका कोई उपनाम था।,1
मैं तुम्हें खून का गंध लेने के लिए पर्याप्त करीब रखना चाहता हूँ।,2
"अरे, कैसे हुआ?",1
क्योंकि तब मुझे नहीं करना होगा!,2
तुम सचमुच समझते हो कि मैं तैयार हूँ?,1
ओह! नमस्ते? हाँ यह Phoebe है. सचमुच!,1
"हाँ, शायद...",2
अल्लाह!,1
"अच्छा, अगर आप चाहते हैं, तो आप रात को रचेल और मेरे साथ रह सकते हैं.",1
"मैं-मैं-मैं वास्तव में, मुझे इससे भी अधिक दायित्व है।",1
"मैं तुम्हें विश्वास करने के लिए समय नहीं है क्योंकि वह केवल चार घंटे के लिए यहाँ है, और मैं जा रहा हूँ उसे देखने के लिए जा रहा हूँ।",0
"ओह, wow! मैं जा रहा हो जाना चाहिए. मैं-मैं आज रात एक तारीख मिल गया है.",2
"और बेशक, भारतीयों को भी।",0
ट्रैम?,1
मैं फिर से काम करने के लिए क्यों शुरू किया गया था? तुम 15 साल की धिक्कार!,0
गाड़ी टूट गई।,1
क्योंकि... मैं मोनिका गेलर हूँ. यह मेरे क्रेडिट कार्ड तुम उपयोग कर रहे थे था.,1
"प्यारा, मैं कसम खाता हूँ! मैं उसे नहीं देख रहा था!",0
"आप जानते हैं, मेरा मतलब है, यह जैसे हम अलग हैं।",1
देखो! यह हास्यास्पद है. हम आप पैकिंग होना चाहिए!,0
धोखे से!,0
"अरे, तो सुनो, मैं सड़क के पार गया और दरवाज़ेदार से बात की-मैंने चोर का नाम लिया! मैं फोन का उपयोग कर सकता हूँ?",0
एक स्वप्नहीन नींद।,1
क्या आपने डॉक्टर से कहा था कि आप अपने बिस्तर पर ऊपर और नीचे उछलते हैं?,1
जैसन?,1
"सुनो, हमें यह एक अतिथि कक्ष बनाने के लिए नहीं है, हम एक साथ कमरे के साथ कुछ करने के लिए कुछ सोच सकते हैं।",2
"ओह, पूरी तरह से. ओह, भगवान, ओह, वह भी बहुत खुश लग रही थी.",0
क्या? एक रेगेटा गाला की किस तरह रात में शुरू होता है?,1
अरे! तुम कैसे पता है कि कैसे करना है!,1
ठीक है।,1
बधाई... ओह.. wow,2
10। ठीक है। अब टैग एक ऐसी बात है कि बहुत से महिलाओं के रूप में है।,1
कौन परवाह करता है!,0
"देखो, मैंने सिर्फ अपना दूसरा काम खो दिया है।",0
"और मोनिका, जब वह हंसती है तो उस चीख के साथ?",0
"यहाँ तक कि लोग भी उस पर हैं!""",0
क्या तुमने सुना?,1
"अच्छा, तुमने सिर्फ पूछा कि क्या मैं आज रात तुम्हारे साथ बिस्तर पर जाना चाहता हूँ.",1
ओ मेरे भगवान रोस!,1
"ओह मुझे लगता है, और आप उन्हें सब एक ही समय में और आप अपने भाई के लिए उन्हें चाहते हैं चाहते हैं।",2
मेरा नाम Ross Geller है।,1
ओह-हाय!,2
"उम्, बिल्कुल. उम्, कैसे कल दोपहर के बारे में? क्या आप जानते हैं उम्, सेंट्रल पेर्क ग्राम में, कहते हैं, पांच-ish?",1
"ठीक है, मैं आप लोग क्या कह रहे हैं देखता हूँ. मैं uh, मैं नीचे जाकर एक आवेदन भरने के लिए जा रहा हूँ.",1
"ठीक है, सुनो यह वास्तव में दर्द करता है. चलो चला.",0
"आपको मेरे कमरेmate को माफ करना होगा, वह इस से शादी करना चाहता था।",1
"ओह, यह महत्वपूर्ण नहीं है. मुद्दा है, मैं वास्तव में-मैं सोचता हूँ कि सब कुछ ठीक हो जाएगा.",1
"स्पष्ट है! तो, हम कैसे निर्णय करते हैं?",1
तुम कहाँ थे?,1
बेहश्त!,0
आप कैसे हैं?,1
"वास्तव में-हाँ, मैं हूँ, मुझे क्षमा है।",0
तुम नंगे खाना बनाते हो?,1
क्या तुमने देखा कि जब वह वहाँ से बाहर निकला तो वह पसी रहा था?,1
"रॉस, मैं 23 साल से तलाक़ के वकील रहा हूँ और कभी भी मैं एक ग्राहक से इतना व्यापार नहीं किया था.",1
रोस? यह मेरे गर्भाशय खोलता है.,1
"Phoebe, क्या आप इस अव्यवस्था पर एक नज़र ले सकते हैं!!!!",0
मत जाओ!,0
"हाँ, वह चान प्रेम के बिना नहीं रह सकती थी।",2
"अरे, तुम ठीक हो?",1
"ठीक है, अच्छी तरह से, आप मुझे समाप्त करने के लिए नहीं देंगे और मैं jus था- [मोनिका उसे पीठ फेर] ओह. कि दर्द [मोनिका फेर]",2
ओह भगवान. मैं इस के बारे में क्षमा कर रहा हूँ.,0
मैं नहीं जानता मैं क्या करने जा रहा हूँ!,0
"नहीं, शांत करने की बात!",0
हम यहाँ जा रहे हैं! हम यहाँ जा रहे हैं! हम यहाँ जा रहे हैं! आप कैसे कर रहे हैं?,2
Jurassic Park,1
"रॉस, चलो! खूनी कूड़ा में जाओ! रॉस, अंदर जाओ!",0
"अरे आदमी, कैसे ऑडिशन चला गया?",1
आप क्या?,1
"क्या तुमने सिर्फ कहा है, यहूदी?",1
"फीब्स, आप के बारे में क्या?",1
"ठीक है, क्षमा करें. हाँ.",1
"हाँ, मैं सिर्फ आपको मुझे रोस के कुछ फोटो लाने की जरूरत है.",1
सुनो.,1
बेशक वह अपने चाचा जोय के पास होगा!,2
यह अविश्वसनीय था!,1
"और सिर्फ सुरक्षित पक्ष पर होने के लिए, डा. वेल्स आप की स्थिति की अधिक व्यापक समीक्षा चाहता था तो उसने मुझे भेजा.",1
"Hey, फीब्स! यह Joey है!",2
आप नहीं कर सकते!,1
"ओह, मैं विभेद करने की दुआ करता हूँ.",1
"हाँ, हाँ, सब लोग यहाँ हैं. हे, सब लोग, न्यू मेक्सिको में जुली से नमस्ते कहें.",1
ओह भगवान Phoebe! ओह यह है! यह है! ठीक है! ओह! ओह-ओह-ओह-ओह,2
बेशक मैं हूँ!,2
"ओह, मैं अपने डायपर जेनी में फेंक सकता हूँ?",0
मैं मजा करूंगा।,1
आप एक डाकघर बना रहे हैं?,1
हाँ! ओह!,1
यहाँ बस... इसे ले लो.,1
"ठीक है. हाँ. सुनो क्या आप uh, आप मेरे साथ आज रात डिनर करने के लिए चाहते हैं?",1
"ठीक है, अब uh, निमंत्रण सूची के संदर्भ में, मैं आप, मुझे, और चंडलर और मैं Gunther निमंत्रित करने के लिए जा रहा हूँ है, क्योंकि, अच्छी तरह से, हम इस बारे में काफी जोर से बात कर रहे हैं.",1
"मुझे लगता है Joey सही था, यह कुछ नहीं करता है।",2
यह इस पर खींचने के लिए हमेशा ले जाएगा।,2
"ठीक है, यह हमें दुख देता है।",2
मूर्ख गेंदें रास्ते में हैं।,0
हाँ-हाँ आप लोग. यहाँ से बाहर जाओ!,1
मुझे लगता है कि सिर्फ,1
आप क्या लिख रहे हैं?,1
मैं तुम्हें नहीं कहूँगा! आप Sarah की टांग तोड़ने वाले बुरे आदमी हैं.,0
आप लोग मैं बाहर जाने के लिए जा रहा हूँ और एक चाल ले जा रहा हूँ.,1
"क्यारोल देखो, मैं था, मैं सोच रहा था शायद uh, शायद हम कुछ चीजें spice up कर सकते हैं।",1
"मुझे नहीं मालूम, लेकिन डोनाल्ड ट्राम्प अपने नीली ब्लैजर काला चाहता है।",1
"ठीक है, तो अब आप मानते हैं कि वह मुझे आकर्षित है?",1
"ठीक है, मुझे क्षमा है. मुझे लगता है कि मैं अब रास्ते के बाकी चल सकता है. बस-बस मुझे मेरे बूट दे दो.",0
ओह. शायद वे-Napping कर रहे हैं.,1
मैं जानता हूँ. मैं भी मुझ पर पागल हूँ.,0
"पता है, मैं वास्तव में एक अच्छा समय व्यतीत करने के लिए खत्म हो गया।",2
"ठीक है, अभी भी कोई बच्चा नहीं है! लोगों पर चलो! कृपया कुछ जगह बनाओ!",0
"ओह, निश्चित है! मैं निश्चित हूँ।",2
मैं डॉ. ड्रेक रेमोरे हूँ और मुझे कुछ नियमित सवाल है मैं आप से पूछने की जरूरत है।,1
या जादू!,2
"Hey, आप कुछ खाने के लिए मिलना चाहते हैं या uh, आप देखना चाहते हैं कि हम इस गेंद को आगे और पीछे फेंक सकते हैं कितनी देर?",1
"खैर, ठीक है, धन्यवाद!",2
"ओह, मुझे खेद है.",0
मैं प्रतीक्षा करूँगा।,1
"नहीं? तो आप कहते हैं कि अगर मैं इसे बुलाता हूँ, यह रिंग नहीं होगा?",0
मज़ा कर रहा हूँ! मज़ा कर रहा हूँ!,2
यह क्या है?,1
"तुम मेरी ओर देखते हो, और यह कुछ भी नहीं है।",0
हमारे पास इतना साझी है!,2
मेरा पूरा मुंह श्लेष्मा से भर गया था!,2
"जैसे वह मेरे लिए उठाने के लिए पास आया, और मैंने दरवाजा खोला, और यह सिर्फ, क्लिक की तरह था!",2
"अरे राहेल, मैं सबसे अच्छा कॉफी घर जानता हूँ और यह बहुत करीब है.",1
"ओह, हाँ. उस सपने में था.",1
"आप जानते हैं, मैं नहीं जानता है अगर आप कभी शब्दकोश में घूमने का शब्द खोजा है... अच्छी तरह से, मैं है, और तकनीकी परिभाषा है, दो दोस्त जो एक दूसरे के बारे में बहुत परवाह करते हैं और अद्भुत सेक्स करते हैं और बस एक साथ अधिक समय बिताना चाहते हैं।",1
हम इतना मूर्ख हैं! आप जानते हैं कि वहाँ क्या हो रहा है? वे जोय ले जाने की कोशिश कर रहे हैं!,0
"हम उसे नहीं कह सकते, आप किसी आदमी के पास नहीं जा सकते, जिसे आप शायद ही जानते हैं और उसके बारे में बात नहीं कर सकते... बातें.",0
तो? क्या? क्या? वे गए हैं! मोनिका डरने के लिए जा रहा है!,1
मुझे लगता है कि मैं सिर्फ सारे डेटिंग बात के साथ कर दिया हूँ।,0
कैसे? कब?,1
"मेरा मतलब है कि मैं शायद 98% खुश हूँ, शायद 2% ईर्ष्या है। और मेरा मतलब है 2% क्या है? यह कुछ भी नहीं है।",1
"ओह, राहेल.",1
"ठीक है, आधा भूरी।",1
तुम कहाँ जा रहे हो?,1
"ओह, प्यारा, कांच",1
Phoebe!,2
"मैं स्नान करने के लिए जा रहा हूँ, शायद मैं एक थोड़े समय में तुम्हें वहाँ देख लूँगा?",1
"आराम करो, रोस. वह आइसक्रीम से नहीं बनाया गया है!",1
इसे दूषित न करें।,1
यह समाप्त हो गया है! आप,2
वह बहुत प्यारा है!,2
"ठीक है,",1
"यह वास्तव में सही नहीं था, और मैं, और मैं यह करने के लिए आप के लिए करना चाहता हूँ, तो हं, मैं आपको कुछ लाया है कि मैं सोचता हूँ कि आप वास्तव में आनंद लेगें।",0
ठीक है कि एक छोटा सा पागल है. हालांकि मैं y’know खुशी है सुनने के लिए कि आप Internet पर क्या देख रहे हैं पर विस्तार कर रहे हैं.,1
"ठीक है, तो.",1
हाँ तुमने किया! यह क्या था?,1
"ओह, प्रोफेसर क्लर्क हम एक तरह की बातचीत के बीच, यहाँ हैं।",1
तुम लैम्प के साथ क्या कर रहे हो?,1
मैं इस पर बहुत संदेह करता हूं।,0
यह कैसे हुआ?,1
ओह मेरे भगवान. उसने फेंक दिया?,0
"धन्यवाद हेलेन, यह सब होगा।",1
"मुझे एक आदमी को ढूंढने में 28 साल लगे जिनसे मैं अपना जीवन बिताना चाहता हूँ, अगर मुझे फिर 28 साल प्रतीक्षा करनी पड़े, तो मैं 56 साल हो जाऊँगा जब मैं एक बच्चे को जन्म दूँगा, और यह सिर्फ मूर्खता है.",0
उसने hooked up!! हमें उसके बारे में बताओ!,2
"ओह, यह बहुत बुरा है. मैं एक तरह से बचत कर रहा हूँ. हां, आप निश्चित हैं कि मैं भाग लेने के लिए कोई अध्ययन नहीं है?",0
तुम्हें हमेशा उसे यहाँ लाना पड़ता है?,0
"अरे! यह ah है, यह बहुत अच्छा है!",2
जैसा कि तुम के दूसरी ओर के आदमी Smelly von Brownshirt था।,1
तुम ऐसा क्यों कहते हो?,1
ओह!,1
"खैर, मैं करना चाहता हूँ लेकिन... सायकल चोरी हुई और पुलिस में कोई संदिग्ध नहीं है.",2
"नहीं, मैं इस बात को कुछ सप्ताह के लिए पहनना होगा।",2
"आप देख रहे हैं, अब, मैं इस लड़की से मिलते थे।",1
ओह!,1
वह एक तरह की मूर्ख थी।,1
"हाँ, लेकिन प्रतीक्षा करो...",1
"ठीक है, वहाँ अंधा आदमी को देखो? मैं उसके सिर में बाद मेंbash करने के लिए जा रहा हूँ.",0
"मत, सिर्फ यह इतनी तेजी से अस्वीकार नहीं।",0
वह एक है?,1
यह मिठाई का समय है! मेरे कमरे का साथी कहता है कि वे स्वर्ग के छोटे-छोटे बूंदों की तरह स्वाद देते हैं।,2
"ओह-ओह! ठीक है, वह पिट रही है!",2
"यह एक सुरक्षित सड़क है, यह एक सुरक्षित इमारत है, वहाँ कुछ भी नहीं है",1
आप गलत गणना कर रहे हैं।,1
यहाँ दुलहा आता है।,2
मैं एक रिश्तेदार हूँ और मुझे बुलाया नहीं गया था! एक,0
"सुनो प्यारे, अगर मैं गेंद को बहुत ज्यादा खींच रहा हूँ तो तुम सिर्फ वहाँ में फँक जाओ और एक जोड़ी  punches ले लो क्योंकि मैं तुम्हें कह रहा हूँ, यह लगता है",1
"हू, ठीक है! लेकिन हू, अभी भी मैं हूँ-मैं तुम पर पागल हूँ।",0
तुम लोग क्या कर रहे हो?,1
"सफेद कोट पहने लोगों और नीले ब्लैजर पहने लोगों के बीच विभाजन, और मैं अपने आप से पूछता हूँ, ""मेरे भगवान क्यों?!""",0
"अच्छा, अगर जादूगर मेरे बियर को अपने चेहरों से खोल सकता है, तो ठीक है।",1
"यंग! आप एक आदमी-छोटी ठीक है! अब जाओ बदलने के लिए क्योंकि सब तैयार हैं और कृपया, ओह, कृपया, मेरी कमर रखें!",0
"मुझे यहां ठहरने के लिए धन्यवाद! मेरा मतलब है मोनिका का स्थान अच्छा था, लेकिन उसका fiancée निश्चित रूप से बहुत देखता है.",2
"यह ठीक है, तुम्हें पता है, तुम सिर्फ फिर से नोक लगा।",1
मेरे छोटे चाकर को मेरे लिए आज रात क्या मिला है?,2
"हाँ, आप लोग बस बाद में पूल में उसे फेंक सकते हैं?",1
यह कैसे हुआ?,1
हाँ? कार्य समस्या?,1
उसका नाम रोनी है. वह एक pet मरने वाली है.,1
... और एक मशीन के रूप में हमेशा रहने के लिए!,2
"ओह, मैं ऐसा करना चाहता हूँ।",1
हं?,1
"वह अविश्वसनीय है, हमारी माँ है...",0
"ठीक है बच्चे! ठीक है, मैं अब क्या चाहता हूँ?",2
"नहीं, यह ठीक है। इसके बारे में चिंता मत करो।",1
Whazzup??,1
आजी को लाइन में आने की ज़रूरत है.,2
तुम किया! ओह.... मैं हमेशा सोचा था कि तुम सिर्फ मुझे मोनिका के geeky बड़े भाई था सोचा था.,1
मुझे लगता है कि वह मतलब है 'आप,1
तो फिर इसके लिए क्या था?,1
यूनागी। मैं हमेशा यह जानता हूं।,1
हाय!,1
"Hey! आप लोग! यह जाँचें, यह जाँचें! मुझे जो काम मिल गया है Guess.",2
"अच्छा, आप उसे दोषी ठहरा सकते हैं?",0
"ठीक है, तुम जानते हो मैं 29 हूँ। मेरा मतलब है, जो एक बचत खाते की जरूरत है।",1
यह मैं देखना चाहता था से थोड़ा अधिक है।,0
तो मैं यह कर सकता हूँ?,2
"नहीं! आस कम है! आस, दो, तीन, चार!",0
"हाँ, मैं सोच रहा था कि शायद हम टाइम स्क्वायर में जा सकते हैं और कुछ Ninja स्टार उठा सकते हैं।",1
क्या मैं नियंत्रण से बाहर हूँ?,0
"देखो, तुम जानते हो क्या, या तो यह करता है या नहीं है, और अगर आप भी करने के लिए है",0
तुम हो!,2
"नहीं, मैं नहीं जानता, क्योंकि एक दादी होने के लिए आपको शादी करनी होती है और बच्चों को जन्म देना होता है और मेरे पास ऐसी कोई चीज नहीं है।",0
आप एक बड़ा कृपण हैं।,0
और हम ऐसा ही करते हैं!,1
"धन्यवाद लड़कों! मैं वास्तव में इस का मूल्यांकन करता हूँ, आप जानते हैं, लेकिन आप मेरी कूल्हे  rub करने के लिए नहीं है।",2
"ओह, यह बहुत अच्छा है।",2
मैं पूरी तरह समझ रहा हूँ!,2
नहीं. नहीं नहीं नहीं नहीं नहीं नहीं नहीं नहीं. यह Rodney McDowell है. औरी McDowell से आदमी है,1
कितना सूअर!,0
आप सचमुच निश्चित हैं?,1
"नहीं, यह सब ठीक है, आप सिर्फ कर्ता टॉमी छोड़ सकते हैं।",1
मैं कैसे कर सकता हूँ?,1
"ओह, यह ठीक है, मैं इसे याद किया है। यह 1A है।",1
"ओह, नहीं!",1
"अच्छी तरह से, आप क्या सोचते हैं कि यह कितना समय होगा?",1
"ओह हाँ, यह मैं हूँ! क्षमा करें!",1
"हाँ, जोय ने मुझे पहले से ही बताया है, और मैं बहुत-तब अच्छा हूँ।",1
"हाँ, राच, मुझे लगता है कि तुम उस पर अच्छी तरह से काम कर रहे हैं।",1
हाँ!,1
यह बहुत अच्छा है. आप लोगों के लिए अच्छा है.,2
"देखो, आप और मुझे एक उपहार दिया गया है।",1
हमें सामान की जरूरत है।,1
आप क्या सोचते हैं?,1
"ओह, आप जानते हैं, लेखन अच्छा था, और निदेशक अच्छा है, और... और मेरे सह-सितारे का अच्छा है",2
Phoebe जानता है और वह सिर्फ हमें डराने की कोशिश कर रही है! इसका एकमात्र स्पष्टीकरण है!,0
इसका कोई मतलब नहीं है!,0
"जल्दी, उस पैक पर उस बच्चे को वहाँ लक्ष्य.",1
हम खा सकते हैं!,2
"हाँ, हाँ!",0
"ठीक है, मैं हूँ-मैं Phoebe Buffay, है!",2
"अच्छा है, और हे! मेरा इलाज है. लेकिन यह सिर्फ इसलिए है कि आप कुछ नहीं खाते हैं, ठीक है?",2
"""ओह, चंडलर, अब, अब, यह है. वहाँ, तेजी से!""",2
"मैं पिछले रात सोने जा रहा हूँ, सब कुछ सही है!",2
"नहीं मेरा मतलब है-नहीं आप नहीं, आप नहीं, आप-आप",0
"यह ठीक है. मुझे लगता है कि यह किसी को भी हो सकता है, मैं जानने के लिए कोई नहीं, लेकिन... वैसे, मैं अभी भी यह देख सकता है.",1
मोनिका! मैं इसे बिगाड़ नहीं जा रहा हूँ!,0
"क्या? क्या..aa? मुझे पिता को मिल. ارے, हम यहाँ एक पिता की जरूरत है! हम एक पिता की जरूरत है!",0
"अरे, उसने उसे खरीदा था?",1
उह हाँ! धन्यवाद.,2
"हर पांच मिनट में, Joey अपने चिड़ियाँ हवा में फेंकता है, और मुझे सुनना है, ""ऐ मेरी आँख!",0
यह एक द्वीप भी है।,1
"प्रतीक्षा करो, प्रतीक्षा करो, प्रतीक्षा करो, प्रतीक्षा करो.",1
"यह है, यह है, यह बस आह है, एक संयोग है।",1
हमने उस जोड़े को टुकड़े-टुकड़े कर डाला और टुकड़े अपने लिए रख दिये।,2
अरे प्यारा!,2
"बैरी, मुझे माफ़ है...",0
"आप लोग, क्या पता है?",1
क्या-ओह?,2
यह एक असली खेल नहीं है! मैं इसे बनाया है!,0
"और वह दाढ़ी वाला बड़ा आदमी, उसके पास एक टर्क हिप है.",1
"वह वास्तव में महान लगता है, लेकिन वह पूरी तरह से महान लगता है, लेकिन वह दो और आधा घंटे दूर रहता है।",2
"ओह, और बहरे।",1
"ठीक है, मेरी क्रूलर पकड़ें।",1
"भाई, यह मजाक नहीं है!",0
"खैर, चूंकि आग एक तरह से मेरे दोष था मुझे लगता है कि आप यहाँ ठहरने के लिए मिल जाना चाहिए.",0
"उह, डिक्लेविंग बिल्ली.",0
क्या?,1
ठीक है?,2
ओह! तुमने मुझे अभी काट डाला था?,1
"अब, मैं एक अभिनेता के रूप में कभी भी रोने के लिए सक्षम नहीं हो गया है, तो अगर मैं एक दृश्य में हूँ जहां मुझे रोना है, मैं अपने जेब में एक छेद काटता हूँ, एक जोड़ी ट्विजर ले लो, और सिर्फ pulling शुरू कर दिया है।",1
हाँ हू! अपने ऊपर ढाँक!,0
नहीं।,1
जो।,1
"ओह सही है. अच्छी तरह से ओह, आप एक यूक्रेनियन फिल्म देखने के लिए दिलचस्पी होगी?",2
"आप जानते हैं, संग्रहालय के लिए छोटा, और सभी भ्रम से बचें!",1
बर्ट!,2
"वास्तव में, आप लोग कुछ समय के लिए यहाँ रहने के लिए मना है?",1
"यहाँ तक इंतजार करें, यहाँ तक कि पहली बार आपका बच्चा आपके अंगुली पकड़ता है.",2
मैं तुम्हारे भाई नहीं हूँ।,1
लेकिन यह मेरे भवन के बाकी के लिए एक पहला था.,1
"तो, इस बारे में क्या है?",2
"आप एक सफेद कोट पहनते हैं, मैं एक नीली ब्लाजर पहनता हूँ, यदि इसका मतलब है हम काम में दोस्त नहीं हो सकते, तो तो यह हो.",0
"अब, कोब सलाड में वास्तव में क्या है?",1
"सबसे पहले हू, मैं तुम दोनों को इतना प्यार करता हूँ और तुम दोनों मेरे लिए इतना महत्वपूर्ण हैं",2
तुम मुझे बताओगे अगर तुम सही बाहर जा रहे थे,0
"ठीक है, अब आप अभी तक बहुत जीती है?",1
जैसे यह मदद करेगा।,1
हाय! पीट की लड़ाई तक कितनी देर है?,1
जेट उड़ाना?,1
"ओह, हाँ।",1
"माँ, आप आराम कर सकते हैं।",0
मेरे स्वर्गीय पति ने मुझे उस लाइटर दिया है. मैं मसखरा नहीं कर रहा हूँ.,0
"ठीक है, रॉबर्ट सुनो...",1
"नमस्कार, मैं बेन हूँ. मैं अस्पताल के कर्मचारी बेन हूँ. यह बेन है... बचाव के लिए!",2
"नहीं, वह नहीं करता लेकिन मैं कर सकता हूँ, मैं उसे एक संदेश प्राप्त कर सकता हूँ।",1
ओह हाँ.,1
हाँ आदमी. जोय.,1
आराम करो. यह सिर्फ इस्सा की डी. जे.-इन Philly में है. आप आना चाहिए.,1
"ठीक है, फीब्स, आप जानते हैं क्या, अगर हम ऐसा करते थे, हम पहले से ही रीति-रिवाज नहीं कर रहे थे.",1
क्या आप एक अर्ध-निजी कमरे को देखना चाहते हैं?,1
तुम्हें पता है?,1
"निश्चित रूप से, आप कर सकते थे. आप कभी नहीं जानते.",1
"क्षमा करें कि मैं देर कर रहा हूँ, मैं काम में फंस गया था. वहाँ एक बड़ा dinosaur था.. चीज़.. वैसे भी.",1
यह एक अद्भुत रात थी।,2
"ठीक है, मैं एक सेकंड में बाहर हो जाएगा।",1
"ठीक है, यह आधिकारिक है कि कोई अच्छा फिल्म नहीं है।",0
राहेल.,1
अब तुम जाओ! मैं नहीं चाहता कि मेरा सबसे अच्छा अतिथि उसकी आँखें झुकाएँ!,2
औरतों को लड़कों से प्यार है जो शिशुओं से प्यार करते हैं।,1
"फीब्स, यदि यह आदमी हमारे सभी पसंदीदा स्थानों को बंद करने के लिए जारी रहता है, हम कहाँ खाने जा रहे हैं?!",0
"हाँ, मुझे विश्वास है कि हम अब राष्ट्रपति से किसी भी समय एक कॉल की उम्मीद कर सकते हैं।",1
"प्यारे, हम इस सुंदर जगह पर थे, और मैं-मैं-मैं सिर्फ खेल के लिए हमारे नाम नीचे डाल दिया!",0
"अरे, दोस्त, क्या हो गया है!",2
तो जब तक यह मंच गर्म है आप के बारे में चिंता करने के लिए कुछ भी नहीं है।,1
"नहीं, लेकिन मैं अपना काम कर रहा था और सब कुछ योजना के अनुसार चल रहा था!",0
"शायद! अच्छी तरह से! अच्छी तरह से... अच्छी तरह से ओह, किस तरह का संगीत नाब नाट्स करता है-ओह इसे भूल जाओ! मैं नहीं कर सकता!",0
"Hey मोन, तुम भी कुछ अधिक लज्जा बनाना चाहते हो, क्योंकि कुछ हो सकता है कि यह का एक बड़ा टुकड़ा हो गया है।",1
धन्यवाद प्यारे दिल. मुझे यहाँ थोड़ा चीनी दे दो. ठीक है.,2
"कुछ नहीं, वह बस वास्तव में उस पर विश्वास करता है।",1
"Hey, Hang up! तुम सिर्फ उस जगह से बात कर भोजन जहरीला हो जाता है.",0
उस लड़के ने मुझे हवाई जहाज पर बहुत सख्त से मार डाला।,0
पुनः भरें?,1
ब्रुकलिन हाइट्स,1
पिछले रात! मैं सिर्फ यह महसूस किया और मैं Joey के कमरे में गया और वह सो रहा था,2
यह आपका फोन होगा।,1
"मुझे आप से बात करने की जरूरत है, यह बहुत तात्कालिक है. यह मोनिका और चंडलर के बारे में है.",1
आप कर सकते हैं?,1
"आप जानते हैं, आप यहाँ भी नहीं होना चाहिए, यह एक स्कूली रात है।",0
"आह, हम बाहर हैं. मैंने उन्हें सब बेच दिया.",1
और मेरे भीतर का मोटा लड़की सचमुच जाना चाहता है।,2
"नहीं, नहीं, वास्तविक कार्टून पात्र. वास्तव में गेंद. यह सभी समाचारों पर है. ठीक पहले कि वह पहुँच गया है",1
"नहीं, मैं इससे पहले समस्या में फंस गया था. मैं आप बाद में देख लूंगा.",1
"सुनो, क्या आप मुझे कोई फ़रियाद कर सकते हैं?",1
कौन सा संगीतज्ञ?,1
"अरे, क्या हो गया है?",1
तो आप,1
चलो!,0
"मैं सचमुच इस अपार्टमेंट की गुम हो रही हूँ. आप जानते हैं, बेन-बेन अपने पहले कदम वहीं पर ले गया था.",0
आप हमें बताने से पहले तुमने उसे बताया?,1
तुम्हारे पैर कितने छोटे हैं?,1
तो क्या आपके पास कैमरा नहीं है?,1
"हाँ, पनीर केक का एक टुकड़ा और-और एक तारीख अगर आप 'उनके बाहर दिया जाता है.",1
अब मुझे भौतिक दुनिया को जीतने का समय आ गया है।,1
यह कठिन है।,0
क्या ऐसा है?,1
"नहीं! नहीं सर हं, वह मेरे लिए बहुत महत्वपूर्ण है. मेरा मतलब है, मैं परवाह करता हूँ-मैं रचेल से प्यार करता हूँ.",0
क्या आप निश्चित हैं कि आप यह करना चाहते हैं?,1
"नहीं देखो, मुझे विश्वास है कि लोग जानते हैं कि आप मौजूद हैं!",0
क्यों हम एक परीक्षण रन नहीं करते।,1
"अरे, मैं सिर्फ देख नहीं सकता। यह बहुत डराता है!",0
"හේ, आप जोय का एक काम करना चाहते हैं, शायद आप जोय के साथ बाहर जाओ.",1
मैं इसे नहीं पाया?,1
"ओह, आप ऐसा कर सकते हैं! ओह, आप कि वैसे भी मिल जाना चाहिए. क्लबिंग के लिए की तरह.",0
नहीं! नहीं! नहीं! कोई मुझे नहीं मार सकता।,0
मैं एक रोग कहना चाहता हूँ।,1
"ओह... मेरा मतलब है, दो सबसे अच्छे दोस्त प्रेम में पड़ते हैं, कितनी बार ऐसा होता है?",2
आप इस बात का मतलब है।,1
ठीक है. यह शायद सबसे रचनात्मक समाधान होगा.,1
"ओह हाँ, ठीक है वहाँ कॉफी भी है. रेशेल दो चीजें एक साथ ले जा सकता है!",2
"ठीक है, मैं यह कर सकता हूँ।",1
"मैं जानता हूँ, यह बहुत अच्छा है!",2
"ठीक है, देखो, यह शायद मुश्किल है लेकिन चलो, यह रोस है! मैं उसके साथ कॉलेज से बच गया!",1
"कूक, कूक, कूक, कूक, है.",1
अंतिम मेण जलने के लिए तैयार है।,1
"अच्छी तरह से रॉस, आप अब सावधान हो. आप अपने प्रोफेसर McNailshisstudents के रूप में एक प्रतिष्ठा प्राप्त करने के लिए नहीं चाहते हैं पता है.",2
मैं इस पर विश्वास नहीं कर सकता!,0
Blue blazer वापस. वह-वह इसे वापस चाहता है.,1
ओय!,0
"मैं नहीं जानता, चंडलर उन्हें चारों ओर पासिन होना चाहिए है...",1
"ओग-ई-ओप, मैं मेरे लिए नहीं पूछता हूँ, मैं हूँ... मेरा मतलब है... नहीं, मैं हूँ-मैं गे नहीं हूँ, मैं तुम से बाहर नहीं पूछता हूँ.",0
"मैं विशेषताओं को पसंद करता हूँ, विशेषताओं का सबसे अच्छा हिस्सा था!",2
"बस तुम्हें पता है, हम उसे कल नहीं देख रहे हैं।",1
"तुम्हें क्या पता है? मैं आप से बात नहीं कर रहा हूँ! आप सोने के लिए वापस जाओ! और आप, आप एक बलात्कारी हैं!",0
मैं चाहता हूं कि वह अपने चाचा को ले आए।,0
देखना चाहते हैं?,1
वह मेरी ओर देख रहा है।,1
किसके साथ?,1
"तो, आप लोगों के लिए बाजार में क्या कर रहे हैं? हम uh, scarves, टूलप पोस्ट कार्ड हैं...",1
अरे माँ!,2
हम अब इस के साथ आने के लिए नहीं है।,1
"नहीं, इन परिस्थितियों में यह इंजेक्शन होना चाहिए और यह अभी होना चाहिए।",1
अच्छा है!,2
"ओह, अब तुम मुझे खो गए।",0
"ओह, मैंने सोचा था कि आप लोग मरूआना सिगरेटों का मतलब रखते हैं, आप जानते हैं?",1
तुम इतनी कुशल हो. मैं तुम्हें प्यार करता हूँ!,2
पसंदीदा वापसी पुरुष पात्र की श्रेणी में नामित हैंः John Wheeler से,1
"हाँ, जोना वास्तव में मेरे लिए एक अविश्वसनीय परामर्शदाता रहा है।",2
"ठीक है प्यारा, आप इसे कर सकते हैं. बस खोलें और अपने मुंह में डालें.",1
"और कभी-कभी मैं अधिक दूर हो सकता है, इस तरह।",1
"हाँ, मुझे लगता है कि गलत है, लेकिन वहाँ एक कनेक्ट द डॉट्स यहाँ आप के लिए बाद में है.",1
मैं तुमसे ज्यादा उसकी तरह लग रहा हूँ!,0
"अच्छा है, जब वह अपने कुंजियों के लिए वापस आएगा, मैं निश्चित रूप से उसे आपके जूते देंगे।",1
"तो, आप बच्चे अभी खा चुके हैं?",1
मैं सोच रहा था कि अगर हम एक... एक बड़ा लड़का था और uh हम कुछ घंटे के लिए टूट गया था,1
और मुझे एक कमरे से निकलने से पहले 17 बार प्रकाश स्विच चालू और बंद करने की जरूरत है या मेरा परिवार मर जाएगा।,0
हमें कुछ के लिए सिर सौंपना होगा।,1
"देखो, मैं तुम से प्रेम कर रहा हूँ, जैसे, नौवीं कक्षा से.",1
ऐ मेरे भगवान! तुम कहाँ जा रहे हो?!!,0
क्या तुम लोग मुझे नहीं देख सकते?,2
आपका पसंदीदा!,2
कोई राजा को नहीं देखता!,0
तुम ठीक हो?,1
"हाँ, यही है?",1
महान है. महान है.,1
"Joey. Joey, कुछ अजीब लगता है और नहीं अच्छा अजीब. मैं नहीं-Whoa!!",0
"नहीं, लेकिन वे मुझे व्यक्तिगत खरीदारी में फंसा. जो सिर्फ एक है",0
"तुम एक जलपरी हो, हं?",1
लड़का?,1
अच्छा विचार है. आप कहाँ दोपहर के लिए जाना चाहते हैं?,1
मैंने कप का खेल जोय को पैसे देने के लिए एक तरीका के रूप में खोजा।,1
"ओह, यह पांच रोस है. पांच महिलाओं ने पांच बच्चे पैदा किए हैं! और मैंने कोई बच्चे पैदा नहीं किया है! क्यों वह बाहर नहीं आना चाहता है?",0
किसी आदमी ने इसे खरीदा. मुझे क्षमा है. मैं इसे रोकने के लिए थक गया लेकिन वे मुझे जेल में डाल दिया!,0
... Phoebe...?,1
"ओह हाँ. तो हं, तुम मेरे लिए एक उपनाम था?",1
ठीक है. यह सामान?,1
"खैर, मैंने कहा था कि मैं",1
ओह! क्या इसका मतलब है,0
"ठीक है सर, um-mm, चलो देखते हैं कि क्या मैं यह सही है।",1
मैं जानता हूँ! आप देखते हैं यह इस तरह की चीज़ है जिसके लिए आप जहन्नम में जल रहे हैं!!,0
"अरे! वह सुंदर है, हं?",1
"तो, तुम सचमुच उस नर्स के साथ बाहर जा रहे हैं?",1
ओह! उसे बाहर फ्रिज करें.,2
"अगर आप मुझे बता दें, तो मैं आपको बता दूँगा फ़ीबे ने क्या कहा था.",1
आप को अपने आप की देखभाल करनी चाहिए!,1
इतनी तेजी से नहीं Wesley!,0
"लेकिन, अब जब आप नहीं हैं, मैं वास्तव में कभी बाहर आप से पूछना चाहता हूँ।",0
अरे! आप अपने बच्चे को देखने के लिए जीवित रहना चाहते हैं!,0
मुझे अच्छा है कि आप को मेरे होटल के कमरे में नंगा न पाया जाए!,2
"यह शर्मनाक था, बच्चे मुझे हँसते थे।",0
यह एक डायपर विज्ञापन है।,1
क्या तुम रोक सकते हो!,0
"ओह... ओह, यह ठीक है मैं जब लोग वापस आ जाते हैं कि चाकर को पूरा करने के लिए बुरा है।",1
आप पॉल से मिलना बहुत अच्छा है।,2
और! Isabella Rosselini.,2
उसे कुछ पैसे दो।,1
"नहीं, भगवान नहीं! यह एक औरत के लिए कोई जगह नहीं है. वे लोग कुछ भी पकड़ेंगे.",1
क्या मैं हस्तक्षेप कर रहा हूँ?,1
"धन्यवाद नहीं, माँ!",0
"मेरा मतलब है, आप दो-में हैं... मेरा मतलब है, मैं सिर्फ एक अच्छा है करने के लिए भाग्यशाली हूँ",1
मैं इसे फिर करना चाहता हूँ।,0
मैं आज बाहर जा रहा हूँ।,1
हो?,1
क्यों? मैं उस चीज़ को पसंद करता हूँ.,2
वे सभी अच्छे और सभी मीठे चीजें नहीं देखते।,0
मोनिका? तुम मेरे बारे में बहुत गर्व होना जा रहा है. मैं सिर्फ हमें दो अविश्वसनीय रूप से प्यारे नर्सों के साथ डेट मिला.,2
"तो यह y'know है, यह uh है, यह सही है।",1
अरे भगवान! तुम यहाँ क्या कर रहे हो?,1
"ठीक है, लेकिन मैं तुम्हें बता दूँगा कि एक बार मैंने उसे यह बातें सिखायीं तो उसने मुझे Fun Aunt Rachel कहा।",0
"ओह भगवान... ठीक है. ठीक है. ठीक है. ठीक है. रॉस, कृपया मुझे घृणा न करें.",0
"चंडलर, मेरी सुनो प्यारा, मैं जानता हूँ आप यह कर सकते हैं. ठीक है? आप एक सुंदर मुस्कान है.",1
"ओह-हो हाँ! लयात्मक शब्दों के साथ एक गीत. ओह, मैं इससे पहले कभी नहीं सोचा था.",0
"ओह, तुम बहुत मीठे हो!",2
"ठीक है, मैं तुम्हें कहूँगा कि मुझे गुनाह का आनंद है, लेकिन, ah, यह मैं नहीं था.",0
तो तुम कैसे जानते थे कि मैं यहाँ भी था?,1
"अरे, जब मैं एक नाटक में हूँ और आप श्रोताओं में हैं, मैं आप से बात नहीं करता है, ठीक है?",1
अब वह वह आदमी होगा कि वह भी आप के बारे में शिकायत करने के लिए जाता है.,1
अरे आप लोग!,2
"यह तो Janine है, आप-आप-आप क्या जानते हैं, आप जानते हैं कि हम अभी क्या कर रहे हैं?",2
"सुनो, मैंने इस बारे में बहुत सोचा है कि मैं तुम्हें यह कैसे कहूँगा और अंत में, रोस, हम शादी नहीं कर सकते हैं।",0
मेरा मतलब यह बिलकुल नहीं है।,1
अरे वा!,1
मुझे लगता है कि वह कहाँ है। यह बहुत अजीब है।,1
"Aw इसे भूल जाओ, यह से है",1
"ठीक है, वहाँ था",1
Hey! हम जहां हम छोड़ दिया है ऊपर उठा सकते हैं?,2
हाँ. हाँ. बस यहाँ और वहाँ.,1
"ओह, शायद यह है।",1
मुझे लगता है कि मेरे चरित्र की जरूरत है कि उस से कुछ अधिक कारण।,1
"तो यह कहा गया है कि 2030 तक, वहाँ कंप्यूटर होंगे जो एक वास्तविक मानव मस्तिष्क के समान कार्यों की संख्या निष्पादित कर सकते हैं।",1
"अच्छा, किसी और को बदलने के लिए क्यों नहीं सोचते?",0
"ओह नहीं यह ठीक है, इसके बारे में चिंता मत करो।",1
हम यह भी नहीं जानते हैं कि हम यह क्यों कर रहे हैं।,1
"हाँ, हाँ, यह करता है. ठीक है, देखो, रेस्तरां बुलाया, वे जानना चाहते हैं कि क्या आप काम के लिए प्रकट होने जा रहे हैं?",1
लेकिन आप लोग मेरे बारे में क्या लगता है वास्तव में महत्वपूर्ण है क्योंकि मैं-मैं एक स्थायी नौकरी यहाँ पाने की आशा कर रहा हूँ।,1
क्या?! ओह मेरा... ओह मेरा भगवान!! क्या हुआ?!,1
मैं तुम्हें बाहर क्यों नहीं ले जाऊँ?,1
"हाँ. तुम क्या कहते हैं, चलो किसी भी मानव वैज्ञानिकों को बुलाने के लिए नहीं, केवल डायनासोर आदमी!",1
"हाय, प्यारे!",2
और मैं आशा करता हूँ कि बैरी तुम को मारता नहीं है और अरूबा में तुम्हें खाता है।,0
मेरा!,1
"मैं एक महिला मोनिका हूँ, मैं चुंबन नहीं करता और कहता हूँ. लेकिन यह उछलता अपने लिए बात करता है.",2
वह मेरे फर्श को रोक रहा है।,1
ऐसा नहीं सोचा था!,1
"अच्छी तरह से तुम्हें पता है जोय, तुम एक बहुत मोहक आदमी हो।",1
"Uh-oh, मैं एक और आने वाला महसूस करता हूँ।",0
मैं 33 साल का हूँ।,1
महान है! अच्छी तरह से umm,2
"और बहुत जल्दी आप कहेंगे, 'हाई,' और, और, और, और, 'मैं नहीं जा सकता, राहेल और मार्क वहाँ हो सकता है।'",0
नहीं-नहीं! आप अपनी नींद की जरूरत है. रात-रात! शू!,0
क्या तुम्हें याद है कि मैं तुम्हें पाक-कला स्कूल से उस आदमी के बारे में कहा था कि सभी के साथ cilantro रख दिया था?,1
"लेकिन तुम्हें पता है हं, रेशेल डूडले के साथ लय नहीं करता है।",1
"ठीक है, यह इतना बड़ा नहीं है-.. ठीक है, यह सच है,.. जी, आप जानते हैं, कोई-कहीं-कहीं पहले यह इस तरह रख दिया है.",1
"एक Jugoslavian क्यों नहीं?""",1
कैमरे? याद है कि मैंने कल रात तुम्हें उन्हें लेने के लिए कहा था?,1
"चुनो, तुम बदचलन!",0
"नहीं, हम अच्छे दोस्तों की तरह हो रहे हैं, इसलिए यह अजीब हो जाएगा.",1
उहह.... वह भी एक जॉक्सट्रैप पहना नहीं है!,1
ओह! कौन-सी आजीबाई?,1
"ओह! ठीक है, हं, ठीक है, हं,",0
"रोस-रोस, तुम नहीं जानते कि यह मेरे लिए क्या मतलब है!",2
यही सब होगा।,1
फिर हम इस बार में गए और उसने हमें इन सब महिलाओं के साथ जोड़ दिया!,2
"... हाँ, वे भयानक थे।",0
तुम कब घर आ रहे हो?,1
"मेरी दादी के पास एक नया दोस्त है, और वे दोनों बिस्तर में एक तरह की असुरक्षित हैं।",0
ओह मेरी!,1
ओह! शायद अगली बार. एक सुंदर शाम के लिए धन्यवाद.,1
"और इसके अलावा, hey-hey-hey कोई भी करने के लिए जा रहा है",1
"ओह, महान. हालांकि मैं वहाँ एक कुर्सी नहीं था बैठा था.",1
मैंने बूबीज़ को वर्णित किया।,2
वहाँ क्या है?,1
मैं आशा करता हूं कि आप भी ऐसा करेंगे।,1
"मैं आपको बताना चाहता था, लेकिन",1
पैट साजक?,1
"प्रतीक्षा-चुपके-चुपके, प्रतीक्षा! pupppies. cute या ugly?",1
"वाow! क्षमा करें. तो uh, कैसे नए लोग हैं?",1
मुझे अच्छा हो गया है।,1
उसके बिना यह करने का कोई तरीका नहीं है?,1
"प्यारा, वह Isabella Rosselini पर Hit करने के लिए जा रहा है. मैं सिर्फ खेद है हम popcorn नहीं मिलता है नहीं है.",2
अच्छी तरह से आमतौर पर... हाँ!,1
उसकी हँसी मत करो!,0
"चलो प्यारा! तुम पिछले दो सप्ताहों के लिए हर रात देर से काम करने के लिए पड़ा है, यह इस बार क्या है?",0
मैंने किया!,2
"Joey, कृपया ऐसा न करें. मैं यह अच्छा लगता है कि हम बस इसके बारे में भूल जाना है.",0
नहीं?,1
"मोना? ठीक है, अगर मैं एक साल्मोन कुर्ता होता, मैं कहाँ होता?",1
मुझे चिंता नहीं है! मैं नहीं छोड़ रहा हूँ! मैं इस खेल को पूरा करने पर जोर देता हूँ!,0
"हाँ, अगर हम उन डिनर आरक्षण करना चाहते हैं तो हम पर एक कदम उठाना चाहिए.",1
"क्या! कि-ऐसा पूरा रास्ता है कि शहर के पार, मैं वहाँ दस मिनट में एक स्नातक सेमिनार अध्यापन करने के लिए किया जाना है।",1
हम अभी भी इस दरवाजे के इस पक्ष पर हैं।,1
कौन?,0
डरा हुआ।,0
शायद मैं उसे उस नए फ्रांसीसी रेस्तरां के नीचे सड़क पर ले जाऊँगा,1
"यह पूरी तरह से सामान्य है, चौथे महीने के आसपास आपका हार्मोन पागल हो जाता है।",1
तुम ऐसा नहीं कर सकते!,1
अब कोई भी मिनट।,1
क्यों नहीं?,1
"और मुझे पागल कहते हैं, लेकिन मुझे लगता है कि वह मुझे भी पसंद करता है.",1
यहाँ हम फिर से जा रहे हैं।,0
तुम मुझे भी नहीं जानते...,0
हाँ!! मैं यह जानता था!! बाइ-बाइ! बहुत देर! बाद में!,2
दूसरा,1
क्या यही कारण है कि जूनियर हाई में आप एकमात्र थे कि उस यूक्रेन के बच्चे के साथ बाहर हो गया था?,1
"हम, हम अपने सैर से वापस आते हैं और फोन बज रहा था...",1
उनके पास वहाँ सबसे अच्छा सामान है।,1
हो गया!,2
"ओह मेरे भगवान चंडलर, जो तुम चुने गए हो गया है. यह खत्म है!",0
मैंने अभी जैनिस को देखा था।,1
ठीक है. मैं आपको मेरे विचार बदलने के लिए एक मौका देता हूँ. आप एक मिनट है.,0
यह अंगठ से भी बुरा है!,0
"Uh, फीब्स, अपने माँ के बारे में...",1
"जो कुछ मैं जानता हूँ, वह मुझे ढूंढने की कोशिश कर रही है लेकिन नहीं कर सकी क्योंकि मैं आसपास चल रहा था.",1
"हाँ, मैं उस पर बहुत देर तक क्रोधित नहीं हो सकता था।",1
"अरे, आप जानते हैं क्या, वह राजनीतिक है, वह शायद तुम्हें यह नहीं देंगे, जब तक कि आप पहले चार कैन्से खाना दान नहीं किया है।",0
Uh-oh.,0
वह Casey होगा। हम आज रात बाहर जा रहे हैं।,1
"हाँ, तुमने मुझे उस लड़की के साथ बाहर जाने के बारे में वास्तव में अपराधी महसूस किया!",0
अरे मेरे भगवान! यह दाऊद है!,1
आप इन चीज़ों की योजना नहीं बनाते।,1
"ठीक है, मेरे प्रशिक्षक, हो चि, मुझे Gee Koon Doe और ब्राजील की सड़क लड़ाई के एक संयोजन को सिखा रहा है, मैं भी मेरी अपनी ऑक्टोगन प्रशिक्षण रिंग डिजाइन किया गया है।",1
मुझे लगता है कि यह गाम है।,1
"ठीक है, वह कहाँ है? वह यहाँ होना चाहिए. क्या होता है यदि बच्चे को उसकी जरूरत है?",1
"ओह, यह इतना अच्छा है कि आप इसे प्रयास करने के लिए है।",2
मैं देखता हूँ. एक अच्छा छेड़छाड़ करने के बारे में काम करने के लिए रास्ता है.,1
यह अभी भी काम नहीं करता है।,2
"ओह मेरे भगवान! आप बच्चों के बारे में बात कर रहे हैं सुनो. ओह मेरी Joey. ओह, कृपया मैं करने से पहले शादी न करें.",1
यही है?,1
तुम ऐसा कर सकते हो!,2
हो सकता है?,1
ठीक है! ठीक है!,2
"कुछ नहीं, कुछ नहीं।",2
"अरे, आप लोग कुछ कैसे किया जाता है?",2
"देखो? और आप अगर लोग देख रहे हैं पर ध्यान नहीं देते, यह सिर्फ एक दूसरे कारण के लिए है तो आप जाते हैं!",1
"अच्छी तरह से hey, तुम के लिए इन रिव्यूओं ने कौन किया था?",1
ठीक है,1
"नहीं, तुम छोड़ दो!",0
"देखो, उसने सिर्फ अपने हाथ उसकी कूल्हे पर रख दिया...",1
... पक्षी... पक्षी आदमी!,0
वह मुझसे झूठ बोल रही है!,0
ठीक है... चलो बस कहते हैं,1
"ओह, हाँ, हाँ, हाँ...",1
"हाय-हाय, अब वह हमें अपने पॉकिंग उपकरण दिखा रहा है।",1
"ठीक है, नहीं, मुझे कमज़ोर नहीं लगता है, लेकिन, मैं?",1
मुझे विश्वास नहीं है कि उसने उसे याद किया!,1
"Hey, क्या तुम लोगों ने वहाँ ऊपर उठाने के लिए किया था?",2
"एक पैर पर वाक्सिन और मलईदार पट्टी लागू करने के बाद,",1
"निस्संदेह, कोई समस्या नहीं. ओह-है, डोनट्स!",2
यहाँ मैं हूँ।,1
"मैं सिर्फ कह रहा हूँ कि अगर कुत्ते जेट लैग का अनुभव करते हैं, तो, पूरे हं, सात कुत्ते साल से एक मानव वर्ष बात के कारण, तब, जब एक कुत्ता न्यूयॉर्क से लॉस एंजेलिस उड़ता है, वह केवल तीन घंटे नहीं खोता, वह एक सप्ताह और आधा खोता है.",1
यही मेरा काम है।,1
"ओह, जैसे मैं तुम्हें हानि पहुंचा सकता है. आप मेरे आकार के बारे में मजाक कर रहे हैं? मेरे आकार के कारण मुझे मजाक मत करें!",1
"ओह! मैं जानता हूँ! यह इसलिए है कि... वह सुंदर है, और वह आकर्षक है, और जब वह तुम्हें देखता है...",0
"हाँ, वास्तव में उसने ऐसा किया, इसलिए मैं तुम्हें नहीं छोड़ सकता।",1
"ठीक है, लेकिन मेरे पास बैलरूम नृत्य फाइनल के दो टिकट हैं।",1
"ठीक है, तुम वहाँ नहीं थे।",0
आप दो वास्तव में इसे छोड़ सकता है! मैं मिल जाना जा रहा हूँ जा रहा हूँ.,2
ओह सचमुच? फिर क्यों कोई भी यहाँ उन्हें नहीं पहनता है?,1
और हम दो बार बाहर गए थे सिर्फ सिर्फ अजीब था।,0
"तो क्या, जैसे लोग आएंगे और सोचेंगे, ""यूह-ओह, मैं बाहर फिर हूँ?""",1
"तो, क्यों हम सिर्फ ठीक से शुरू नहीं करते?",1
Phoebe?,0
हम केवल दस सेकंड बाद तुम हो!,1
"अच्छी तरह से आप जानते हैं, कुछ लोग एक दोस्त के साथ सौदे करते हैं, जैसे कि अगर उनमें से कोई भी 40 साल की आयु तक शादी नहीं है, वे एक-दूसरे से शादी करते हैं।",1
उसके पास कोई नहीं है।,1
"ओह!... हेलो, प्यारा.",1
आप जानते हैं कि मैं क्या सोचता हूँ यह है?,1
"मैं एक बड़े डे होने जा रहा है, क्या आप एक अच्छा रेस्तरां जानते हैं?",1
"धन्यवाद. हे, सुनो, क्या आप कभी एक फिल्म या कुछ करने के लिए जाना चाहते हैं?",1
कैरोल हमारी यौन जीवन है-यह बस काम नहीं करता है,0
और फिर जो भी फोन प्राप्त करता है।,1
"मेरा मतलब है, मुझे लगता है कि यह दोनों तरह से हो गया होगा।",1
"हम यहाँ ध्यान केंद्रित कर सकते हैं, एक नंगे आदमी का जीवन संतुलन में है!",0
आप मानते हैं कि इस आदमी के लिए किसी और के लिए नियतित है और आप अभी भी उससे मिलना करने के लिए जा रहे हैं?,1
"हं, ठीक है वेन, मेरे साथ स्तर।",1
और ऐसी बातें कहें।,2
"मैं bing, bing, bing की तरह हूँ।",0
"देखो, क्या आप नहीं देखते कि यहाँ क्या हो रहा है।",0
"अब, माँ, सब कुछ ठीक हो रहा है, सचमुच।",1
Hey! Hey! मेरे पोर्श के आसपास सावधान हो जाओ!,0
"ओह. नहीं, यह ठीक है, वह एक दोस्त है।",1
"मुझे जाना है. मैं भी तुम्हें खेद करता हूँ, मैं तुम्हें प्यार करता हूँ, लेकिन यह अब बहुत देर हो रही है",0
"Hey, यहाँ एक सवाल है; तुम लोग मिसिसिपी के पूर्वी सबसे अच्छा लकड़ी कहाँ मिल गया था?",1
उमा थर्मन।,1
"तुम्हें क्या पता है? मैं अपने बाएँ हाथ से यह नहीं कर सकता! क्या आप कृपया, इस के साथ भी मेरी मदद कर सकते हैं?",0
"और यह निकला, ""स्क्वैटरनट बश?""",2
हम बिस्तर पर रात्रिभोज ले सकते हैं,2
विgustingtons को क्या हुआ?,1
"ओह, हे, आदमी मैं जानता हूँ, हम कितना उन्हें प्यार करते हैं कोई भी बात नहीं है, एकल विवाह बहुत क्रूर नियम है।",1
"हं. हं, मैं-मैं बस करने जा रहा हूँ-",1
"ठीक है, Joey Tribbiani मुझे अपने फ्लैट में वापस बुलाया, अब वह यह बहुत से लड़कियों के साथ करता है?",1
"अच्छी तरह से, आप कैसे एक पर्यटन गाइड हो सकता है, आप एक dinosaur विशेषज्ञ या कुछ नहीं होनी चाहिए?",1
तुम्हें पता है कि मैं क्या छोड़ नहीं जा रहा हूँ?,0
यह आप है. यह आपका है.,1
"मेरा मतलब है कि सुबह की एक सुंदर तस्वीर नहीं है, आप जानते हैं मेरा मतलब क्या है।",0
"पिंग पोंग? प्यारे, उनके पास पिंग पोंग है! चलो खेलते हैं!",1
"हाँ, शायद।",1
मुझे लगता है।,0
मुझे बहुत अफसोस है कि मैंने तुम्हारे कुर्ते पर शराब spilled.,0
"और-और आपको यह न की जरूरत नहीं है, आपको यह न की जरूरत नहीं है कि Custom-made, empire-waisted, duchess, satin gown; आप rack से पहन सकते हैं।",1
मुझे ऐसा लगता है।,2
हम सिर्फ वास्तव में... इस खैरात समारोह के बारे में बहुत उत्साहित हैं कि हम जाना है।,1
ओह-ओह प्रोफेसर गेलर।,1
"ठीक है, hypothetically, मैं 40 साल की उम्र में शादी क्यों नहीं करेंगे?",0
यह आपकी टाइमर है।,1
कभी?,1
"हमारे पास पहले से प्यारे गायों और टर्कियों की जमीनी-up मांस है, ew...",0
"मैं वास्तव में तुम एक अच्छा बिंदु कर रहे थे सोचा था. मेरा मतलब है Y'know, यहाँ तक कि तुम काट दिया गया था.",1
मुझे विश्वास नहीं है कि वे-उन्हें भी हमें नहीं बताया था!,2
ठीक है रॉस! कृपया मत मरें!,0
... ओह भगवान।,0
Fantastic! मेरे पास एक सवाल है: यह कैसे संभव है?,1
अरे! आप लोग वास्तव में कुछ नहीं जानते!,1
"मैं देख सकता हूँ, मैं देख सकता हूँ।",1
क्या-क्या?,1
क्या तुम डरते हो कि तुम बाहर निकल जाओगे?,0
"अब उस एक कार्ड का मूल्य 100 डॉलर हो सकता है और आपके कुल 1,500 हो सकता है।",1
यह सिर्फ एक शराबी गलती थी और मुझे इसे रद्द करने की जरूरत है.,1
"मैं इस जगह से प्यार करता था! आपको सच कहने के लिए, मैं चाहता हूँ कि मैं नहीं चलना था.",2
"ठीक है, यह सिर्फ जब मोनिका और मैं उनके लिए नाच रहे थे यह था... पहली बार मैं जानता था कि... तुम मैं अपने सभी नृत्यों के साथ नाचना चाहता था महिला थे.",2
सिड अभी भी अपने कमरे में है।,1
"ओह सर, मैं आपकी टिकटें देख सकता हूँ, कृपया?",1
अगर आप शादी करते हैं तो मैं दो मेहमान ला सकता हूँ?,1
मुझे विश्वास नहीं हो सकता!,1
"तो, शनिवार को आप मिलेंगे।",1
"ठीक है, आप बस करने के लिए करने के लिए जा रहे हैं।",1
"मैं क्या कर रहा हूँ... मैं, मेरे साथ काम करने वाले लोगों के लिए समर्थन की एक वातावरण बनाने का प्रबन्ध कर रहा है.",1
"हां, हां, हां, यह नियम नहीं है और आप जानते हैं।",0
तो वे क्या कर रहे हैं?,1
"अरे राच, सुनो",1
फिर दौड़ते रहें।,1
नूह-अह.,0
ओह भगवान! मैं उसे प्यार करता हूँ!,2
"ठीक है, हमारे अगले खोलें. हमारे अगले खोलें!",2
मुझे लगता है कि आप इस कमरे को आप के लिए अधिक पसंद करेंगे।,1
"ओह, चुप रहो. आप जानते हैं, यह एक पुनर्गठन वर्ष है. आप... वाह!",0
"यह एक uh है, कि एक कठिन संयोजन है।",1
जोय? क्या हो गया है?,1
"खैर, मैं एक शॉट लेने के लिए जा रहा हूँ कोई तरीका नहीं है।",0
"ठीक है, तुम्हें क्या पता है, मैं अपने बेटे के साथ खान-पान करने के लिए जाना है, मैं इस बात पर भरोसा कर सकता हूँ कि जब आप Phoebe को देखेंगे, आप उसे बता देंगे.",1
मुझे मिला.,1
"हम 3, 2 में हैं,",1
पीहब्स! हे पीहब्स!,2
तुम कभी प्रेम में थे?,1
"ठीक है, मैंने कहा हाँ।",0
"क्या आप आह है, Phoebe Abott?",1
हम प्रेम ढूँढेंगे!,2
मुझे विश्वास नहीं है कि मेरे माता-पिता वास्तव में मुझे आप लोगों में से एक को ढूंढने के लिए दबाव डाल रहे हैं।,1
"यह है, यह महान है!",2
और यह एक तरह से बेहतर के लिए काम करता है।,2
मुझे लगता है कि वह अभी भी बाहर है. क्या हो गया है?,2
मेरा पीना?,1
क्या? आप सिर्फ क्लिक करते हैं जब वे क्लिक करें।,1
"ओह हाँ? यहोशू, मुझे कभी एक कॉल कर दो, ऐसे लोग जैसे आप कभी भी शैली से बाहर नहीं जा सकते-आप क्या फेंक दिया था?",1
वह एक लाख साल में ऐसे किसी औरत को कभी नहीं पा सकता था।,1
आह!,1
"आह, आह, मैं तुम्हें एक लंबे समय से देय क्षमा. मैं कभी भी तुम से विच्छेद नहीं किया जाना चाहिए था क्योंकि तुम अधिक वजन थे.",1
"है. अच्छी तरह से, देखो, मैं सिर्फ एक संदेश छोड़ने के लिए जा रहा था, नहीं है आज रात आपके, आपके बड़े वर्षगांठ के भोजन?",1
तुमने कहा था कि यहाँ गैस लीक है।,1
"कोई भी आदमी, तुम एक आदमी को चुंबित किया।",1
लेकिन उसने मुझे फोन पर बताया।,1
"मुझे क्षमा है, तो हं, तो हम कहाँ हैं?",0
मेरा जूता!,1
"मैं अच्छा हूँ सिवाय एम एम, आप अभी भी मुझे एक नृत्य करने के लिए ऋणी है।",1
नहीं-नहीं यह नहीं है!,0
तुम कैसे हो रहे हो?,1
"मैं Ultimate Fighting Champion बनना चाहता हूँ! यह दुनिया में सबसे अधिक तीव्र शारीरिक प्रतियोगिता है, यह 49 राज्यों में प्रतिबंधित है!",2
उसके बटुआ के नीचे चमकदार छोटे-छोटे मींट।,1
"ओह, हे, ऐसा मत करो! इसे बाहर काटें!",0
"अच्छा, उसके पास जाओ! वह किसी के साथ नहीं है.",2
"तो क्या, तो क्या तुम उसे एक लड़की के साथ देखा?",1
"पता है, पिछले रात तुम्हारे लिए भी शर्मनाक थी.",1
"यह एक अच्छा विचार है, ‘प्रिय जानिस एक हब्बा-बुब्बा जन्मदिन’। मैं उसे कुछ गंभीरता से प्राप्त करना चाहता हूँ।",0
"ओह, खेल खत्म है?",1
"क्लोय, मेरे साथ स्विच, यहाँ कुछ लोग हैं कि तुम पर एक crush किया गया है.",1
आप लोगों को सलाह नहीं देना चाहिए!,0
"मेरा मतलब है, उस को देखो, तुम को देखो,",0
क्या हम टीवी बंद कर सकते हैं? ठीक है? हम वास्तव में इस तरह पूरे सप्ताहांत बिताना चाहते हैं?,0
आप क्या करना चाहते हैं?,1
मैं माँ और पिता को बताने से भी डर नहीं हूँ।,1
मैं कल आप से बात करूँगा।,1
उफ.,0
"अरे, तो सब कुछ रद्द करने के साथ ठीक हो गया था?",1
"...DUMB, DRUNKEN, बिच!!! धन्यवाद, धन्यवाद.",0
इसे संभालना?,1
नहीं!,0
कि आप कभी-कभी पीने का आनंद उठाते थे।,1
"देखो, आप लोग समूह से मिलना चाहते हैं?",1
"देखो, कृपया, कृपया कहीं नहीं जाओ, ठीक है?",0
क्या यह सब है?,1
"ओह, ओह, लेकिन आप जानते हैं, आप हमेशा इन सचमुच सुंदर महिलाओं को देख सकते हैं इन सचमुच कुछ भी आदमी के साथ, आप उन लोगों में से एक हो सकता है।",1
"हाँ, हाँ, मैं वहाँ लोगों को आनंद फैलाने के लिए जा रहा हूँ।",2
एक दूसरे की तरह नहीं!,1
मुझे बहुत खुशी है कि आप इसे कर सकते हैं।,2
"अरे, मैंने नियम नहीं बनाया था।",1
"सुबह यहाँ है! सूर्य यहाँ है! आकाश साफ है, सुबह यहाँ है! सुबह यहाँ है!",2
यह गरीब आदमी पांच साल तक कोमा में रहा है. यह निराश है.,0
"ओह, यह आप है. मैं आप को हर जगह देखता हूँ. मैं जिम हूँ, जिम नेल्सन.",1
"ठीक है, न केवल लिमोनाड, आइसट चाय, कभी-कभी रस।",1
"क्षमा करें. मैं यहाँ एक प्रोफेसर हूँ. क्या आप पैलेनटोलॉजी सेक्शन, पांचवीं मंजिल, स्टैक 437 जानते हैं?",1
क्या रॉस ने तुमसे कहा था कि मुझे वहां नहीं जाना चाहिए?,1
"मोनिका, जब मैं जीतता हूँ तो मैं तुम्हें सामने पंक्ति में रखना चाहता हूँ।",2
"ओह, आप और अपने तरीके. क्योंकि यह क्रिसमस समय है. मैं उन लोगों में से एक होने जा रहा हूँ संग्रह दानों.",2
"हाँ! और उसने सचमुच बुरे बातें कहा, जो केवल आंशिक रूप से सच थे।",0
"और रॉस, जो हर एक शब्द को बहुत ज्यादा बोलता है?",0
ओह! यह यूसुफ फ्रांसिस है!,2
नहीं नहीं!,1
"यह निराशा नहीं है! डा. स्ट्राइकर रामोरे एक चमत्कारी कामगार है. देखो, यहाँ वह आता है.",2
"ठीक है, धन्यवाद.",1
और तुम मेरा बड़ा भाई हो!,2
तुम दोनों लड़कियों को एक पेय के लिए जाने के लिए जाना चाहेंगे?,1
विशेष रूप से उस के साथ आप!,0
मैंने कहा है! ठीक है?! लेकिन यह Joey खत्म हो गया है!,0
अफ़सोस!,0
"नहीं-नहीं हे दोस्त, कृपया मुझे उस लड़की के साथ नाचने दो, मैं उसे सचमुच पसंद करता हूँ और मुझे लगता है कि मैं एक shot है।",0
क्या आपने जोय को देखा है?,1
"खैर, मैं तुम्हें Rachel Karen ग्रीन, मैं आज रात Joey के साथ योजनाएं थी और उसने मुझे इस नोट छोड़ दिया है, तुम्हें बता दूँगा।",1
मैं तुम्हें आज रात के भोजन के लिए बाहर ले जा रहा हूँ।,2
ओह-ओह!,1
वार्र्र्र्र्र्र्र्र्र्र्र्र्र्म्!,2
बैरी?,1
आपका परिवार क्यों है,1
निश्चित रूप से!,2
"देखो, मैं यह अभी नहीं कर सकता है, ठीक है, मैं एक समय-सीमा है, तुम बस घर जाओ, मैं बाद में आप से बात करेंगे।",1
क्या तुम थे?,1
उसने पहले मेरा शुरू किया!,0
क्या वे अभी यहाँ हैं?,1
मैं सिर्फ नहीं जानता कि क्या दुनिया तुम्हारे लिए और आपके बैग के लिए तैयार है।,0
और मैं तुम्हें यहाँ जो भी चाहो खाना बनाता हूँ और वहाँ कुछ भी करता हूँ।,0
"अच्छा अब चलो- चलो इस पर वस्तुनिष्ठ रूप से देखो, मैं सोचता हूँ कि मैं उसके साथ मिलना चाहिए",1
"ओह, हाँ, मेरा फर्म बैंड का प्रतिनिधित्व करता है।",1
"मैं सिर्फ आपके सभी सर्वोच्च अंकों को ध्वस्त कर दिया, कितना दुखद.",2
अपनी नौका?,1
क्या आप नहीं देखते? सभी मुझे देख रहे हैं! योजना काम कर रही है! मैं अभी तक अपने ऊपर से उतारने के लिए भी नहीं था!,2
ओह भगवान,1
"हाँ, उस समय को जमे हुए झील पर याद है?",1
"हाँ, मैं भी आप के बारे में बहुत सोच रहा है।",1
"और संगीतकार, देखो, वे यहाँ जा सकते हैं, ठीक है? और कुर्सी इस तरह का सामना कर सकते हैं, और... तुम जाओ।",1
"ओह, देखो! आरंभकर्ताओं के लिए अभिनय! आप अपने बारे में अच्छा महसूस करना चाहते हैं?",0
"ओह, अच्छी तरह से, मुझे लगता है कि मैं एक आने वाला था।",1
"ओह, पांच मिनट के बारे में. अभी वे उनके प्रतिद्वंद्वी का साक्षात्कार कर रहे हैं. लगता है कि वे ईरान जाने के द्वारा प्रशिक्षण और चोरों से हथियार हटाने के द्वारा.",1
लेकिन तुम Thanksgiving पर टर्की खाओगे!,2
मैं आप को खोना नहीं चाहता!,0
चलो! स्पकेल लड़के! उठो!,1
"ठीक है, हम ऐसा करने के बाद करने जा रहे थे-मैं मतलब है हं, अगला।",1
आप यह पढ़ रहे हैं क्यों? आप इस तरह की चीज़ों का घृणा करते हैं.,1
"वैसे भी, हम वास्तव में हमारी शादी योजनाओं के बारे में उत्तेजित हैं, और अच्छी तरह से मुझे लगता है कि बहुत जल्दी हम मोनिका शादी कोष से एक बड़ी वापसी कर रहे हैं।",2
यह अंगूठी थी!,0
"मैं नहीं जानता, कुछ लड़की।",2
हम-हम आज सुबह हमारी पहली लड़ाई हुई।,1
मैंने इस जगह को पाया जो मज़ेरालेट की सबसे बड़ी चिड़ियां और जैलेपिनो पॉपर बनाती है।,2
रॉस का एक दोस्त है।,1
"हम्म, सूप. मेरा मतलब है, noodle सूप. मेरा मतलब है सूप!",0
"ठीक है, नहीं, नहीं, आप हैंग अप. आप, आप, y-",2
"चचेल्डर, यहाँ तुम जाओ, अपने पारंपरिक धन्यवाद समारोह, आप अपने टमाटर सूप, अपने grilled cheese fixin's, और अपने परिवार के आकार के Funyuns का बैग है।",1
"शायद, आप जानते हैं, शायद हम एक गीत के लिए रह जाना चाहिए।",1
यह इतना अच्छा है कि मैं नहीं जानता कि मैंने क्या किया है इसे पाने के लिए!,2
राच! अरे! यह ठीक है! तुम जोय के पास हो!,2
मेरा मतलब है कि सब लोग निकलेंगे!,0
आप एक नृत्य कक्षा का अवलोकन नहीं करते. आप,1
"ठीक है, क्योंकि हम समझते थे कि आप जानते हैं!! यह इतना स्पष्ट है! भगवान, कि मोनिका को बताने की तरह होगा, ""हे, आप चीजों को साफ पसंद करते हैं.""",1
"ओह-हॉ-है, आदमी, तुम क्या कर रहे हो!",1
तो तुम्हें ड्रम पसंद है!,2
"मैं दो महिलाओं पर आक्रमण करने में थक गया था, काम नहीं किया।",1
"Phoebe, क्या हुआ?",1
मैं भी नहीं हूँ!,2
"रॉस, चलो!",0
"आप ""के लिए"" नहीं मतलब है?",1
"और हम, हम जैसे होंगे, 'हहहहह, आदमी.'",2
बाकेट के पास पेय नहीं!,0
"ठीक है, हाँ, क्या आप यह एक औरत नहीं लगता है?",1
यह मेरे साथ क्यों होता है?,0
वह कृतज्ञता के लिए यहां आ रहा है!,2
मैं छुट्टियों के अरमेडिलो हूँ! मैं Santa's का एक दोस्त हूँ और उसने मुझे यहाँ भेजा है कि आप एक खुशहाल क्रिसमस की कामना करें!,2
"ओह, मैंने अपनी मां को आत्महत्या के कारण खो दिया।",0
"ठीक है, और क्या है?",1
आप मुझे बीमार और स्वस्थ होने के लिए ले जाने के लिए सहमत थे।,1
"ठीक है, एक है",1
"यह बहुत अजीब है, मैं जानता हूँ मैंने क्या कहा था, लेकिन हू, इस सुबह, मैं बिस्तर में लेट रहा था मैं था, मैं यह कल्पना कर रहा था कि हाँ कहना क्या होगा।",1
"मैंने तुम लोगों को एक दिन फोन पर सुन लिया, और तुमने कहा, ""मैं सिर्फ रिएकल को कहूँगा कि मैं कुछ घंटे के लिए धोना कर रहा हूँ।""",1
बहुत जीवंत और हास्यास्पद है।,1
क्या वह दर्द से मुक्त नहीं था?,1
खैर मैं-यह रोस के साथ कभी नहीं होगा।,0
तुम शराबी हो! माँ और पिता होने जा रहे हैं maaaaadd! शायद मैं थोड़ा शराबी हूँ।,1
"मेरा मतलब है, विशाल मेरे से पांच साल छोटे की तरह है, तुम्हें पता है, मैं कभी वहाँ पहुँचने के लिए सोचता है?",1
"ठीक है, नहीं, हम उन्हें देख सकते हैं!",1
क्या आप इसका मतलब है कि यह आपके एकमात्र अवसर हो सकता है?,1
क्या हम इस के लिए थोड़ा पुराना नहीं हैं?,0
और यह राहेल है।,1
"ओह मारिया. आप उसे नहीं कह सकते हैं, वह इस lycra स्पैंकडेक्स आवरण जिम की तरह है... उपचार.",2
"नहीं, आप नहीं!",1
"पहेली. एक छोटा सा पहेली. क्यों आप हं, प्रतिलिपि कमरे की जाँच नहीं करते, शायद आप वहाँ में संविदाओं छोड़ दिया है?",1
"रॉस तुम मेरी बात नहीं सुन रहे हो, मुझे रुकने का समय नहीं है।",1
"ओह भगवान, यह बहुत बड़ा है, लेकिन आपको सिर्फ मुझे वायदा करना है कि आप किसी को नहीं बता सकते।",1
यह था. विशेष रूप से बछड़ा शानदार था.,2
आप अपने दोस्तों को छोड़ रहे हैं?,1
"मैं, हं...",1
तो मैं लोगों के सामने बात करने में चिंतित नहीं हो जाएगा।,1
"हाँ, इसे छोड़ दो! रुमाल छोड़ दो! कृपया-wowww छोड़ दो।",2
"ठीक है, वे चिपियर में जाते हैं।",1
हम  Patch Sisters की तरह हो सकते हैं!,2
"महान लग रहा है! ठीक है, ठीक है, अच्छी तरह से यह कहाँ जाता है?",2
ठीक है!,1
"हे, फीब्स.",1
पूरी बात! हम जा सकते हैं?,1
"ओह, आप जानते हैं, गाला कुछ समय समाप्त होना था।",1
ठीक है.,1
"अच्छी तरह से वे एक दूसरे के लिए कुछ असाधारण जानवर नाम हैं, uh।",0
नहीं! मैं उनके लिए बहुत खुश हूँ!,2
तुम वापस नहीं जा सकते!,1
मैं उसे पसंद करता हूँ।,1
मुझे एक मजबूत दाँत वाली लड़की पसंद है।,0
कुछ घंटों में मैं वास्तव में शराब पीने के लिए जा रहा हूँ और Kathy फोन करना चाहता हूँ और तुम लोगों को मुझे रोकने के लिए जा रहे हैं!,0
है?,0
"हाँ, मैं जानता हूँ, लेकिन उसका दोस्त ऐसे लगता है...",0
"ओह, ओह, मैं इसे पाया! पीट चिकागो.",1
मैं कॉफी हाउस गया!,1
... आप से प्यार में.,2
मैंने सोचा था कि आप धूम्रपान नहीं करते।,1
"हाँ, नहीं, मैं इसे करने के लिए अन्य लड़कियों में से एक ले जाएगा।",1
"पता है, मैं वास्तव में Phoebe बुलाने के लिए खुश हूँ।",2
6:00 है।,1
आने के लिए बहुत धन्यवाद।,2
"हाँ, मैं-मैं यहाँ वचन ले रहा हूँ, हं?",1
"ठीक है, ठीक है, मैं तुम्हें एक टेप ला दूँगा, हू?",1
"ठीक है. मैं ‘मटेस्टर्स किंग’ प्रदर्शनी के लिए नीचे गया और, और मैंने जैनिस, अपने पूर्व पति से चुंबन देखा.",0
"मुझे माफ़ है, पिताजी।",0
"है-हे-हे! तो, कैसे यह डाना के साथ चला गया? कोई भी कारण मैं एक ब्लॉक समय खुला छोड़ देना चाहिए, वारवार कहें?",1
"आह, मेरे पैर के पास एक. क्षमा करें.",1
तो हम कभी आपकी शादी के बारे में नहीं सुना!,2
मुझे इस दृश्य के बारे में एक सवाल है।,1
"हाँ, केनिक्स 10 से. वे बुरा है.",1
क्या सभी सवाल इस व्यक्तिगत हैं?,1
ग्रेग और जेनी?,1
यही है. यह मेरा सबसे बुरा धन्यवाद है.,0
"अच्छा, आप अपने कुंजी का उपयोग क्यों नहीं करते?",1
"नहीं, चलो मत शुरू करो. ओह!",2
"मैं, आपके बर्फ घन ट्रे भरने के लिए आया.",1
आप आश्चर्य से काम करने के लिए बेहतर होगा।,0
ओह वह एक तरह है...,0
"तो तुम जीत जाओ, ठीक है?",0
"ठीक है, हम नहीं हैं।",1
अगर फ़ीबे मेरे सम्मान का सेवक होता,1
".... और 12, 22, 18, चार... क्या?",1
"मैं बारह साल का हूँ, मैं मूर्ख नहीं हूँ।",0
"मैं सिर्फ कह रहा हूँ, अगर मैं उस में एड बेगले, जूनियर की एक और तस्वीर देखता हूँ",0
"हाय, जोय!",2
तुम मेरे निजी संपत्ति के माध्यम से चला गया?,0
मुझे विश्वास नहीं हो सकता है Phoebe अपने बच्चों के लिए जा रहा है!,1
क्या तुम मेरे लिए ऐसा कर सकते हो?,1
"लेकिन जिस आदमी को मैंने इसे अगले दृश्य में मरने के लिए कहा था तो मुझे लगता है कि इसका मतलब यह है कि ""तुम्हे एक भालू द्वारा खाया जाएगा"".",1
अमरी-कान,1
वह अपनी पकड़ का आकार छोड़ने को भूल गया था!,1
"ओह मोनिका, हम बहुत दुखी हैं।",0
बात यह है कि मेरे स्वाभाविक आकर्षण ने उसे मध्यावधि में असफल कर दिया है।,0
"ओह, ग्रीनफिस के लिए 16 घंटे का बैठना।",1
"हाँ, वे शहर से बाहर हैं।",1
"मैं सचमुच, सचमुच इसका आनंद उठा। बहुत ही अलौकिक।",2
"नहीं, मुझे खेद है।",1
"ओह, चंडलर और मोनिका वहाँ हैं और यह एक तरह से मुश्किल है ध्यान केंद्रित करने के लिए है।",1
"ओह, तुम्हारे बेटे का क्या अच्छा चित्र है।",2
ओह नहीं।,0
"मुझे खेद है आदमी, वहाँ कभी भी आग पकड़ने को बंद करने के लिए एक अच्छा समय नहीं है।",0
यह कोई बुरा विचार नहीं है।,1
"hey, मोनिका, wow तुम लगभग आधा घंटे के लिए स्नानागार में रहे हैं.",1
आप यहाँ खरीदारी क्यों कर रहे हैं? आप इस इलाके में नहीं रहते. आप मेरे लिए यहाँ प्रतीक्षा कर रहे थे?,1
अच्छा है,1
मैं-मैं में नहीं था।,0
"उस महिला को देखो जो तालाब के पास बैठी है tan हो रही है... इतना चमड़ा और वrinkled है, मैं इतना हूँ",0
"मैं इसे नहीं देखता. आप वहाँ उंची आदमी के साथ नाच रहे हैं. उंची आदमी, अपने हाथ उठाएं!",1
मैं उससे मिलना चाहता हूँ। वह एक खड़े आदमी की तरह लगता है।,1
"ओह, ओह, संग्रहालय में टूर गाइड. हाँ, रोस ने इसे मेरे लिए मिला.",1
"ठीक है, मुझे क्षमा है।",0
वह फलों की मनाही करती है!,0
"Hey guys, what are you doing?",1
"हालो, मैं गुरु Saj हूँ--Whoa!! यह एक बछड़ा होना चाहिए ठीक है? क्योंकि अन्यथा, यह मेरे लीग से बाहर waaay है।",1
यह मजाक नहीं है!,0
"ठीक है नहीं, यह मेरी गलती थी इसलिए आपको अच्छा कमरा मिलना चाहिए।",1
मैं सचमुच चाहता हूँ कि तुम नहीं करते।,0
"तुम्हें क्या पता है? मैं आसानी से इस से बाहर निकल सकता है, लेकिन वहाँ एक संभावना है कि आप बहुत, बहुत चोट हो सकता है!",0
"हाँ, यह कुछ ब्लॉकों पहले गिर गया होगा. मैं सिर्फ सोचा कि हम एक कुत्ता पर प्रहार किया.",2
अच्छी तरह से हमें नए लोगों के लिए जगह बनानी है।,1
क्षमा करें.,0
"राहेल, आप और डॉक्टरों के साथ, वैसे भी, क्या मामला है? क्या, जैसे, आपके पिता एक डॉक्टर था?",1
आप क्या बात कर रहे हैं!,1
ओह अच्छा।,2
"नहीं आप लोग, मैं उसके साथ एक कार में नहीं जा रहा हूँ, आप कुछ और सोचने के लिए होगा।",0
"ओह, सही! मैं पूरी तरह से उस के बारे में भूल गया।",1
तुम कहाँ जा रहे हो?,1
"प्यारे, तुम मेरे बॉस डग को याद करते हो, सही?",1
रामराय!,0
"मुझे खेद है, लेकिन मैं अपने सभी उम्मीदें नहीं है रचेल और मैं एक साथ रहने के लिए ""probably"" पर झुक रहा हूँ!",0
"ठीक है, मुझे बिछौना चाहिए।",1
"अच्छा, मुझे बहुत खुशी है कि आप यहाँ हैं।",2
"ओह मेरे भगवान!! ओह, यह है! मैं जा रहा हूँ! तुम सिर्फ एक भयानक व्यक्ति हो!",0
अल्लाह!,2
क्या आप एक साथ नहीं सोते?,1
"कहीं मत जाओ, मैं अभी वापस आऊँगा।",1
क्यों तुम मेरी ටයි बांधना चाहते थे?,1
"अच्छा, ठीक है तो, मैं यह सब अभी तक पूरी तरह से काम नहीं किया है. बस रेचेल को कुछ नहीं कहना, कृपया?",0
"हं, वहाँ कोई सवाल थे?",1
ऐ मेरे भगवान! मैं तुम्हें प्यार करता हूँ! तुम यह कैसे किया था!,2
"लेकिन मैं तुम्हें संदेह का लाभ देने के लिए जा रहा हूँ, क्योंकि ऐसा लगता है कि ब्रह्मांड वास्तव में एक साथ होना चाहता है।",1
"सब मैं सोच सकता था y’know था, ""क्या वह मुझे चुंबन करने के लिए जा रहा है? क्या वह मुझे चुंबन करने के लिए जा रहा है?""",2
"मुझे खेद है जोय, जब तक वह यहाँ है और वह सचेत है कि हम अभी भी गोली चला रहे हैं।",1
यह अजीब है।,1
क्या यह अच्छा नहीं है?,2
"ठीक है, चलो लड़कों, हमें दिखाओ जहां उपहार हैं!",1
"वाow, आप ah, आप वास्तव में सभी इस अंतरिक्ष सामान पसंद है, हू?",1
मैं उन्हें काम से जानता हूँ।,1
क्या तुम कभी ऐसा महसूस करते थे कि कभी-कभी तुम इतने अविश्वसनीय रूप से असंगठित हो?,0
"तो, क्या मैं कुछ मिठाई ले सकता हूँ?",1
"सुनो, हं...",1
"ओह, मैं यह कभी नहीं कर सकता था।",2
Feminist मुद्दा. मैं वहाँ गया था!,1
"ओह-ओह-ओह, हाँ! यह सही है, तुम उन बच्चों का अच्छी तरह से देखभाल करो!",2
तुम ऐसा हर साल करते हो?,1
"ओ मॉन, सुनो मुझे पूछना है!",1
वो-हो-हो!,2
नहीं! नहीं यह नहीं है! यह ठीक नहीं हो जाएगा! यह बुरा है! कोई swing बैंड नहीं है! कोई लिली नहीं है!,0
"देखो, यह मेरा घर है और मैं आने और जाने के लिए जब भी मैं चाहता हूँ सक्षम होना चाहता हूँ!",0
"रोस, इसके ऊपर जाओ! यह ऐसा नहीं है कि वह तुम्हें घृणा करता है.",0
फिलाडेल्फिया,1
"मुझे चिंता नहीं है, राच! देखो, मैं उस आदमी से थक गया हूँ जो सभी रहस्यों को जानता है लेकिन किसी को नहीं बता सकता!",0
पेरिस?,1
"सुबह. ड्रेक, यह आपके भाई स्ट्राइकर है. आप मुझे सुन सकते हैं?",1
"हाँ, तुम लाइसेंस प्लेट खेल जानते हो?",1
"आप मुझे चाहते हैं, आप मुझे अपने काम छोड़ने के लिए चाहते हैं ताकि आप एक girlfriend है की तरह महसूस कर सकते हैं?",0
"देखो, देखो, देखो!",2
"अच्छा देखो, मेरे पास एक विचार है।",1
"नहीं, उसके जवाब दे.",1
"यहाँ, यहाँ!",2
वे ऐसा क्यों करते रहते हैं?,1
"अरे! एक मिनट रुको, एक सेकंड रुको. क्या आप सोचते हैं कि ये मोती अच्छी हैं?",0
अच्छा तो हम अभी भी एक समस्या है।,1
ठीक है! अच्छा रात. मैं ऊपर जा रहा हूँ.,1
"ओह, हाँ. हाँ. उसे नाचने दो.",1
पुरूषों के लिए बिजन?,1
"Uh, अच्छी तरह से... जोय और मैं विच्छेद किया.",0
"सिनेमाघर में, तुम हमेशा आ जाते थे।",1
"सोफी, यहाँ आ जाओ!",2
"तो ओह, आपका फोटोग्राफर कौन है?",1
क्या तुम्हें डर नहीं है?,0
"अच्छी तरह से तुम मुझे बताओ अगर आप कर सकते हैं, क्योंकि तुम जानते हो मैं इसे ढकने के लिए एक पिय bake कर सकते हैं।",1
मैं था,1
यह इस योग्य हो जाएगा।,1
जौ? जौ की पार्टी किस प्रकार की होती है?,0
"हाँ, अच्छी तरह से... Y’know, यह सिर्फ मुझे सोचने लगा हालांकि, क्यों कोई भी कभी शादी करना चाहता है है हू?",1
ठीक है. ओह! ओह नहीं.,1
"तुम नहीं जानते?! राच, तुम मेरी लड़की को केश कर दिया!",1
"नहीं, अभी सिर्फ छह साल हो चुके हैं।",1
"ओह निश्चित रूप से! यह मेरी परिवार में कई पीढ़ियों से है, और हर दुलहा जिसने इसे पहना है, उसका दीर्घ और सुखद जीवन रहा है।",2
रोस!,1
"नहीं, नहीं, यह सिर्फ Chuck Magioni है, मैं-मैं पिछले साल उसे एक घर बेच दिया था!",1
"ठीक है यहाँ वह आता है. मैं यह करने के लिए जा रहा हूँ, मैं उसे कहूँगा, मैं मजबूत होने के लिए जा रहा हूँ।",0
"नहीं, नहीं था।",1
शायद एक... हमारे जीवन के दिन के लोगों के लिए एक बात है.,1
"एक असली आदमी सिर्फ अस्पताल में भाग नहीं जाएगा! नहीं! क्या होगा, क्या क्रॉग करेगा?",0
हाँ मैं करता हूँ!,2
तुम मुझसे कह रहे हो कि मैं तुम्हारी पत्नी बन जाऊँ!,0
मुझे यह दे दो।,1
है?,1
hey Ross. यह Joey है. एक hooker यहाँ पर है और हम शायद तुम इस बारे में कुछ पता है सोचा था.,1
उस स्वप्न को कभी नहीं देखा था।,1
ओह नहीं! नहीं! मेरा छेद!,1
"सब मैं है, Oregano और एक है",1
दुखी मांसपेशियों से विदा कर लो!,2
"अब आप एक पूरे डिवीजन का नेतृत्व करेंगे, तो आप बहुत सारे कर्तव्य होंगे.",1
"और, दूसरे समय, तारीख के अंत में, उसने-वह कुछ कहा था-यदि वह हँस रही थी, तो यह बहुत हास्यास्पद था।",1
"Phoebe, woo!",2
"हाँ! हाँ! हाँ, आप जानना चाहते हैं! यह अविश्वसनीय है!",0
"आदमी, मैं नहीं सोचा था कि हम इसे कर रहे थे!",1
मेरे भगवान! यह एक जिम कार्ड है?,1
"देखो, मैं इसके बारे में सोच रहा हूँ।",1
अच्छा काम।,2
"अरे, आप उसके पीछे चल सकते हैं और देख सकते हैं कि वह कहाँ जा रहा है।",1
"हाँ, hello.",1
यह यात्रा नहीं है!,1
"मैं, एक बार में गया. और फिर मैं बस, बस कुछ समय के लिए चारों ओर घूमा.",1
"आपकी शादी के उपहार के रूप में, होटल आपको हनीमून सूट देना चाहता है।",1
"तो तुमने उसे बताया कि कोई और है तो वह आप के साथ काम करने के लिए सहमत हो जाएगा, इसलिए क्योंकि आप सोचते हैं ओह अगर आप एक साथ बहुत समय बिताते हैं, शायद कुछ हो सकता है, और...",1
"हाँ, यह है! आप जानते हैं कि मैं व्यावहारिक मजाक बुरा हूँ! वे बुरे हैं और वे मूर्ख हैं और-और मैं अपने बेटे उन्हें सीखना नहीं चाहता!",0
"ठीक है, तो मुझे अच्छी तरह से अच्छी तरह से Masage!",2
"और यह लड़की चंडलर पर आँखें बना रही है, ठीक है?",1
Phoebe!,2
"वैसे, उसने मेरी समीक्षा पढ़ने के बाद मुझे आज रात छोड़ दिया।",0
मैं यह कैसे स्वीकार कर सकता हूँ...,0
यह तुम्हारे बेटे के साथ कैरोल है!,1
"हं, उसने कहा था कि वह मुझे मज़ाक समझता था।",1
राच?,1
हाँ! Santa आ रहा है!,2
बस एक टच.,1
"ब्रोम से रोकिए, हम शोर नहीं कर रहे हैं।",1
"ठीक है, मेरे पास कुछ Ones है, आप उन्हें उसके जूते में डालना चाहते हैं?",1
काफी अच्छा नहीं है।,0
"नहीं-नहीं, नहीं! हम मेज को मेरे कमरे में ले जाना है, हाँ! सभी बक्सों के कारण. चलो!",1
ठीक है!,2
आप spill कर सकते हैं. सिंक में.,1
तुम मुझे कैसे संदेश नहीं दे सकते थे?,0
ठीक है. ठीक है.,1
तुम मासेल को जानते हो?,1
Uh-हू. अब आप वापस कर सकते हैं या आप वहाँ में जा सकते हैं और बेंड-एड को काट सकते हैं. आप क्या करना चाहते हैं?,1
क्या तुम्हारा टोकरी ऊपर था?,1
मैं एक अच्छा किसर हूँ।,1
"ओह-ओह, ओह-ओह, धोना हो गया है।",0
तुम उसे प्यार करते हो!,1
"ओह, निश्चित रूप से. यह बर्नोली के सिद्धांत और न्यूटन की गति के तीसरे नियम के एक संयोजन है।",1
"हाँ, हाँ, पहले मेरी टीटी मैरी थी, और फिर हं, जॉन था, मेरा डाकपाल, और फिर मेरा, मेरा कुव्वाय दोस्त ‘अल्बिनो बॉब’.",1
आप का मतलब है कि वे प्रेमी हैं।,1
"ठीक है, कोई तरीका नहीं है, आप cute guy और अंतिम ब्युबरी म muffin पाने के लिए इसका उपयोग नहीं कर सकते।",0
"ओह, यह बहुत अच्छा है, मेरे दोस्त जोय फिल्म व्यापार में है।",2
"है. तो अच्छी खबर है, तलाक अंतिम है. मैं कागजातों पर इस सुबह हस्ताक्षर किया.",2
"आप जानते हैं कि अच्छा है, y'know हम इसे वापस वहाँ रख सकते हैं surgeons अपने colon से हटाने के बाद यह पता है कि!",0
"ओह, अच्छी तरह से मैं उस क्षण आने तक चंडलर बिंंग की हर एक बार सांस लेने के लिए होगा।",0
उत्कृष्ट है।,2
यह अभी भी दुखता है?,0
"मैं-मैं क्षमा करना चाहता था अगर मैं-मैं जानता हूँ कि मेरे धोखे पर कल एक थोड़ा ढीठ लग गया था. मैं जानता हूँ कि यह सिर्फ हार्मोन है, जानता हूँ.",0
"और, मैं नहीं जानता, अगर यह बरसने लगता है",2
"क्या? निश्चित रूप से मैंने! आप, आप स्लीपी स्लीपरसन के बगल में बैठा था!",1
आदमी! वह सिर्फ उन्हें लाबिंग करता रहता है और मैं सिर्फ उन्हें पार्क से बाहर टकरा रहा है!,2
"प्यारे, हमें जाना है. हमारी आरक्षण 8:00 पर हैं.",1
"खैर, बुजुर्ग मर गया।",0
यही कारण है कि यह इतना हास्यास्पद है।,1
"मेरा भाई, पीएचडी यह जानना चाहता है कि क्या इस पर मौखिक रूप से इलाज करने का कोई तरीका है।",1
कि यह है?! मैं अपने छोड़ दिया,2
"हाँ, uh-huh।",1
"हे भगवान, ऐसा लगता है जैसे अभी कल तुम लोग मुझे काम देखने के लिए बाहर आते थे.",2
"ओह, अब... कल आप लोग हवाई अड्डे में एक टैक्सी साझा करना चाहते हैं या माइक और मैं सिर्फ वहाँ आप से मिलना चाहिए.",1
"ओह, देखो अब मैं बच्चे के लिए बुरा महसूस करता हूँ!",0
"अच्छी तरह से यह नूडल सूप है और uh, मैं टमाटर के साथ काम कर रहा हूँ।",1
"ठीक है, ठीक है, क्या हो रहा है?",1
"हाँ, लेकिन मैंने इसे नहीं देखा।",0
तो क्या तुम उन लोगों में से हो जो मेरे पिता के साथ खेलते थे?,1
"ठीक है! रोस, क्या आप लगता है कि यह मेरे लिए आसान है किसी और के साथ आप को देखना?",0
मैं भी तुम्हें प्यार करता हूँ।,2
खेल के लिए?,1
"हाँ, क्योंकि मैं था",1
ओह।,1
हाँ है! मैंने कुकी बनायी है!,2
"Joey, यह बीमारी है, यह घृणाजनक है, यह है, यह-सच्चे नहीं है, यह है?",0
लेकिन ऐसा नहीं हुआ। श्रीमती चाट्रास को नमस्ते कह दो।,1
और मैं कसम खाता हूँ मैं एक बहुत अच्छा काम करेंगे।,2
"नहीं, मैं बस मुझे लगता है कि यह बहुत जल्दी है।",2
अपने हाथ धोओ!,0
"हाँ अच्छी तरह से, एक बार फिर नहीं डंकाने का भुगतान करता है. मैं केवल wish you hadn't been on the toilet.",1
आपके पास नहीं था,0
"हाँ, वह है।",1
"ओह, भगवान, वह एक ऐसा सूअर है,",0
ठीक है,1
क्या तुमने देखा नहीं कि वह अलग-अलग कपड़े पहन रही है?,1
बस उस बच्चे को काट डालो!,0
"""ऐ मेरे भगवान, मैं एक दोस्त नहीं पा सकता!",0
कोई है वहाँ?,0
हम उसके साथ मिला. क्या उसने तुम्हें nude शादी के फोटो दिखाया था?,1
यह कौन से है?,1
क्या तुम अंग्रेज हो?,1
आप अभी भी मुझे प्यार करते हैं।,1
"ओह, यह बहुत मजेदार होगा!",2
सचमुच?,2
"ओह, प्यारे, उसे मेरी मदद की जरूरत नहीं है।",1
"नमस्ते? हाँ, वह है, एक सेकंड रुको, कृपया. मोनाना, यह आप के लिए है, क्रेडिट कार्ड लोगों के लिए.",1
"ठीक है, ठीक है, एक, दो, तीन।",2
"पता है, मैं केवल एक आदमी को बंद करने के लिए दो निश्चितfire तरीके के बारे में पता है. और उनमें से एक सेक्स है.",1
"ओह, महान!",1
"रोस, हं, आप एक लंबे समय के लिए वहाँ रहे हैं. मैं एक तरह से डरने के लिए शुरू कर रहा हूँ.",0
सचमुच।,1
हमें बेहतर है कि हम ऊपर या कि धब्बा सेट करने के लिए जा रहा है इन  pants को उतारने के लिए।,1
"ठीक है कि सबसे अच्छा हिस्सा है. हं,",1
चंडलर.,1
"हाँ, अच्छी तरह से मुझे क्षमा करने के लिए मेरे girlfriend के साथ हमारे वर्षगांठ पर होना चाहते हैं, लड़का क्या एक गंदा मैं हूँ।",0
"हाँ, ठीक है, आसानी से ठोस!",1
"अच्छा, शायद हम करेंगे. ओह!",2
"नहीं, आप नहीं करते।",1
अरे! अरे! मेरे ईआर में कोई कठोर पकड़!,0
यह मैं हूँ!,2
मैंने तुम्हें क्या कहा था? मैंने तुम्हें क्या कहा था?,2
उसने रद्द कर दिया! मेरे नाम के साथ मुझे रद्द कर दिया!,0
"अब, मैं कहता हूं कि हम इन-ये कपड़ों को हटा दें जो हमें अलग करते हैं, और हम नीचे के लोगों को जान लेते हैं।",1
"मैं सिर्फ पिछले रात के लिए एक बार फिर धन्यवाद करना चाहता था, क्या एक महान पार्टी!",2
"तुम्हें पता है, क्या मैं मतलब है, दोपों की तरह?",1
मेरे मेज पर इस ऊंचाई पर दस्तावेजों का एक ढेर है।,1
इस रेत के साथ क्या है?,1
"अरे, तुम कैसे हो रहे हो?",1
बहुत कुछ।,1
"यहाँ, मैं इसे ले जाएगा।",1
"ओह, शायद मैं था!",1
"Joey, आप वास्तव में एक नहीं है पता है।",1
"ठीक है, मैं बाद में चलता हूँ. क्या आप इस इमारत में रहते हैं?",1
किसके साथ?,1
मैंने ऐसा किया! मैंने बच्चों की देखभाल सिर्फ अपने ही हाथ से की!,2
"सचमुच, यह चल रहा है!",1
यही है!,0
"मेरा मतलब है, कम से कम जब मैं उसे कपड़े पहने हुए देखा है, मैं कल्पना कर सकता था कि उसका शरीर boles या कुछ से ढके हुए थे।",1
"हाँ, मेरा मतलब है, हम अब जाने के लिए उनके लिए rude होगा।",1
बहुत हास्यास्पद रोस!,2
"ओह ठीक है, कि कॉफी जगह से Rachel chick.",1
"ठीक है, डरो नहीं. मैं जा रहा हूँ.",1
"ठीक है, ठीक है।",0
अरे वह एक जूता पहन रहा है।,1
"तुम्हें पता है, मैं केवल वह व्यक्ति नहीं हूँ जो पलंगों को फ्लाफ करने के लिए और वे अंदर आते ही बिलों का भुगतान करने के लिए आवश्यक है!",0
"ठीक है, वे मेरे भाग के लिए पढ़ने के लिए भी आ रहे हैं अभिनेता हैं!",0
"अच्छी तरह से, आप समझते हैं कि ऐसा होने की संभावनाएं थोड़ा कम है अगर वे कभी आदमी से मिल नहीं पाते..",1
"वे मुझे कहते हैं, 'कुकी दोस्त!'",2
मैं उस आदमी हो सकता हूँ?,2
"आइटम J437-A, रंगः शीतबेरी।",1
"अल्लाह, अल्लाह।",2
"क्या, हं, कोई देखना चाहता है?",1
हाँ. क्या आपने किसी को बताया था कि मैं gay था?,1
यह हास्यास्पद है. वे कौन हैं?,2
"अरे मा. सुनो, मैंने डा. बासिदा के साथ मुलाकात की, और... मुझे क्षमा करें? तुम जानते थे कि यह मा नहीं है?",1
"मैं-मैं सिर्फ-मैंने सोचा-ठीक है, शेली.",0
"ओह भगवान, क्या वह सचमुच ऐसा सोचती है?",1
ठीक है!,2
प्रिय प्रभु!,1
हम ऐसा नहीं कर रहे हैं!,0
तुम सुंदर हो।,2
"ओह. नहीं! नहीं, प्रतीक्षा करो, यह अजीब है!",0
कोई शादी नहीं होगी. Ross और मैं शादी नहीं कर रहे हैं.,0
"ओह, एक सदस्यता",1
क्या तुम पागल हो?,0
निकट? वह उसके कान में अपनी ज़बान है.,0
क्या! तुम क्या कर रहे हो!,1
मिल गया! तो,1
यह अस्वीकार्य है रेशेल!,0
यह बहुत अच्छा होगा। धन्यवाद।,1
मुझे आशा है कि आज रात आपको मजा आएगी।,1
"हाँ. हाँ. हाँ. ठीक है, अच्छी तरह से uh, मैं जाना बेहतर होगा।",1
मैं आपके विज्ञापन पढ़ रहा हूँ।,1
तो मूल रूप से यह बहुत आसान है. आप स्क्रिप्ट से पढ़ते हैं और जितना टोनर संभव है जितना बेचने की कोशिश करते हैं.,1
"निश्चित रूप से, मैं तुम से मिलने के लिए जब तक बाहर hang कर सकता है. क्या uh-आप क्यों नहीं जा रहे हैं?",1
"ओह, महान! मैं भी।",2
मैं डेट पर जा रहा हूँ।,1
"हम चेस खेल रहे थे, तुमने कहा कि मैं कंटायर था, और फिर आप अपने ऊर्जा मास्क उतारा और आप कैमरोन डायज थे!",0
"देखो, देखो, तुम्हारी बेटी और मैं आज रात अपने शहद-मास के लिए जाने के लिए जाना है, अब-अब तुम-आप उसे कह दो कि मैं उस हवाई अड्डे में जा रहा हूँ और मैं आशा करता हूँ कि वह भी वहाँ होगा!",0
"यहाँ एक chick, वहाँ एक chick, हर जगह एक chick-chick-chickeeeen.",2
निश्चित रूप से कौन सा भाग?,1
मैं उस विचार को पसंद करता हूँ!,2
"लेकिन, हम कमरे में पड़ोसी हैं और यह हमारे लिए एक बड़ा गलती है इस रास्ते में जारी रखने के लिए।",1
"मेरा मतलब है, चलो, दोस्त, एक ले जाओ",1
"हाँ? मैं उस का उपयोग कर सकता हूँ, चाल हैप, कोई कप नहीं, ठीक है! ठीक है!",2
"ओह, भगवान हमारी मदद करें।",0
"ओह, तुम उसके साथ बाहर जाओ।",1
यह एक अठारहवीं सदी का कलकत्ता से भारतीय शिल्प है।,1
"लोगों, जब हम वापस आएँगे तो हम उसके नए किताब, 'यूफोरिया अनबाइंड' के बारे में बात करेंगेः हमेशा रोचक नोरा तैलर Bing।",1
"तो रोस, तुम्हारी क्या समस्या है?",0
प्रतीक्षा करें!,1
"देखो, यहाँ बात है।",1
"ओह, मैंने स्ट्रिपपर को पांच बजे यहाँ होना कहा. यह अच्छा है ठीक है?",1
"वैसे भी, umm तो मैं था, मैं सैर कर रहा था",1
"वह बहुत छोटा है और मुझे लगता है कि वह अपने आप से बात कर रहा है. और पूरी तरह से ईमानदारी के लिए, वह बिस्तर में बहुत अच्छा नहीं है.",1
"आह, तो यह एक आधा-काफ है, दोहरी ऊंची, आसान हैज़ल नाट, चरबी नहीं है, पनीर नहीं है, साथ चीप, अतिरिक्त गर्म लेट है, ठीक है?",1
घूमने के लिए।,1
मैं सम्मानपूर्वक असहमत हूं।,1
ओह-ओह-ओह!,1
"हं-हं, मैंने तुमसे कहा था! मैं विश्वास नहीं कर सकता कि मेरे पास सिर्फ दो घंटे हैं पहले मैं काम के लिए बीमार बुलाने के लिए.",1
"'क्योंकि मैं कह रहा था कि तुम उस समय जिस तरह तुम लोगों ने इसे किया था, उस तरह समाप्त करने का कोई तरीका नहीं है।",2
"मुझे एक असली आदमी की जरूरत नहीं है, सिर्फ उसके कुछ अच्छे तैराकी करने वालों की।",1
इसने मुझे चेहरे पर झटकाया।,0
"हाँ, अच्छी तरह से बेटी एक तरह से दुखी है. इसीलिए मुझे विश्वास है कि मैं इन चॉकलेटों के साथ उसे दूर आकर्षित कर सकता है. अब, जब मैं उसे विचलित करते हुए,",1
"हं, लेकिन मैं इस सूचना-प्रचारक देखा, और हं, मैं तुमसे क़सम खाता हूँ कि मैं पहले कभी भी टेलीविजन पर कुछ नहीं खरीदा है, इस मोप के अलावा।",1
तो लगता है हम बस अब भोजन के लिए भुगतान नहीं करता है। क्या आप देख रहे हैं क्या मैं देख रहा हूँ?,1
जिल कहते हैं वेस्टीबुल... मैं वेस्टीबुल के साथ जा रहा हूँ.,1
"ठीक है, बैरी के पत्र. आदम रिटर के बॉक्सर शर्ट्स.",1
"मैं-मैं वास्तव में गर्म हूँ, तो मैं अपने जूता उतारने के लिए जा रहा हूँ।",1
"ठीक है, चंडलर!",1
"ओह, चलिए! तुम लोगों को मेरे बारे में बता रहे हो?",1
क्योंकि मुझे यकीन है कि जहन्नुम यह पता नहीं कर सकता है!,0
अपने सिर के लिए एक बंधक के साथ एक अजीब-सी पतली डेट?,1
"ठीक है, रेमण्डम, Joey तुम ऊपर हो.",1
"खिड़की के पास उस आदमी को देखो, वाह!",1
यह मैं हूँ।,1
विलियम सोनोमा,1
"ठीक है देखो, मोनिका कुछ स्मृतियों के लिए यहाँ आया और धिक्कार, हम उसे कुछ दे रहे हैं!",1
"ठीक है, मैं फ्रैंक को पाने के लिए जा रहा हूँ।",1
अरे आदमी!,1
सचमुच. क्या?,1
"ओह, छोटे-छोटे चीज को देखो।",1
वार्र्र्र्र्र्र्रूम!,2
"मैं, मुझे याद है जब तुम सिर्फ, जैसे, श्री रोजर के बर्फ में किंग शुक्रवार थे।",1
"हाँ, ठीक है, चलो इन दो को अकेला छोड़ दें।",1
तुम यहाँ क्या कर रहे हो?,1
मेरी माँएँ मुझे प्यार करती हैं। यह बुद्धिमान है।,2
"अरे, लड़के स्कॉउट वहां के नीचे छाउनी लगा सकते थे।",1
यहाँ हम जा रहे हैं!,2
"चाक, चाक, चाक.",1
अरे यह मोना है! शादी से।,2
वह यहाँ है!,2
उम्म. ओह! मुझे क्षमा है. यह थोड़ा पुराना है लेकिन,2
क्या आप अंदर जाकर कॉफी पीना चाहते हैं?,1
उन्होंने मेरे सुझावों में से कोई भी नहीं लिया।,0
"हू! हू! हू! ट्रिगर, तुम क्या कर रहे हो?",1
"ठीक है, विदा! ओह मेरे भगवान!",2
"वे सभी बुरा नहीं हो सकता है. आप अपने शयनगृह की आंखें बनाने के लिए एक को ढूंढें. ओह, वहाँ यह है.",2
ओह भगवान्!,1
तुम shower के लिए एक स्ट्रिपपर का आदेश दिया था?! यह पूरी तरह से अनुपयुक्त है!,0
एक मिनट रुको!,1
"ओह, हाँ. ठीक है, धन्यवाद.",1
यह बहुत मजेदार था! लेकिन मैं पहुँचने के लिए एक आक्रामक योनि परीक्षण है!,2
मैं उसे याद रखता हूँ।,1
मैं इसे ठीक कर सकता हूँ. प्रतीक्षा करो. बाहर देखो. बाहर देखो.,1
यह एक परीक्षा थी!,0
"Uhh, Katie, देखो, uh सुनो, हम-हम बात करने की जरूरत है.",0
ओह मेरे भगवान! यह मैक और सी. एच. ई. ई. एस. ई. के जोई ट्रिबीआनी है!!!!!,1
शायद!,1
तुम्हारे जन्मदिन पर कौन-सी भयानक खलनायक आये थे?,0
"ठीक है, देखो, अगर आप यह पहनने पर जोर देते हैं, सार्वजनिक रूप से, तुम्हें पता है, तुम दोपहर का बाकी सब अपने आप में बिताने जा रहे हैं.",0
"हं, यह लागत 16.000 प्रत्येक बार आप यह करते हैं।",1
"देखो, 'मेरा बर्तन इतना खाली है कि उसमें कुछ नहीं है।",1
मुझे ऐसा नहीं लगता!,2
"मुझे लगता है कि आप मुझे नहीं मानेंगे अगर मैं कहता हूँ कि मैं Kurt Douglas हूँ, हू?",1
"ओह, मैं लारी वहाँ खाने के लिए ले गया लेकिन यह सब उल्लंघन किया गया था. तो हम इसे बंद कर दिया!",0
मैं डर नहीं रहा हूँ।,1
"नहीं, मैं आप को यहाँ से देख सकता हूँ।",1
चलो अब!,0
"मुझे अफसोस है, मैंने सोचा था मैं यह कर सकता हूँ और मैं नहीं कर सकता!",0
नहीं! सचमुच! आप के साथ क्या हो गया है?!,0
"अच्छी तरह से, हं, पिछले कुछ वर्षों के लिए मैं काम कर रहा हूँ..... जो हास्यास्पद है क्योंकि, कि मेरे मास्टर भी नहीं था।",1
"ओह भगवान, तुम मसखरा कर रहे हो?",1
मेरी पत्नी की तस्वीर! अपने पैक में!,0
ओह! ओह! ओह! ओह!,1
चलो हमारे सामान ले लो और यहाँ से बाहर निकलने के लिए नरक।,1
"हाँ, यह मेरा है।",1
सचमुच?,1
"आप और मैं, हम परस्पर संपर्क कर रहे हैं।",1
"ठीक है, यह काफी शहद है!",1
"नहीं, गैरी कोलिन्स होस्ट है. आप फोन जवाब देंगे.",1
मुझे देखो।,1
ठीक है! मैं सिर्फ सोचता हूँ कि यह बहुत जल्दी हो रहा है।,2
दरवाजे के बीच का छोटा जेल!,0
"ठीक है, एक नए परिवार के लिए यह समय है कि वे यहाँ अपने स्मरण शुरू करें और आशा है कि उनके चेक खाली हो जाएगा इससे पहले कि वे आधार में crack और छत में asbestos ढूंढेंगे.",1
"मैं नहीं जानता, लेकिन एक अतिरिक्त के निश्चित रूप से किया था! अरे, राच सुनो. मेरी दृश्यों को देखने के लिए नीचे आने के लिए एक बार फिर धन्यवाद!",2
"तुम मुझसे क्या चाहते हो, मैं उस आदमी से कभी नहीं मिला है।",1
"Hey-hey, यह देखो! यह देखो! Ugly Naked Guy एक नग्न दोस्त है!",1
मैं नहीं जानता। मुझे लगता है कि अन्य लोग बस पर्याप्त चिंता नहीं करते।,1
"ओह हाँ, हाँ! उसने ढेर सारे विज्ञापन किए हैं. मैंने उसे Sugar Smacks की तरह देखा है,",2
"ओह, चलिए मोनिका, भूतकाल की पीड़ा को दूर करना और निराशा में पड़ना Thanksgiving के बारे में सब कुछ है.",1
तुमने क्या कहा?,0
"ओह, कृपया, वे सेक्स कर रहे हैं।",0
धिक्कार!,2
कुछ लोग मुझसे शादी करना चाहते हैं।,0
घर पहुँचने तक मुझे पता नहीं चलता था।,1
"सचमुच दोस्त, 3 साल पहले।",2
मैं नहीं जानता था कि डक है।,1
"चंडलरCity name (optional, probably does not need a translation)",1
"क्या यह अविश्वसनीय नहीं है?! मोनिका और चंडलर, शादी कर रहे हैं.",2
"ओह, जोय! क्षमा करें!",1
": आप सोचते हैं कि आप एक गडबड बना सकते हैं और कपड़ों में बड़ा आदमी यहाँ आ जाएगा और इसे साफ कर देगा, हू?",0
"सब ठीक है, धन्यवाद. क्या आप शायद एक उपनाम है एक उपनाम है कि लय करने के लिए आसान है?",1
नहीं तुम नहीं किया।,1
"ओह, अभी एक बच्चा था।",2
मैंने कभी भी किसी को इतना प्यार नहीं किया है जितना मैं तुम्हें प्यार करता हूँ।,2
"ओह, मैं भी जाना चाहिए।",1
"ठीक है.. हालो ड्रेक, मुझे यहाँ आप को देखकर आश्चर्य होता है.",1
ओह हैलो.,1
"वहाँ आ जाओ आदमी! वापस Flirt, यह मिला कर!",2
क्या? क्यों?,1
क्या यह है?,0
आप यह एक छोटा सा पागल नहीं लगता है कि आप मेरे सभी बिंदुओं को मिलता है सिर्फ 'क्योंकि आप,1
"लेकिन, मैं सिर्फ सोच रहा था कि क्योंकि उन लोगों ने अभी सम्मिलित हो गया है कि शायद यह अच्छा होगा अगर वे कुछ गोपनीयता है, पता है?",1
आप उस पर भरोसा नहीं करते?,1
"ठीक है, मैं अब अपने नए फ्लैट में जाने जा रहा हूँ. हू!",2
"ठीक है, देखो, देखो, सभी अन्य खुशी है कि उसने किया है।",0
"Yeah, a Pretty Huge",2
"""हाय जोय, यह है जेन रोजर्स आपकी पार्टी के लिए आज रात इंतजार नहीं कर सकता है""",2
मैं नहीं जानता. मुझे रिंग देखने दो.,1
"और मैं चाहता हूँ कि हम यह काम कर सकते हैं रोस, लेकिन हम नहीं कर सकते।",0
चलो राहेल!,1
"ठीक है, हम यहाँ जा रहे हैं।",1
मैं नहीं जानता. ओह! ओह! देखो! आह!,1
"तो, अब तक तुम कितने बेच चुके हो?",1
लेकिन मैं गे नहीं हूँ. और मैं विशेष रूप से नहीं चाहता हूँ कि आप मुझे गे लगता है।,2
"ओह, यह अच्छा नहीं है? आप तीनों एक साथ चुल्ले  lingerie पर प्रयास कर रहे हैं.",0
सही. उसका वास्तविक पसंदीदा फिल्म है...,1
"ओह, आप जानते हैं क्या यह इतना बुरा करता है, रोस वेर्मेंट में सभी खुश है!",0
वह कौन है?,1
बेन उस बच्चे से बहुत बढ़िया है।,2
क्या अच्छा दृश्य है?,2
ठीक है. ठीक है. एक फोन है अंततः भुगतान किया गया है.,2
Yuh-huh.,2
"हा, राच मैं एक आदमी के साथ एक डेट पर जाने के लिए मेरे लिए बहुत पैसे लेने के लिए जा रहा है कहने के लिए है.",0
"नहीं, हम एक साथ जा सकते हैं! बस बहुत देर तक नहीं इंतजार करते, ठीक है? क्योंकि मैं यहाँ से बाहर है कुछ समय शुक्रवार से पहले।",1
"ठीक है, और यह मजेदार क्लाउन है. मजेदार क्लाउन केवल उसके निद्रा के बाद के लिए है, अपने निद्रा से पहले नहीं है या वह सो नहीं जाएगा.",1
फिर भी कौन उनके नाव को तटरक्षक का नाम देता है?,0
मैं तुम्हारे दुकान में बीस मिनट तक टाई लेने की कोशिश कर रहा हूँ!,0
"चलो! क्या आप ध्यान दें, मैं किसी भी क्षण जाग सकता हूँ!",0
"वह बहुत सुंदर चित्र बनाता है, नहीं?",1
"ठीक है, लेकिन अगर मैं कल आकर्षण को चालू करने के लिए मिलता है तो मैं अब यहाँ आप लोगों के साथ इसे बर्बाद नहीं कर रहा हूँ.",1
क्यों?,1
"ठीक है, चलो।",1
शायद आप मुझे बता सकते हैं।,1
अच्छी तरह से... हाँ. आप भी बहुत अच्छे लगते हैं. क्या आप एक केश कट गया था?,2
कुछ भी।,1
क्या बात है?,0
आप एक और कठिन आठ roll और हम आज रात यहाँ शादी कर सकते हैं।,2
"अरे. क्या, तुम यहाँ क्या कर रहे हो?",1
"फीब्स, यह महान है!",2
तुम क्या कर रहे थे?,1
"ठीक है सभी, उठाओ! और स्लाइड!",2
"ओह, मुझे आपको कुछ कहना है।",2
"ओह! Phoebe, यह सब आपकी गलती है! अब वह उसे प्यार करता है, वह उससे शादी करने के लिए जा रहा है, और यह सब आपकी गलती है।",0
"ठीक है. हाँ. हाँ, मैं इस एक पकड़ लूँगा.",1
"ओह, मैं",1
"तब हम गुलाब पेडलों को बिस्तर पर छिड़का देंगे और प्यार करें. केवल इसलिए नहीं क्योंकि यह रोमांटिक है, बल्कि इसलिए कि मैं कर सकता हूँ!",2
"और उसने कहा, ""लंडरी?",1
"ठीक है, सज्जनो, आप पहले ऊपर हैं।",1
"क्या तुम उसे पसंद करते थे? और मैं सिर्फ एक दोस्त के रूप में पूछ रहा हूँ, क्योंकि मैं इस के साथ पूरी तरह से ठीक है।",1
"तो जो मैंने कहा था stupid है, उसे मत कहना कि मैंने कहा था।",1
हाँ लेकिन आप की जरूरत नहीं है-यह क्या है?,1
"ओह नहीं, यहाँ रहो हम यह करते रहेंगे। मैं तुम्हें भुगतान करेंगे।",1
वह छोटा-सा नंगा आदमी मैं होगा।,1
ओह मेरे भगवान मोनिका!,1
मेरे पास कोई पृष्ठ नहीं है।,1
"Phoebe, तुम क्या कर रहे हो?",1
तुमने उन्हें उड़ा दिया!,2
"प्याज पकाना. सबसे पहले, वह अच्छा दिखता है.",1
मैंने कहा कि मैं इसे करूँगा!,0
मैं छोड़ रहा हूँ!! वू-हू! मैं ठीक हूँ!! मैं ठीक हूँ!!,2
"वाow, Rhonda.",1
"अंडरडोग के साथ कुछ गलत हो गया था, और वे उसके सिर को उभरने के लिए नहीं कर सका.",1
ये छोटे-छोटे स्त्रियाँ. वाह!,1
"कोई ऐसा नहीं करना चाहता? ठीक है, मैं स्वयं इसे करूँगा।",0
आप एक आदमी की तरह लगते हैं.,0
"आप क्या करना चाहिए पता है, आप उसे उन हूं, बैरीम एनीमाओं में से एक ले जाना चाहिए।",1
"हाँ, मैंने किया, लेकिन तुम्हें क्या पता है? मैं वास्तव में, वास्तव में कटौती करने के लिए प्रयास कर रहा हूँ, तुम्हें पता है?",1
मैं नहीं हूँ!,0
"चलो, वे तुम्हें प्यार करने जा रहे हैं।",2
"ओह, तुम जानते हो एक बार मेरे साथ एक ही बात हुई।",1
"मेरा मतलब है, वाह!",1
"ओह, मुझे क्षमा है. आप बिटना चाहते हैं?",1
ठीक है क्या है?,1
हाह. दिलचस्प. अब वहाँ बाधाएं हैं. गर्म नर्स और मैं दुनिया के खिलाफ है. इस तरह की चीजें महान उपन्यासों से बनाया गया है.,0
"ठीक है! आदमी, यह अविश्वसनीय है! मेरा मतलब है, यह है",1
तुम-तुम-तुम-तुम मेरे सैंडविच को फेंक दिया!,0
"ठीक है, मैं जा रहा था, लेकिन मैं आप से बात करने के बाद, मैं जोय से बात की।",1
मैं नहीं है... मैं अभी तक परिणामों के बारे में भी सोचा नहीं है... मैं सिर्फ यह मानता था कि सब कुछ ठीक होने जा रहा था.,2
"मैंने कुछ बातें कहा, जिनका मैं मतलब नहीं था, और वह-वह कुछ फेस फेंका...",1
मलईदार पट्टीओं में से एक को अपनी ‘सुलभ पकड़ टैब’ से पकड़ें और इसे एक तेजी से दर्द मुक्त गति में बाहर निकालें।,1
"Phoebe, मैं तुम से रिंग की रक्षा करने के लिए कहा!",0
मुझे लगता है कि आप आप के बारे में सोचने से बेहतर हैं.,1
"यह है क्या मैं अभी तक पार्टी के लिए जा रहा हूँ, शराब के तत्वदर्शिता है। बहुत शराब ले जाओ।",1
"ओह चलो, वह अब टहलना चाहता है!",1
"ठीक है, मेरे पास दूध है यहाँ तुम जाओ... ओह! बेहतर?",0
आप कैसे जानते हैं?,0
"ठीक है, लेकिन यह अंतिम बार है।",1
"हं, आप कुछ बनाते हैं।",1
"नहीं, नहीं, नहीं, नहीं, मैं हमेशा के लिए लोरेन के साथ बाहर जाने के लिए प्रतीक्षा कर रहा हूँ. बस शांत हो जाओ.",0
"सचमुच, तुम ऐसा लगता है? मैं नहीं हूँ..",0
"यह होना चाहिए है, यह सही कहीं जा रहा है जा रहा है?",2
तुम सबसे बुरा और सबसे अच्छा आदमी हो!,0
इह! यहाँ तुम जाओ.,1
"मुझे चिंता नहीं होगी, क्योंकि मैं जानता हूँ कि आप यह सब यहाँ महसूस करेंगे।",1
"मैं पागल नहीं हूँ, ठीक है? मेरा मतलब है, यह कभी ऐसा नहीं था।",1
ओह सही है. यह आपका पहला दिन है! तो क्या आप अपने रोबोट सहपाठी के साथ बनावटी अपराध से लड़ने के लिए उत्साहित हैं?,2
आप मुझे उस के साथ पागल कर रहे हैं!,0
कि! चलो इसके बारे में बात करें।,2
उसका मतलब क्या है?,1
कि-यह एक ही बात नहीं है! यह है,0
"ठीक है, तो अब हम, um संत शाखाओं और sacramental शराब की जरूरत है।",1
"मुझे नहीं पता था कि आप और कैरोल तलाक़ दे रहे थे, मुझे क्षमा है।",0
"हाँ, अब. लेकिन क्या होता है जब वह किसी और से मिल जाता है और शादी करता है?",1
ठीक है. यह रोस और राहेल के साथ करने के लिए है?,1
मैं अब कभी भी तुम्हें चुंबन नहीं कर सकता जब यह सब कर सकता है कि मैं अभी तुम्हें चुंबन नहीं कर सकता।,0
"क्या यह है? क्या यह है? हाँ, मैं यह सारा ‘क्या यह है?’ हिस्सा सिर्फ एक और नज़र देना चाहता था।",1
"और मैं तुम के लिए खुश हूँ, लेकिन मैं आपके जवाब मशीन के साथ एक संबंध रखने के लिए थक गया हूँ!",0
"नहीं, मैं उसे मिला.",1
"नहीं-नहीं, प्रतीक्षा-कोई प्रतीक्षा! मैं सिर्फ तुम्हें लटकाने के लिए नहीं कर सकता! बस कृपया मुझसे बात करें.",0
"अरे, तुम जानते हो क्या?",1
ओह-ओह! तो यह तरीका है कि यह हो जाएगा है हू? हाँ मैं भी नियम तोड़ सकते हैं तुम्हें पता है!,0
मैं उससे शादी कर रहा हूँ।,2
कै!,2
आप,1
"हाँ, मैं होगा मगर मैं एक बड़ा स्पैगैटी दाग दूसरी ओर था।",1
मैं Joey हूँ! मैं एक अभिनेता हूँ! मैं चीख dinosaurs के बारे में नहीं जानता!,2
ओह।,2
आप निश्चित हैं? आप बिलकुल निश्चित हैं?,1
"समझ लिया. तो, तुम उस समय क्या कहते थे?",1
यदि आप कभी स्नान के फर्श को फिर से करना चाहते हैं।,1
"नमस्ते, श्रीमती चाट्रास।",1
क्या हम मूर्ख सेंट्रल पार्क में हाइ 5 के बारे में जा रहे हैं?,0
"तो, अगर हम सिर्फ व्याख्यान के लिए वापस हो सकता है।",1
"चचेल्डर, मैं तुम्हें कहता हूँ, मैं आपके माँ की किताबों को प्यार करता हूँ!",2
"आप एक क्लिनिक में जा रहे हैं, और एक पायजाम दुकान!",0
"नहीं। <s> क्या देखो, यदि मुझे किसी चीज़ के लिए डॉक्टर के पास जाना है तो यह मेरे पेट से बाहर टपकने वाली चीज़ के लिए होगा।",0
à¤\x95à¥\x8dà¤°à¥\x8dà¤°à¥\x87à¤\x82,1
"बस एक सेकंड, मुझे इस के लिए जागने के लिए एक मिनट दो-अह-ह!",1
"अच्छा! क्योंकि मैं एक उत्पाद रिपोर्ट पढ़ने के लिए है, यह आठ पृष्ठों की तरह है, मुझे उम्मीद है कि मैं सो नहीं जाता है।",1
"तो, आप के बारे में क्या है हू? आप कैसे खुश जोड़ा पता है?",2
क्या?,0
"ठीक है देखो, देखो, मुझे तुमसे एक सवाल पूछना है, जब वे इस मंच पर कर रहे थे, यह वास्तव में गर्म था?",1
"उह, मैं इन पागल आहारों में ईमान नहीं लाता तुम्हें पता है, सिर्फ सब कुछ मामूली रूप में।",1
"ठीक है, श्री हेकल्स, हम इसे नीचे रखने की कोशिश करेंगे।",1
"हाँ, यह था! यह वह था! Uh huh! ठीक है, यह मैं था!",0
आपका स्वागत है।,1
"ठीक है गेलर. सम्मेलन के अंतिम दिन, आप जानते हैं कि क्या मुख्य व्याख्याता के लिए होता है।",1
"आह, तुम देखो, पूर्ण एक समस्या हो सकता है. यदि तुम कहते थे 'सह-निर्भर', या 'स्व-विनाशक'...",1
"हाँ, मेरा मतलब है कि मैं पूरे रात बीमार था।",1
"ओह, आप जानते हैं..",1
बिलकुल!,2
"मुझे मार डाला जा सकता था, मैं आशा करता हूं कि आप जानते हैं!",0
इसे भी बुलाएँ!,1
मुझे ऐसा नहीं लगता।,1
"देखो, ये खलनायक हमें एक सवारी के लिए ले जाने की कोशिश कर रहे हैं और मैं उन्हें नहीं छोड़ने जा रहा हूँ!",0
"हाँ, लेकिन जेसन वास्तव में संवेदनशील है।",1
ठीक है! कब?,0
"मैं गलत नहीं हूँ! मैं wish I था. मुझे क्षमा है. मुझे लगता है कि बैरीम एंमा अब इतना बुरा नहीं लगता है, हू?",0
मुझे खेद है. मैंने नहीं किया-मैं यहाँ बहुत नहीं आता है.,0
"मुझे मेरे आदमी पर विजय पाने के लिए एक योजना, एक योजना की जरूरत थी.",0
"डा. गेलर, यहाँ एक सीट है.",1
"यह सिर्फ तुम्हें पता है, कुछ घंटे हुए हैं, और उसने नहीं बुलाया है. मैं भी चिंता नहीं है कि, तुम्हें पता है.",0
"ओह, उसे शोकाकुल करने के लिए कुछ समय की जरूरत थी।",1
मज़ेल टोव!,2
"ठीक है, ठीक है. यह कुछ समय के लिए चला जा सकता है.",1
मैं पहले से ही आ रहा हूँ!!,2
तो मुझे लगता है कि मैं क्या कहना चाहता हूँ है कि मैं बहुत कृतज्ञ हूँ कि आपके सभी धन्यवाद की सज़ा है।,2
तुमने कहा था कि मैं कंटायर था-ओह!,0
रिचर्ड!,2
"पता है क्या, आप चाहते हैं, आप एक राज्य खरीदना चाहिए और फिर बस अपने नाम के बाद इसे नाम दिया जाना चाहिए।",1
हम दोनों?,1
"देखो, मैं सिर्फ अपने सबसे अच्छे मित्रों में मस्तिष्क के माध्यम से कैनवास smeared देखा, कि मैं नहीं जा रहा है, मुझे नहीं होगा।",0
बहुत अच्छा है?,1
"अच्छी तरह से, देखो, क्यों आप सिर्फ, क्यों आप हमारे साथ अपने चरण दो स्ट्रिप क्लब बात नहीं करते।",1
"नहीं, तुम मुझे अभी अंदर छोड़ देना है!",2
जो भी हो।,1
वेटरसेसिंग?,1
तो अगर तुम मेरे पिता को ढूंढने में मेरी मदद कर सकते हो तो तुम भी ऐसा कर सकते हो!,0
हम सिर्फ वस्त्रों और रंगों के बहुत से परतों को देखना शुरू कर रहे हैं. उदाहरण के लिए एक गुलाबी पर एक सिर्फ नौसेना ब्लूज़....,1
"देखो, तुम लोगों ने हर नाटक में मैं कभी गया है, मैंने कभी मंच पर रसायन किया है?",1
"ओह, यह आकर्षक है।",1
"मैं नहीं कर सकता, मुझे जाना है।",1
बा डम बम्ब चेशश!,2
"अरे, क्या हो गया है, चलो.",2
"अब आओ, यह एक असली डेट है।",1
"ओह अब पिता, शांत रहें. कृपया.",0
"नहीं, प्रतीक्षा करो, ओह, हम के बारे में क्या खेद हैं?",1
और एक छोटा चॉकोलेट।,1
मैं भी ऐसा ही करता हूँ।,1
तो?,0
"देखो, मैं अभी बात कर रहा हूँ! आप-आप उसका मतलब है।",2
"नहीं, नहीं, ठीक है, तुम झुकाओ।",2
हाँ-हाँ. और सबसे पागल बात यह है कि मैं सिर्फ एक पूरी पिज़ा खुद खाया था!,0
ओह Phoebe!,2
"और फिर आप कहते हैं, ""उन्हें यह एक चेक क्यों कहते हैं?",1
"ठीक है, मैं बस डेट पर जा रहा हूँ।",1
"नमस्ते. अच्छी तरह से, जोशुअ, कि $500 कि सामान के लिए था.",1
वे wildly अप्रचलित हैं।,1
हम सिर्फ दोस्त बनेंगे.,1
"एलिजाबेथ, ईश्वर का धन्यवाद! मैं बस के बारे में सोच रहा था",2
"हू-हू, ट्रिगर ने तुम्हें रोया?",1
वह-वे इसे पसंद करेंगे।,1
Hey!,0
वह अविश्वसनीय था।,2
ओह. यह क्या है?,1
मैं यहाँ हूँ!,1
यही कारण है कि मैं यहाँ हूँ।,0
क्या आप चाहते हैं?,1
"ओह, और उसमें एक बच्चा था।",1
यह हमारे बारे में है।,1
"ठीक है, ठीक है।",1
मैं अंतिम व्यक्ति था जो जानता था जब चिड़ियाघर में चंडलर को मोर ने काट डाला।,0
"Joey, मैं आपको बताना है, मैं सोच रहा हूँ",1
ठीक है! उसके चाचा की क़सम भी!,2
मैं अपने लिए बहुत खुश हूँ।,2
कुछ... बिना किसी प्रकाश के भयावह.,0
एक मिनट रुको!,0
"ठीक है बॉबी, क्यों हम सिर्फ यहाँ आकर उन्हें एक छोटा सा क्षण नहीं देते।",1
"यह ठीक है शहद, यह कुछ शिशुओं को इसे प्राप्त करने के लिए कुछ समय लगता है, लेकिन चिंता मत करें. यह होगा.",1
ठीक है. तो आप मुझे बता रहे हैं कि आप और चंडलर के बीच कुछ नहीं हो रहा है.,0
"ठीक है, umm, मैं अपने जूता ले जा रहा हूँ।",1
"यह सिर्फ हास्यास्पद नहीं है, यह शारीरिक रूप से असंभव है!",0
15? आपका व्यक्तिगत सर्वोत्तम! (रोस एक लेता है,1
ओह भगवान! कैन्टर में वह आदमी पूरी तरह से तुम्हें जाँच कर रहा है!,1
है?,2
मैं नहीं जानता! मैं उसके साथ नहीं आया!,0
"ठीक है, मैं है कि. और कि पूरे क्रोध बात निश्चित रूप से मेरे पीछे है.",1
आप इसे चाहते हैं?,1
मुझे इसके बारे में बताओ!,1
"चार, कृपया. मैं वास्तव में चिंतित हूँ. धन्यवाद.",0
मेरा भी है!,0
आप एक बेहतर विचार है?,1
"ठीक है, हाँ, मैं एक अब और कभी एक है।",1
तो आप में काम करते हैं,1
ठीक है कि एक तीसरा निप्पल नहीं है।,1
ठीक है. आप करेंगे-आप इसे वीडियो पर देखेंगे जब हम वापस जाओगे.,1
"कोई वास्तविक-, प्यारा, वास्तव में यह ठीक है, बस जी-सुसन के साथ जाओ।",1
ओह! क्या क्या क्या!...हाई.,1
नहीं!,2
"और वह तुम्हें कुछ ठंडा सोडा लाएगा, अगर आप चाहते हैं कि आप के लिए उसकी जरूरत है कि तुम सचमुच गर्म हो.",1
"ओह, आप को भी देखना अच्छा है. क्या आप मुझे बताने के लिए यहाँ नीचे आ गए थे?",1
"मूल रूप से उसने मुझे बताया कि मैं अपने ऊपर हो जाओ और बस यह करने के लिए, तुम्हें पता है।",1
मैं तुल्सा से आप को फोन करूँगा।,1
यह मेरे जीवन में एक और बात है कि अचानक पूरी तरह से अलग है।,0
"ओह, आप वास्तव में लोगों को आप को पसंद करने के बारे में बात करना चाहते हैं हू, हास्यास्पद आदमी?",0
मेरे दिमाग में नहीं।,1
"हं, मैं सचमुच इस कहानी को बताना नहीं चाहता।",0
हा. यह अच्छा है.,1
मैं..,1
"ठीक है सुनो, तुम तालाब में जाओ और कुर्सी आरक्षित करें, और मैं पत्रिकाओं और लोशन मिल जाएगा।",1
"मैं जानता हूँ, वे होने जा रहे हैं",2
मैं क्या करूँ?,1
और तुम सिर्फ अपने बारे में मुझे बता सकते हैं।,1
"ओह, जॉम! मैं जॉम से प्यार करता हूँ! अरे, क्यों हम कभी हमारे स्थान पर जॉम नहीं है?",2
"मुझे खेद है कि मैं देर हो गया हूँ, क्या मैं कुछ भूल गया था?",1
"नहीं, hey, मैं कि मिलता है, ठीक है, मैं कि बड़ा समय मिलता है।",0
"मेरे पिता का कहना है कि यदि मैं बाहरी अंतरिक्ष के बारे में स्वप्न देख रहा हूँ की तरह मेरे घरों को साफ करने में मदद करने में उतना ही समय व्यतीत करता हूँ, तो वह ताजमहल की यात्रा पर खर्च कर सकता है।",1
क्या वे मुझे यह करने के लिए प्रतीक्षा कर रहे हैं?,1
ओह मेरे भगवान! ओह मेरे भगवान!,1
"मेरा मतलब है, मैं-मैं-मैं लगता है कि वह cute है लेकिन मैं-मैं कभी उसके साथ बाहर जाने के बारे में सोचा नहीं होगा, कभी नहीं!",1
"तुम मुझे कुछ बताओ, जो मैं नहीं जानता!",0
लेकिन नहींः चचेल्डर एक दुर्घटना में है और यौन रूप से काम नहीं कर सकता है और वह चाहता है कि आप एक प्रेमी ले जाए ताकि वह उन आवश्यकताओं को पूरा कर सकें जिन्हें वह अब पूरा नहीं कर सकता है।,1
"ओह, प्यारे, मुझे लगता है कि मैं भी एक है!",1
मैं एक अभिनेता हूँ सही?,1
"हू... तो... अगर आप में से कोई भी 40 साल की आयु तक शादी नहीं कर रहे हैं, आप Joey से शादी करने जा रहे हैं.",1
"यह बहुत अजीब बात है, क्योंकि हर बार जब मैं दंत चिकित्सक के पास जाता हूँ, मैं स्वच्छता के डॉक्टर के ब्लूज़ को नीचे देखता हूँ।",2
"मैं जानता हूँ कि स्विच कुछ करता है, ठीक है?",1
"यह महान है! हेलन, आप एक क्षण के लिए यहाँ आ सकते हैं?",2
"ओह-हॉ-हॉ-हॉ। बाल बाहर निकलते हैं, और  gloves आते हैं।",0
चलो  Chloe! पहले अपने ग्राहक के साथ समाप्त. चलो  Chloe! चलो  Chloe!!,2
ओह मई १५,1
"ओह हाँ. लड़के, मूत्र काट",0
"आपको चाहिए, आपको Rachel से मदद करने के लिए पूछना चाहिए।",1
मुझे कल रात नींद नहीं आई!,0
मुर्दों से बुरा न कहो।,0
उसने तुमसे बाहर कहा?!,1
"आप जानते हैं क्या शहद, आप आगे बढ़ते हैं, हम एक विकल्पी कहेंगे।",1
"Joey आओ-मुझे विश्वास नहीं हो सकता-मैं तुम्हें यहाँ बैपस्टीन-किंग ग्रह को देखने के लिए लाता हूँ, जो प्रकृति की सबसे शानदार घटनाओं में से एक है, और आप के बारे में सिर्फ कीट और-और कुछ महिला में फंसे हैं।",0
"ठीक है, हम अपने भविष्य की ओर देखेंगे और हम अपने विवाह और आने वाले दिनों के बारे में सोचेंगे।",2
आप एक आदमी की बात ले रहे हैं जो रात की दृष्टि के चश्मा है?,1
"Hey, मुझे क्षमा करें, आप मेरे साथ स्विच करने के लिए मना है?",1
"ओह, मैं नहीं जानता, एक लाख?",0
मैं नहीं हूँ?,1
क्या वह भयभीत नहीं दिखती?,1
"Uh, uh, हम इसके लिए पलटेंगे. बछड़े या क्लाउन्स.",1
"ओह भगवान, क्या हुआ?",1
"प्रतीक्षा करें, लेकिन वहाँ कोई पैसा नहीं है! अच्छी तरह से यह भयंकर है! तुम लोगों को एक, रिकार्ड केंद्र की तरह शादी करने के लिए जा रहे हैं!",0
"मैं तुम्हें कहता हूं, यह विवाह नहीं होगा।",2
आशा! आशा!,2
उसने मेरी बांह को छू लिया।,0
"तो मैं uh, मैं सिर्फ निदेशक से बात की। यह है कि यह है, हम दिन के लिए पूरी कर रहे हैं।",1
आप شرط लगा सकते हैं. शायद किसी अन्य समय?,1
और मैं कैसे जानता हूँ?,1
डॉक्टर कहते हैं कि यह घंटों की बात है।,0
"ओह भगवान... ओह, वह अभी वहाँ है?",1
चंडलर एक अच्छा नाम है!,0
ठीक है. अच्छी रात.,1
"अरे, तुम्हें बताओ क्या.",1
"ओह हाँ, यह बहुत अच्छा लगता है. ओह, और सुनो, यह है, यह होगा....",1
वह सॉपिंग कर रहा था। उन्होंने उसके हाथ में एक ब्रोम पाया।,1
"मैंने उस बारे में भी सोचा नहीं था! अरे,",0
चौथाई।,1
यह एक कंपनी का उपाध्यक्ष है जो अन्य कंपनियों के लिए डेटा पुनर्विन्यास और सांख्यिकीय फैक्टरिंग करता है।,1
"आप नहीं मर रहे हैं उम्मीद, आप एक लंबे, स्वस्थ जीवन जीने के लिए जा रहे हैं. मेरे साथ.",2
"मेरा मतलब है, यह बहुत परेशान करने वाला है।",0
वह धोने का गीत जिसे हम गाते हैं।,1
"हाँ, आप ऐसा पसंद नहीं करते?",1
क्या आप इसके लिए कुछ मदद चाहते हैं?,1
"ठीक है. ठीक है, यह सच है! लेकिन तुम्हें पता है कि मैं बस कि आसानी से शर्मिंदा नहीं करता है.",1
"हाँ! यह ठीक है, यह ठीक है. रॉबी यहाँ घंटों के लिए जा रहा है.",1
यह मोनिका है।,1
"मैं भी आप के साथ जागना पसंद करता हूँ. ओह! यह एक बहुत सुंदर सुबह है. ओह, मैं यहाँ पूरे दिन रह सकता हूँ.",2
यही नई योजना है।,1
तो तुम कब शादी कर रहे हो?,1
"मैं, ओह! क्योंकि, ओह, मैं वास्तव में बिल नहीं दिया है",0
"वह प्रसव में है! तुम उस को पसंद करते हो, तुम एक बछेड़े का बीमार लड़का!",0
ठीक है.,1
"उनके साथ, उनके नीचे, क्या अंतर है? है, राच?",1
क्या मैं किसी प्रकार की...sexy प्रोफेसरvibe दे रहा हूँ?,0
सचमुच?! मैं-मैं सोचा था कि आप किसी गंभीर चीज़ के लिए नहीं देख रहे थे? मैं सोचा था कि आप किसी तरह के फ्लिंग के लिए देख रहे थे.,1
"हाँ, ठीक है!",2
क्यों? अपने संबंध को मनाने के लिए! अपनी प्रतिबद्धता को मजबूत करने के लिए! एक-दूसरे के लिए अपने प्रेम को दुनिया को घोषित करने के लिए!,0
क्या तुम्हारे लिए शहर में कोई सचेतन आदमी नहीं है?,0
धन्यवाद आदमी.,1
बिल्कुल! सिर्फ अपने सभी स्वाभाविक आवेगों से लड़ो और तुम महान हो जाओगे।,1
ये जूते जला रहे हैं!,1
"मैंने गर्भावस्था और जन्म देने के बारे में सभी प्रकार के पुस्तकें पढ़ी हैं, लेकिन मैं सिर्फ बच्चे आने पर क्या करने के बारे में भाग पढ़ने के लिए नहीं सोचा था।",1
"ओह, यह है",1
"देखो, इस चीज़ का हर इंच चिपकाया गया है।",1
"मैं तुम्हें बता रहा हूँ आदमी, मैंने इसे देखा है।",1
ओह... मिलवाकी.,1
"हाँ, हाँ, ठीक है।",1
आप लोग बिल्कुल सही थे!,2
बड़ा मोटा गोली।,1
और भी,1
"ठीक है, मुझे विश्वास है कि वे अभी भी यहाँ होटल में कहीं है. मैं उन्हें ढूंढने में तुम्हारी मदद करूँगा.",1
ठीक है! मैं एक सैंडविच होगा!,2
"नहीं. अटलांटिक सिटी में एक, पिता स्लॉट पसंद करता है. वह कहता है कि वह कॉलेज पैसे दोगुना करने के लिए जा रहा है मेरी दादी मुझे छोड़ दिया है.",0
"नमस्ते? नहीं वो अभी फोन नहीं आ सकती. ओह, ठीक है कोई समस्या नहीं. ठीक है, बाइ-बाइ.",1
कि मेरे जीवन के सभी टुकड़े ठीक जगह पर गिर रहे हैं!,2
तो-तो मैं सिटी हॉल के पास गया और इन को मिला।,1
मैं इस पर विश्वास नहीं कर सकता। क्या आप सोचते हैं कि आपके माता-पिता इसके लिए भुगतान में मदद कर सकते हैं?,1
चलो! भाषण!,2
"हाँ, अच्छी तरह से वह जल रंगों को पसंद करता है, लेकिन तुम्हें पता है, वह बहुत ही कोयले के लिए आसान पहुँच है।",1
"मैं यहाँ दोपहर का भोजन कर रहा हूँ, मेरे अच्छे दोस्त Joey के साथ, अगर वह मेरे साथ बैठ जाएगा।",1
"मैंने यह बोर्ड पर लिखा, फिर मैं सारे न्यूयॉर्क सिटी तुम के लिए खोजने के लिए गया!",0
बैठो।,1
मैं इसे प्राप्त करूँगा! मैं इसे प्राप्त करूँगा!,2
"धन्यवाद, लेकिन मैं इसे Pheebs हटाना चाहता हूँ। मैं इसे स्वादिष्ट नहीं करना चाहता हूँ।",1
"हाँ. लेकिन वास्तव में हम इसे थोड़ा अद्यतन करने के लिए था. Hey, वैसे ही, मुझे पकड़ने के बारे में अच्छी तरह से सोचने के लिए!",2
"अरे, यह मैं हूँ।",1
"वह कहेगी, ""नहीं"", दाऊद का दिल टूट जाएगा, इससे उन्हें ठीक होने के लिए बहुत मुश्किल होगा और फिर फ़ीबे अकेला हो जाएगा",0
मैं जानता हूँ. धन्यवाद.,1
"अच्छी तरह से, मैं, मुझे उस विचार को पसंद है कि मैं किसी के बाद उसका नाम देने के लिए मैं प्यार करता हूँ, और जोई और चंडलर महान नाम हैं।",1
"हाँ, और मेरी दादी को टैक्सी में रखने के लिए धन्यवाद और सुनिश्चित करने के लिए कि वह होटल सुरक्षित पहुँची.",1
"ओह, छोटे बिल्ली को देखो!",1
"और इसलिए मैं हर शब्द को सावधानी से, दो बार पढ़ना चाहता था।",2
"आप इसे पहनेंगे. हम खाना करेंगे, और बेशक, आप इसे पहनेंगे.",1
"ओह, बाहर, ओह भगवान, मैं नहीं जानता क्यों हम वहाँ जाँच करने के लिए नहीं सोचा था!",0
"तो आप कह सकते हैं, यह एक जादू रिंग है।",2
मुझे लगता है कि आप नहीं।,1
खुशी है?! क्या मैं विक होना चाहिए है क्या है? खुशी है?,0
"नहीं, प्यारे, वे नहीं हैं, लेकिन चिंता मत करो, क्योंकि हम उन्हें ढूँढने जा रहे हैं, और जब तक हम करते हैं, हम सब यहाँ तुम्हारे लिए हैं, ठीक है?",1
"ठीक है, यह एक चेक नहीं है. वे कहते हैं कि आपका स्वास्थ्य बीमा समाप्त हो गया है क्योंकि, आप पिछले साल पर्याप्त काम नहीं किया था.",1
"ओह, आर्द्र, हाँ.",1
यह भयानक था। उन्होंने मुझे चिकन लड़के कहा।,0
तुम्हें ऐसा कब हुआ?,1
लेकिन आप-आप काला कहा था. क्यों वह अपने नीली ब्लाजर काला चाहता है?,1
याद है कि उस आदमी ने मुझे एक बुरा समीक्षा दी है? अच्छी तरह से... मैं अपने बदले ले जा रहा हूँ!,0
"हाँ, अच्छी तरह से, “ओह फेब्स, यह शूक है!” मुझे अभी तक नहीं।",0
क्या?! क्यों? जोय आप इसके लिए इतना तैयार थे!,1
"तो? आप दोनों की बधाई, मुझे पता भी नहीं था कि आप शादी हुई.",1
आप ऐसा कैसे करते हैं?,1
वह क्या था!,1
"अच्छा, तो, अगले 30 मिनट के लिए खेलें और फिर जब तक वह घर जाता है तब तक लिखना।",1
ये क्या हैं?,1
Phoebe और Rachel!,0
कोई कारण नहीं।,1
मैं एक बियर ले सकता हूँ।,1
अच्छी तरह से आप अगर आप चाहते हैं तो सूट रख सकते हैं।,1
चलो अपने घर जाकर देखो।,1
भरने के लिए कुछ फार्म हैं।,1
"blond महिला मेरी पूर्व पत्नी है, और महिला उसे छू रही है उसका... निकट, व्यक्तिगत मित्र है.",1
यह मेज के नीचे चला गया।,1
तो मेरे पास एक दोष है!,0
"तुम्हें पता है, रोटी की चिंटी हमेशा हास्यास्पद है।",2
मेरा मतलब नहीं था,1
"हाँ, यह एक तरह से आप पर बढ़ता है. वास्तव में, मैं आप के बारे में, वसंत अवकाश के बारे में बात करना समाप्त करना चाहता था.",1
"नहीं, नहीं, मैं गंभीर हूँ. धन्यवाद.",2
क्या आप उन छोटे रंगीन लेबलों का मतलब है जो आप सभी फ़ोल्डरों पर रख रहे हैं?,1
हाँ यह सही है कि आप बहुत परेशान हैं. उन्हें बुक करें.,0
जैसा कि मैंने कहा था... मुझे शायद मैं 35 साल की आयु तक तीन बच्चों में से पहला होना चाहिए जो मुझे पांच साल देता है.,1
"ओह, वह ऊपर आ रही है! वह ऊपर आ रही है!",2
"ओह, ठीक है. आप मेरे स्थान ले लेंगे?",1
"नहीं, नहीं, यह सिर्फ मेरे दांत है।",0
और-और-और-और-और दाँत की चिड़िया?,0
मैं सोचता हूं कि वह सबसे छोटी लड़की है जो मुझे अस्वीकार करती है।,2
क्या आप निश्चित हैं?,1
"हाँ, तुम बहुत समझदार हो!",2
"ओह हाँ, यह अच्छा लगता है।",1
"ओह, बैरी...! चलो, यह भी पूरी तरह से है..",1
आप अब सही तेजी नहीं जा रहे हैं?,1
हाय! क्या आप,0
सिर्फ इसलिए कि उसके पास एक बड़ा नाव है वह सोचता है कि वह पूरे नदी को उठा सकता है।,0
अल्लाह!,0
और तुम बहुत मीठे हो. और तुम दयावान हो,1
"प्रतीक्षा नहीं, प्यारे, प्यारे इसे मेरे पास डालें, इसे मेरे पास डालें।",1
"ठीक है, मैं यात्रा के लिए कुछ चीजें उठाने के लिए जाने जा रहा हूँ।",1
"यहाँ छोटी टोस्ट, डिंग डिंग.",2
मुझे केवल 25 डॉलर देना था और तीन घंटों तक कतार में इंतजार करना था।,0
क्या आपने अपना जमा कर लिया था?,1
"मैं? ओह, नहीं, मैं एक अभिनेता नहीं हूँ।",0
"वहाँ है. कितने, कितने ah, तुम बेच दिया था?",1
आप यह बहुत तेजी से नहीं लगता है।,1
जेम्स ब्रोलिन?,1
"मेरा मतलब है, इसमें क्या नुकसान है?",1
"ठीक है, ठीक है, फीब्स...",1
तुम मुझे क्या हुआ बताओ नहीं।,1
"फीब्स, चलो, आप किसी को नहीं मारते थे, इन लोगों को सिर्फ मरने के लिए जब आप दंत चिकित्सक गया।",1
"ठीक है, यह देर हो रही है।",1
"नहीं-नहीं, मैं हूँ... मैं निश्चित हूँ कि कोई नहीं देख रहा था. बस कुछ गोपनीयता चाहते हैं.",1
"ठीक है, मैं पहले झूठा था।",0
"ओह-ओह, यह एक जोखिम भरा छोटा खेल है!",1
क्या आप जानते हैं कि अभी क्या हुआ?,0
"ठीक है, अच्छी तरह से, क्यों मैं एक भूतपूर्व दोस्त के साथ बाहर नहीं जाता और Joey एक काम करता है?!",0
धन्यवाद. अच्छी तरह से लेकिन यह एक अब शुरू होता है।,1
"ठीक है, क्षमा करें, मैं सिर्फ, मैं सोचा था कि आप मुझे पसंद करते हैं.",1
सचमुच? मैं नहीं हूँ,1
"ठीक है, यह, जैसे, एक छोटा सा परेशानी है, या यह जैसे है जब Phoebe अपने बालों को चूसता है?",1
"ठीक है आप लोग, हम एक दूसरे को चालू नहीं कर सकते, ठीक है? यह सिर्फ वह चाहता है।",0
"लड़कों, नियम अच्छे हैं! नियम खेल को नियंत्रित करने में मदद करते हैं! ओह!",2
"अच्छा, ठीक है, तो अब क्या है-जाओ, जाओ अंडे, उनमें डालें।",1
मैं मकान मालिक को फोन करने के लिए जा रहा हूँ और उसे बताने के लिए कि मोनिका अवैध रूप से यहाँ दादी के घर subletting है.,0
ऐसा लगता है कि मैं विदा नहीं कर सकता।,0
ये लोग गिर पड़ेंगे।,1
"मैं बस, मैं महसूस करता हूँ, मैं-मैं बस...",1
निस्संदेह यही मेरा उद्देश्य है।,2
वह बहुत अद्भुत है।,2
"ठीक है, वहाँ तुम जाओ!",2
"डिस्नेलैंड, 1989, 'यह सबके बाद एक छोटा विश्व है.'",1
मेरे माता-पिता ने हमारे विवाह के लिए पैसे खर्च किए!,0
"हाँ, आप कुछ चाहते हैं?",1
कौन?,1
मैं-मैं मोना हूँ!,2
नहीं! शायद! मैं नहीं जानता।,0
डा. वेल्स एक महिला है।,1
"ठीक है, आप मुझे कह रहे हैं कि आप एक बैठक में एक पूरी टर्की खा सकते हैं?",1
"अरे, राच. अपने मित्रों के साथ कैसे था? ठीक है! आप कुछ टिकी मृत्यु स्पर्श पसंद करेंगे?",2
वे उसे चंडलर फोन कर रहे हैं.,1
"ओह, आह!! हम तुम सिर्फ मुझे कुछ लिमोनडा दे रहे हैं?",1
मैं खुद को मार डालूँगा!,0
मैं?,1
"ओह-हो, मुझे लगता है कि यह अच्छा है।",2
मैं नहीं जानता।,1
"अरे अब! यह एक दुर्घटना थी, ठीक है।",0
ओह।,0
तुमने वास्तव में उसकी घड़ी टूटी है?,1
"पता है, मुझे हमेशा लगता था कि आप और मैं इस-इस विशेष बंधन है।",1
"अरे, मैं होनिंग कर रहा हूँ!",0
"ओह? मेरी गॉड, मैं समझता हूँ।",0
क्या आप जानते थे?,1
"जैनिस के जन्मदिन आने जा रहा है, मैं उसके कुछ विशिष्ट प्राप्त करना चाहता हूँ. मेरे साथ यहाँ आओ.",1
"अरे! यह बहुत स्पष्ट करता है! पिछले सप्ताह, मैं स्टोर से स्टोर Santa के कूल्हे पर बैठा गया।",2
तो क्या लोग ठीक कर रहे हैं?,1
"नहीं. हं, ठीक है. लेकिन जब आप डायल करते हैं, मुझे आपको मेरे नए रिंगिंग हँडबैग की विशेषताओं को दिखाने दो. ओह, यह काम करता है!",0
रोस?,1
"ओह, प्रतीक्षा करें, फीब्स, एक सेकंड प्रतीक्षा करें! आप यहाँ नहीं रहना चाहते और इसके बारे में बात?",1
ओह नहीं।,0
"रॉस, हे, यह रेशेल है।",1
मुझे लगता है कि मैं उड़ान ले जा रहा हूँ।,1
"फिर मैं नीचे देखता हूँ, और मुझे पता चलता है कि वहाँ एक फोन है... वहाँ.",1
वहाँ बारह पैसे हैं मैं फिर कभी नहीं देखूंगा!,0
"आप एक चुनेंगे, बस एक चुनें! यहाँ, कि एक के बारे में कैसे है?",0
और मैं यहाँ क्यों रहूँगा?,1
मैं यह हर साल करता हूँ।,1
"हाँ, उसने चिल्लाया कि उसे अचानक शहर से बाहर जाना था।",0
हे-हे.,2
हाँ! मैंने कभी अपने जीवन में इस तरह की रोल नहीं देखा है!,2
हमें उससे कुछ करना होगा।,1
"आदमी, मैं भूख में हूँ! क्या मैं डिनर पर क्या सोच रहा था?! ""क्या आप सूप या सालाड चाहते हैं?"" दोनों! हमेशा दोनों का आदेश!",0
यह जोय था!,1
"ठीक है, तुम जानते हो यह मेरे काम का कोई भी नहीं है, लेकिन आप शादी नहीं कर रहे हैं?",1
ओह... मैं ठीक हूँ.,1
"मैं नहीं कर सकता, तुम अब मेरे लिए पूरी तरह से अलग व्यक्ति हो.",0
"यहाँ से अधिक कॉफी, कृपया!",2
"ओ Phoebe, यह एक महान कहानी है।",1
"हाँ, आप अभी भी मेरे लिए भावनाएँ है।",0
अपने प्रत्येक कैरियर में एक समय आएगा जब आपको एक अन्य सोप ऑपेरा अभिनेता को झिड़कने का मौका मिलेगा।,1
नूह! मैं झूठ बोल रहा हूँ. मैं बहुत शराबी हूँ.,2
"लियम, मुझे एक काम करो. लड़कों को Ross पर आसान चलाने के लिए कह दो, यह उसकी पहली बार है.",1
"ओह, यह बहुत मधुर है! चचेल्डर देखो मैं तुम्हें प्यार करता हूँ, अगर आप रो नहीं कर सकता है अगर मुझे चिंता नहीं है.",2
"तो, लाजैन कैसे जाता है?",1
मैं चिड़ी को संभाल सकता हूँ!,0
"ओह, hey, जोय भी प्यारी है! लेकिन जोय के बारे में बात है, अगर आप उसकी जरूरत है, वह वहाँ होगा।",1
"लेकिन, हम फिर से चुने! हम फिर से चुने!",2
"नहीं, मैं ऐसा नहीं सोचता।",1
फाह.. फ्लेनिन..,0
हैलो! हम एक ही मेज पर थे? यह है जैसे... अप्पलाचिया में कैक्टेल.,0
"ओह हाँ, एक आदमी, 37135 चुने।",1
"ठीक है, तुम जानते हो, एक छोटा सा यह, एक छोटा सा यह. मुझे कल रात एक डेट मिल गया.",1
मैं करता हूँ।,1
ओह! वाह! वह एक तरह से तुम्हारी साँस लेता है नहीं है?,2
"मैं नहीं जानता कि मेरा पात्र तुम्हें क्यों पसंद करता है या नहीं, मेरा मतलब है कि यह स्क्रिप्ट में यहाँ कहते हैं कि तुम एक बदचलन हो।",0
"हं, हं!",1
"ओह, मुझे नहीं पता।",0
Uh-huh. Uh-huh.,1
"खैर मैं-मैं-मैं यह कितना गर्म है यह चिंता नहीं करता है यह है-यह है, यह गलत है।",2
क्लेवलैंड।,1
"हं, मैं सोच रहा हूँ, मैं बस बाहर आकर यह कहने के लिए जा रहा हूँ।",0
"ओह, नहीं!",1
मुझे अफसोस है कि हम अब आपके बचपन के सामान भंडारित नहीं कर सकते हैं।,0
"ओह, हम-हम इतने हैं... तो हं, अच्छी तरह से मैं-मैं-मैं तुम्हें पसंद करता हूँ और मैं हं, तुम के साथ बाहर hanging-out जानता हूँ प्यार करता हूँ.",2
आप मुझे आपके साथ नीचे जाने और अपने हाथ पकड़ने की जरूरत है?,1
"आप उस जगह गये जहां आप लोकप्रिय थे, और आपको चिप के मोटरसाइकिल से उतरना पड़ा और उसके पत्रकार के जैकेट पहनना पड़ा।",1
"हो-ओह, वह कुछ पाने के लिए जा रहा है!",2
यह क्या है?,1
ओह!,1
"ठीक है, हम यहाँ कई विकल्प हैं, आप पर प्रयास करने के लिए प्रारूपों की एक संख्या।",1
हाँ!,0
"हं, तो हाँ, यह Phoebe का कारण है! तो, आप जानते हैं, यह या तो वह है या मैं.",0
"तो हं, यह है?",1
"मैं उनसे डरता हूँ, लेकिन ठीक है।",0
मैंने उसे ऑंख में डाला! मैंने उसे ऑंख में डाला! यह दुनिया के इतिहास में सबसे बुरा विच्छेद है।,0
"ठीक है. Um... लेकिन-ठीक है, हाँ रोस और मैं डेटिंग करता था. और हाँ हम एक बच्चा करने के लिए जा रहे हैं. लेकिन हम हैं",1
तुम कैसे जानते थे?,1
"Uh वास्तव में, मैं वास्तविक तारीख से पहले फूलों को भेजा. तो तकनीकी रूप से,",0
मेरे आश्चर्यपूर्ण पार्टी!,2
तुम अर्विन की बेटी हो?,1
"वैसे भी, यह सिर्फ 3 लोगों के लिए एक पूरी टर्की बनाने के लिए उचित नहीं लगता है। ठीक है? यह बहुत काम है।",1
क्या?,1
"अच्छी तरह से मैं एक बहुत अच्छा समय था! कैसे बनाना सीखा, बहुत अच्छा खाना खाया, यह पहला ए मैं सातवीं कक्षा से प्राप्त किया है,",2
"जानता हूँ कि मैं तुम्हें अपने हाथों में फिर कभी नहीं पकड़ूँगा, या अपने त्वचा को छुएगा, या अपने होंठों को महसूस करूँगा, जानता हूँ कि मैं तुम्हें कभी प्यार नहीं करूँगा?",0
आप इसे पसंद किया? आप सचमुच इसे पसंद किया?,1
यह क्या है?,1
या कैसी.,1
"पता है, hey मैं समझता हूँ।",1
तुम्हें पता है कि हमारा फोन काम नहीं कर रहा है?,1
"ठीक है, मैं अपने विवाह पोशाक वाष्प करने जा रहा हूँ ठीक है? कौन यह सुनिश्चित करने की जिम्मेदारी चाहता है कि इससे कुछ नहीं होता है?",1
"Phoebe, हम मिल रहे हैं",1
और-,1
नहीं-नहीं-नहीं-नहीं! यह मजाक था!,1
"वह जानती है, और वह मुझे नहीं कहेगी।",0
"मेरा मतलब है, हम सब के बाद से गुजरा गया है, मैं सिर्फ-समझता हूँ मैं एक भाई प्रतिकार करने के लिए था चाहता हूँ।",1
आप उसे क्या कहेंगे?,0
क्या आप मुझे बता सकते हैं कि कौन है?,1
"ओह, मुझे क्षमा है, ओह, मैं बस, मैं सोचा था कि हम उन्हें हिप कर सकते हैं और फिर कुछ पीस और प्याज जोड़ सकते हैं।",0
ठीक है!,0
यह पनीर केक था।,1
"अगली बार आप एक अग्नि-अलार्म को रद्दी में डालना चाहते हैं, इसे एक कम्बल में wrap नहीं है कि कहता है, ""पॉईबी Buffay की संपत्ति नहीं मोनिका है।""",0
"ठीक है चंडलर, तुम ऊपर हो.",1
"पीट, मैं तुम्हें कुछ और मिल सकता है?",1
"ओह, यह uh है, यह बहुत अच्छा है कि लेकिन मैं पहले मैंने चुना एक के साथ जाने जा रहा हूँ।",1
ओह नहीं! नहीं! नहीं!,1
"ठीक है! तो, हम बस शादी कर रहे हैं।",2
"ओह, Phoebe के पुराने मैजर्स प्लेस से नान्सी थॉम्पसन को बर्खास्त किया जा रहा है.",1
"ओह, एकमात्र कारण तुम मेरे साथ बाहर जाना चाहते हैं क्योंकि मेरी मोटी wig, और बड़ी boobs, और यह तथ्य कि मैं तुम्हें खाना सेवा.",2
"सचमुच? तो, आप इस 'यह सब उसके लिए है' बात के साथ stick करने के लिए जा रहे हैं?",1
ओह!,1
"रास्ते से बाहर निकल जा, बदचलन!",0
कोई पिता नहीं है।,1
मैं आप की मदद कर सकता हूँ?,1
"सुनो, मैं जानता हूँ कि आप मुझसे बात करना चाहते थे, लेकिन मेरे पास एक विचार है कि शायद आप शादी करना चाहते हैं. हम पंजीकरण करते हैं, और",1
"हाँ, मुझे लगता है कि मैंने सुझाव दिया था।",1
"यह ठीक है. ठीक है, मैं एक गीत बजाने जा रहा हूँ कि वास्तव में, वास्तव में दुखद है. यह जादूगर बॉक्स मिक्स अप कहलाता है.",2
ठीक है! आप नहीं लगता कि मैंने उस पर सोचा है?,0
वह चीज़ एक खतरा था! मैं बहुत सुरक्षा से सचेत हूँ।,0
धन्यवाद. मैं अपने डिनर पार्टी में पुनः शामिल होने जा रहा हूँ.,1
"अच्छी तरह से, मैं जुडी गर्भावस्था हो गया था. मैं अभी भी नहीं पता है कि कैसे हुआ था.",2
मेरे पास सात बहुत गंभीर आघात हुए हैं।,0
क्या आप गर्म हैं?,1
सात सौ डॉलर!,2
चलो! देखो तुम कहाँ हो!,2
"ओह भगवान, आप क्या सोच रहे थे?",0
"ठीक है. आप uh, आप कोई अजीब बात सुनना चाहते हैं?",2
एड बेगले जूनियर गे नहीं है।,1
"ओह-ओह, तुम झूठे हो।",0
"हाँ, मैं... अच्छी तरह से तुम्हें पता है मैं-मैं मतलब है कि मैं सेमी-फाइनल छूट गया था, तो मैं बस खो जाएगा.",0
"ठीक है, ठीक है, ठीक है मैं डरना चाहिए?",0
"ओह, 'मुझे क्षमा करें. मैं एक तरह से उस मशीन का उपयोग कर रहा था.",2
आप अब पेड़ से क्षमा करें या मैं बैकअप के लिए बुला रहा हूँ. बैकअप! बैकअप!,0
नहीं।,0
अल्लाह!,2
बैठो!,0
तुम सिर्फ इसे छोड़ देना चाहिए।,1
"ahh, nooo!!",2
क्यों?,1
नहीं Phoebe मैं पागल हूँ!,0
"और फिर भी हं, मैं समुद्र में दूर हो जाएगा।",0
यह Lafite है. ’74 Latour वास्तव में काफी अच्छी तरह से पी रहा है.,0
"ओह. ठीक है, विदा.",1
"ठीक है, कैसे ladybugs के बारे में?",1
"ओह, यह ठीक है! अपने आंतरिकों के साथ जाओ, अपने आंतरिकों के साथ जाओ।",2
"मेरा मतलब है, कि उपयोग में आ गया है",1
"हम एक-दूसरे की आँखें पूरी रात से दूर नहीं रख सकते थे और फिर कभी-कभी तुम जानते हो, वह एक तरह से lean over और मेरे बालों को छूकर और मेरे गर्दन को छूते थे।",2
"आप जानते हैं... आप वास्तव में, वास्तव में पार करने के लिए मुश्किल हो जा रहे हैं.",0
"ओह, यह अभी भी टीवी पर नहीं है।",1
मैं आप के साथ बैठूँगा डा. गेलर।,1
अपने जूते की तरह।,1
"मैं यह नहीं समझता. आप इस आदमी में क्या देखते हैं, वैसे भी?",1
आप क्या सोचते हैं कि वह कौन है?,1
"अच्छी तरह से, उससे छुटकारा पाने के लिए, obsessive और कटु।",1
"और वह कहेगा, 'हाँ!'",0
"Uh, प्रतीक्षा, तो आप लोग मुझे बता रहे हैं कि आप वास्तव में आठवीं कक्षा से रिटर्न किया है?",1
सुसन सरंडन।,1
"ठीक है, व्यापार की कुछ चालें।",1
"ओह, बस यह! आप जानते हैं कि यह वास्तव में मेरी गलती है, क्योंकि कुर्सी आमतौर पर है जहां हम",1
"अरे वा! तो, आप सिर्फ dinosaurs से अधिक हैं।",1
"मैं आपको बताना चाहता हूँ, मैं-मैं इस समय किसी को पसंद करने की उम्मीद नहीं थी, मैं वास्तव में मतलब नहीं था, मुझे लगता है कि मुझे पसंद करने की उम्मीद नहीं थी, लेकिन वह वास्तव में बहुत अच्छा है।",2
"हाँ, हाँ, यह सिर्फ है कि मेरे पिछले कमरेmate किप के साथ है...",1
"हाँ, उस लड़की मोनिका के साथ क्या है?",1
"आप पoughkeepsie से एक को जानते हैं, यद्यपि वह दो घंटे रेलगाड़ी से दूर है, वास्तव में बहुत सुंदर है, वास्तव में स्मार्ट है, और-और बहुत मजा है।",1
"कोई suds नहीं, कोई save. ठीक है?",0
"मुझे नहीं मालूम, तुमने सोचा था कि शनिवार को आप मिलेंगे यह मजाक है।",1
"मेरा मतलब है, मेरा मतलब है कि मैं घरहीन होने जा रहा था।",0
"जैसे, उनकी पूंछ पीछा, या, uh, एक फाइस्बी पकड़ने के लिए उछलने.",1
"तैयार है, Annabelle?",1
कह दो कि तुम मेरे पास रहोगे,0
मैं आपके कार को प्यार करता हूँ।,2
"मुझे खेद है, खेद है, खेद है।",0
"स्पष्ट बयान कर रहा है, लेकिन धन्यवाद. और यह अजीब नहीं है.",2
"इसमें तीन सुंदर शयन कक्ष हैं और हां, स्नान नहीं है।",1
यह जोय के साथ करने के लिए है?,1
मैं नहीं सोच रहा था. मैं गिरने में बहुत व्यस्त था...,2
"वैसे भी मैं बस, uh, मुझे लगता है कि यह सर्वोत्तम के लिए है।",0
और यह इस शहर में एकमात्र अस्पताल नहीं है और हम के लिए कोई समस्या नहीं है-Whoa!,0
क्या! आप पूरी तरह शर्मिंदा हो जाओ!,1
"रोस, हम... हम मजबूत होना चाहिए. ठीक है, मैं जा रहा हूँ जा रहा हूँ. मैं कर सकता हूँ? तुम्हें याद करने के लिए?",0
"वैसे भी, मैं सिर्फ सोच रहा था, मेरा मतलब है, अगर आप वैल गया होता, और अगर आप लोग अपने परिवार के साथ थे, अगर आप सिफलिस और stuff नहीं है, हम सब एक साथ नहीं होगा, आप जानते हैं?",0
"सेल्टिस? हा. वे एक नौका Hit नहीं कर सकता था अगर... प्रतीक्षा. वे बुरा है, ठीक है?",0
यह पागल है!,1
चंडलर?,1
फिर आओ?,1
"मैं बस, मैं महसूस करता हूँ, मैं-मैं बस...",0
मेरा सबसे पसंदीदा हिस्सा था जब,1
"अच्छा, मैं आप से कुछ पूछने के लिए, किप मेरे से अच्छा कमराmate था?",0
इतना गर्म था कि कल रात मैं सोने के लिए अपने आप को रोया।,0
ओह.. ओह... ओह.,1
"हाँ, मैं इस बारे में नहीं जानता।",1
"क्षमा करें, मैं बस... नहीं सो सकता है.",1
"ठीक है, हम यहाँ होंगे!",1
"Phoebe, क्या, यहाँ क्या हुआ?",1
"क्या-क्या है यह, क्या है यह?",1
यह अद्भुत था।,2
"अब, आप देख रहे हैं, अधिकांश लोग, जब उनके जानवर आगे बढ़ते हैं, वे उन्हें ऐसा लगता है कि वे सो रहे हैं के रूप में खुलना चाहते हैं.",1
"हम नहीं, वास्तव में।",1
"अह-अह-अह, अब तुमने यह शुरू किया है, तुम इसे पूरा करोगे।",0
कि,1
मैं जानता हूँ. मुझे अधिक पी की जरूरत है.,1
"तुम्हें क्या पता है, प्रतीक्षा करो, मुझे चंडलर ले जाना है।",1
"देखो, यह जैसे मैंने तुम्हें बताया है, मैं कुछ नहीं कर सकता है. आप इसके लिए हस्ताक्षर, मोनिका Velula Geller.",1
सबसे अविश्वसनीय बात हुई है. अंडरडॉग अभी दूर हो गया है.,1
"रोस, मैं एक मानव doodle हूँ!",0
यही है!,0
हाल ही में मुझे ऐसा अवसर मिला।,1
आप पहले से ही यह था?,1
"नहीं, क्योंकि आप एक दादी नहीं हैं!",0
ओ.,2
"ओह भगवान, आप लोग मनोरंजन केंद्र बेच रहे हैं?",1
"मैं सुनता हूँ, मुगसी!",1
बिंग! हो! और बिंग-एट!,2
आश्चर्य,2
जैसे एक,1
"अच्छा, क्या आप नहीं चाहते?",1
मैंने अपने identical hand twin को पाया!,2
"मुझे क्षमा है. डा. ग्रीन, मोना. मोना, डा. ग्रीन.",2
मौखिक रूप से?,1
मुझे देखो!,1
हम ठीक है वहाँ हो जाएगा! क्या आप बस यह कह नहीं सकते कि यह बाद में शुरू होता है?,0
"कब? आज? कुछ, बहुत नहीं।",1
"अच्छी तरह से, कि मैं इन लोगों से ढूंढ रहा हूँ बहुत कुछ है।",1
मेरे पास एक ब्रो था।,1
मुझे बहुत खुशी है कि आप इसे पसंद किया है।,2
मैंने सोचा था कि वे कर सकते हैं... मैं जल्दी से जल्दी वापस लौटने की कोशिश करूँगा. मुझे क्षमा है.,0
वाह! Uh... तुम कैसे हो?,1
हाँ! हाँ! कृपया इसे मुझे दे दो!,2
तुम्हें पता है कि मैं स्कूल से मिला? Howie.,1
"ठीक है, जादूगर आदमी, देखो हम राजा को देखना चाहते हैं।",1
"पिता, पिता मैं इसके बारे में सुनना नहीं चाहता।",0
"ओह, यह एक अब उपलब्ध है, लेकिन केवल समान twins पात्र हैं। यह एक twins अध्ययन है।",1
ठीक है,1
"मैं खाने के लिए एक तेजी से बिट ले सकता है, लेकिन फिर मैं यहाँ वापस आना है।",1
अरे!,2
"चलो आदमी, तुम मुझे एक दूसरा मौका देने के लिए मिल गया है!",0
"मैं जानता हूँ, लेकिन मैं एक न्यूरॉलॉजिस्ट हूँ।",1
"हाँ, मैं उन्हें तुम को, 30 डॉलर देने के लिए बात कर सकता हूँ।",1
"यह मैं नहीं हो सकता, मैं यहाँ खड़ा हूँ।",1
मैं धकेलने वाला नहीं हूँ!,0
"ठीक है, सुनो, यह महान रहा है लेकिन मैं आधिकारिक रूप से मिटाया गया है।",1
मैं सिर्फ मजाक कर रहा हूँ. मैं 25 जुलाई शादी कर रहा हूँ,2
चेल्सी.,1
"नहीं, नहीं, पेरिस।",1
Hey guys! तुम क्या कर रहे हो?,1
"जोए, कहाँ हैं",1
ठीक है!,2
"हमारे दिमाग में जितना अच्छा हिसाब रखें, उतना ही अच्छा",0
मैं तुम पर गर्व करता हूँ।,2
लेकिन आप कर सकते हैं।,1
दाढ़ी और मुश्त।,1
"ओह, नहीं, नहीं, नहीं, प्रतीक्षा, प्रतीक्षा, इसाबेल.",2
मैं आप पर जाने के लिए नहीं कह रहा हूँ,1
आपकी बात क्या है?,1
"ओह, क्यों आप उसे अपने छोटे-छोटे व्यंग्यों में से एक नहीं बनाते।",0
तुम बहुत बुरा हो!,2
चैल्डर.,1
"अच्छा है. मैं आह, तो तुम्हें देखते हैं।",2
"ओह, ओह, ओह, ओह, ओह! तो, मैं दरवाज़े में प्रवेश करता हूँ और सही कर देता हूँ",1
"यह बप्पस्टीन-किंग खगोल ग्रह कहलाता है, ठीक है? अरे! अरे! बप्पस्टीन एक बहुत अच्छी तरह से सम्मानित खगोलशास्त्री था!",0
"ठीक है, और मेरे पास नोकुलूलु ओन के साथ मेरे भोजन के लिए, uh रसीद है।",1
यह कोई बात नहीं है क्योंकि कोई भी एक तीन और एक छः से बेहतर नहीं है।,2
"क्या आप मेरे sitic क्षेत्र पर कुछ समय बिता सकते हैं, यह आज मुझे मार रहा है।",0
अब फब्यूटेक क्या है?,1
"बाएँ, बाएँ-ओह!",1
"हाँ, मैं सिर्फ पागल हूँ!",0
मैं भी मजाक कर रहा हूँ. मैं दिसंबर में शादी कर रहा हूँ.,2
यह कौन है?,1
ओह नहीं. मैं किसी को एक कॉफी या... जहरीला मिल सकता है? नहीं? सिर्फ मेरे लिए? ठीक है.,0
"ठीक है, मुझे लगता है कि मैं थोड़ा और अधिक बाहर हो सकता है. चलो एक खेल है.",1
आप मेरे ओबो अभ्यास को परेशान कर रहे हैं।,0
ओह हाँ? कब?,1
"कैरोल, हम पहले से इस से गुजर चुके हैं, ठीक है?",2
"मोनिका, तुम बहुत भाग्यशाली हो! वह स्कूल में सबसे लोकप्रिय आदमी की तरह है!!",2
मुझे लगता है कि यह सब तभी शुरू हुआ जब राहेल को यह नया काम मिला।,1
"ओह, मुझे बहुत अफसोस है।",0
चलो।,1
बस मुस्कुराओ और उससे बात मत करो,1
मैं अपना बटुआ भूल गया था।,1
अब यह हास्यास्पद है।,1
और आप गपशप करने के लिए नहीं किया जाना चाहिए!,0
"फोने. फोने. फोने, हाँ. उसने मुझे आपके नाम के बाद मुझे लगता है.",0
ओह हाँ!,0
बाय बाय,2
मुझे एक रेगेटा गाला में होना चाहिए.,0
क्या तुम stripper के साथ सो रहे थे?,1
"ठीक है, हम यहाँ जा रहे हैं।",1
"मेरा मतलब है, तुम इस आदमी से मिलते रहे हैं जैसे, क्या... उसके मध्यावधि?",1
यह बहुत मधुर है। मैं कुछ कॉफी ले जा रहा हूँ।,1
अच्छा लगता है।,1
"ओह, ठीक है, आप जानते हैं कि यह क्या है?",1
"टोकरी पूरी तरह से खाली है! मेरे भगवान, पड़ोसियों ने सारी मिठाई खाई है!",1
"ठीक है, हम कुछ बुनियादी से शुरू करते हैं. कोई मुझे बता सकता है कि ऊपर और नीचे मंच के बीच क्या अंतर है?",1
मेरे पास डिब्बेदार सामान हैं।,1
"ठीक है, तो यह अभी दीवार पर नहीं है।",1
"मैं सिर्फ, मैं आप के लिए पहले हमारे uh, हमारी छोटी बात के लिए धन्यवाद करना चाहता था.",1
"ओह नहीं, आपको आना होगा।",0
"ठीक है, ठीक है, मैं आ रहा हूँ, और मैं चीनी भोजन ला रहा हूँ।",1
मुझे लगता है कि किसी ने कैसी पर थोड़ा प्यार किया है।,2
"केवल सफेद कोट पहने हुए लोग वहीं बैठे हैं, और सिर्फ नीले ब्लैजर पहने हुए लोग यहां बैठे हैं।",1
यह मुझे बाहर घसीटता है!,0
ओह नहीं! कहाँ? भी पेरिस?,1
चलो बड़ बछे!,0
हेड्स है.,1
क्या हो रहा है! कि क्या हो रहा है!,0
"देखो, प्यारे, तुम्हें यह नहीं करना है, ठीक है?",1
"मैं नहीं जानता, पक्षी बस नहीं कहते हैं, ""हेलो, यहाँ बैठो, कुछ खाओ.""",1
यहाँ हम जा रहे हैं।,1
"ठीक है, मोनिका: दाहिने पैर लाल।",1
क्षमा करें.,1
बेहतर यह एक अंतरिक्ष यान कर सकते हैं ताकि आप अपने वापस कर सकते हैं,1
"रोस, मैं अभी भी तुम ने क्या किया, मैं नहीं कर सकता, मैं सिर्फ, लेकिन कभी-कभी जब मैं तुम्हारे साथ हूँ मैं सिर्फ, मैं इतना महसूस कर सकता हूँ, मैं तुम्हें क्षमा नहीं कर सकता...",0
मैं-मुझे खेद है?,0
"अच्छी तरह से, आप शायद अनियमित रूप से उसके कुछ मूल्यवान तोड़ने की कोशिश कर सकते हैं, कह दो-",1
मैं दिन में 17 बार शौचालय धोता हूँ।,0
"राहेल, यह मेरा दोस्त टॉम है।",1
ओह क्या?,1
"ठीक है, तो यह सिर्फ मुझे होना चाहिए।",1
"मैं नहीं जानता, नहीं, मैं जानता हूँ आप इस का हकदार नहीं है, आप नहीं रोस.",0
"खैर, हाँ, क्योंकि मैं किसी के साथ टूटना है, और... ठीक है तो जेसन संवेदनशील है, लेकिन अब तो Vince प्लस है, Vince शरीर है तुम्हें पता है?",1
यह मेरी बहन है।,1
"अरे!! ओह तो, आप नहीं हैं, आप अब हम पर पागल नहीं हैं?",2
"वा! यह बहुत अद्भुत है. मैं uh, मैं वास्तव में मुझे लगता था कि मैं इस में आप से अधिक बात करने के लिए होगा।",2
यह बेहतर है! आप अपने कमर में संग्रहालय में नहीं जा सकते!,2
ठीक है... मेरे सबसे विचित्र स्थान होना होगा... न्यूयार्क शहरी पब्लिक लाइब्रेरी के दूसरे फर्श में महिला कक्ष.,1
मैं फिर से इस में नहीं जा रहा हूँ!,0
"खैर, मैं Chelsea रिपोर्टर के लिए खाद्य आलोचक के रूप में उसके लिए भरने के लिए जा रहा हूँ।",2
"ठीक है, जुली.",1
"ठीक है, मैं अगली हूँ. मत! एक और खेल नहीं शुरू! मैंने कहा मैं अगली हूँ! Phoebe!",0
निश्चित रूप से. मैं तुम्हें चुंबन करने के तरीके को पसंद करता हूँ.,2
ओहः ओह! मेरे पास एक इंटरव्यू है! मेरे पास एक इंटरव्यू है!,2
"और हमें गवाहों की जरूरत होगी जो यह गवाही दे सकते हैं कि आप का, अच्छी तरह से दिमाग नहीं था.",1
"लेकिन, ठीक है, मैं नहीं हूँ-मैं शायद सिर्फ उसे हूल्क नाम देंगे।",1
"हं, हं, हं, हं, जोय दिन के बाकी के लिए टेलीटोन में जा रहा है, हम अपने लिए पूरी जगह है.",1
जोय ने मुझे प्रस्ताव दिया।,1
"वह तुमसे मिलने के लिए पूरी तरह ठीक है!""",0
"उह, रेचेल यहाँ है, तो खुशहाली आदमी, मुझे पता है कि यह कैसे काम करता है।",0
"यह संभव है, वे वास्तव में तेज़ किनारे हैं।",1
तुम्हें लगता है कि यह अद्भुत लग रहा था?,0
"हाँ, यह सुंदर है।",1
नू!,1
"मैं uh, मैं अभी आया क्योंकि मैं-मैं कुछ के बारे में आप से बात करना चाहता हूँ।",0
"लेकिन hey, आप जानते हैं अगर आप मुझे नहीं मानते, कृपया, मेरे अतिथि के द्वारा।",1
"ओह बिल्कुल. हम कहते हैं, सात के आसपास?",2
"इसे लाल बचाएँ! जब तक आप स्लैमर में रात बिताना नहीं चाहते हैं, आप पेड़ से क्षमा करें।",0
सिर्फ अपने रन-of-the-Mill तीसरा निप्पल।,1
"ठीक है, दोस्त-बाइ. यहाँ है. तुम मेरे कपड़े छिपाओ, मैं अपना सब कुछ पहन रहा हूँ.",1
"भाई, अगर आप वहाँ वापस जाना है, आप डेड रोस हो जा रहे हैं!",0
"ओह, देखो देखो देखो।",1
तुमको कुछ भी नहीं मालूम।,2
अगर आप चाहते हैं तो मैं आपको एक आईडी दिखा सकता हूँ?,1
"कि, हं, वे नहीं है।",0
"निश्चय ही, Cilantro Larry।",1
अगर वह एक औरत होता।,1
"हाँ, ठीक है, वह इस एक पाने के लिए नहीं जा रहा है।",2
वह पागल नहीं है?,1
"Uhh, आप वहाँ बैठने के लिए मना है. मैं-मैं अपने दोस्त रोस के लिए यह बचा रहा हूँ.",1
"क्या? नहीं, मैं यह देखने के लिए चाहता हूँ.. क्या आपके केबल बाहर गया था?",2
"निश्चय ही, आप क्या कर रहे हैं?",1
"ओह! अच्छी तरह से, आप क्या जानते हैं? यह शायद है।",1
खैर... मुझे आज केवल एक बात करने के लिए है. मुझे लगता है कि मैं इसे वापस दबा सकता है.,1
"ठीक है, यहाँ चला जाता है।",0
"अब आप एक जोड़ा है, हम तुम लोगों से दो उपहार नहीं मिलता है?",1
"बस यह बहुत तेजी से करें, और तब घाव खुला है।",1
निश्चय ही!,2
ओह. Ew! Ew! Ew! Ugh! आप क्या जानते हैं? यह बहुत अजीब है.,0
हमारे पास एक है।,1
"आज सुबह मीटिंग में मैं एक तरह से सो गया तो जब मैंने कहा कि मैं Tulsa में स्थानांतरित होगा, मैं वास्तव में मैं क्या कह रहा था पता नहीं था।",1
ठीक है!,1
"हाँ ठीक है, मैं सिर्फ लड़कों से बात कर रहा था. बस उन्हें देखो मेरा मतलब है, यह ठीक है अगर वे मुलाकात आते हैं?",1
"Kathy! Kathy! Hi!! Kathy! Kathy! (She doesn't hear him and keeps running, Chandler starts chasing her as the theme to",2
क्यों यह सबसे अच्छा हिस्सा है?,1
अपार्टमेंट पर आओ! अपार्टमेंट पर आओ! ओह! मैं जानता हूँ कि रानी ऊंची है!,0
निश्चित है! क्यों?,1
सभी!,1
बहुत धन्यवाद।,2
"हाँ, तुम भी।",0
ठीक है! क्या आप कुछ पीना चाहते हैं?,0
"हाँ-हाँ, अपोल्यू 8 वास्तव में चंद्रमा पर नहीं उतरा।",1
"ठीक है, मुझे लगता है कि यह ठीक होगा।",1
यह और भी बदतर होता जा रहा है!,0
तो आप क्या कर रहे हैं?,1
"ठीक है, मैं एक और एसप्रो प्राप्त करने के लिए जा रहा हूँ. मैं तुम्हें एक और लेटी मिल सकता है?",1
वास्तव में नहीं है... मैं वास्तव में काम करने के लिए वापस जाना चाहिए.,2
वाow! umm...,1
तो क्या यह वास्तव में वे कहते हैं की तरह बुरा दर्द करता है?,2
"चलो आदमी, सचमुच कितनी उम्र है!",1
"आप जानते हैं क्या, हम अपने प्रतिलिपि की जरूरतों के बारे में दूसरी सोच रहे हैं. और हम इसके बारे में सोचने के लिए थोड़ा और अधिक समय की जरूरत है.",1
हमारे पास एक लाडल है।,1
ओह. मैंने सोचा था कि यह लंग आइलैंड की तरह था.,1
तुम ऐसा नहीं कर सकते थे?,1
नहीं।,0
अफ़सोस!,2
सारा ब्रह्मांड!,2
"ओह, मैं अभी स्क्रिप्ट पर जा रहा हूँ! आप मेरे साथ पंक्तियाँ पढ़ना चाहते हैं?",1
"अल्लाह, मेरी आँख!""",0
"अरे, देखो, चिप मैथ्यूस ने बुलाया. मुझे पता है कि वह क्या चाहता है?",1
"ठीक है लड़कियों, और आदमी. चलो अपने अंतिम आंकड़े देखते हैं. ओह, डेब्बी, कुकीज़ की 321 बॉक्स, बहुत अच्छा.",2
ओह हाँ! क्या वह uh नहीं था,1
"ठीक है, तो मैं उसे एमईटी में ले जाऊँगा।",1
"यह बेंच, यह खाली है! मैं विश्वास नहीं कर सकता कि मैं कभी नहीं जानता था कि! ओह, उपहार!!!",1
"आह तुम्हें पता है, यह भवन मेरे कागज मार्ग पर है तो मैं...",1
... और क्या तुमने लाया था?,1
"नहीं, मैं जानता हूँ! मैं इसे मिलता है! यह हास्यास्पद है!",2
"ठीक है, ठीक है, मेरे उस रात से मेरी लड़की विशेष थी. वह भी एक वैज्ञानिक था!",0
"ओह, मेरी बीवी स्विंग किंग्स चाहता है।",1
हैलो? यह डेली फिर से है!,1
"""तुम चाहो।""",2
"भगवान, रोस आपके बहन के साथ एक डेट पर है! यह कितना अजीब है!",0
बहुत धन्यवाद।,2
हाँ सच है! एक सुंदर दृश्य के साथ...,2
"ओह, अच्छी तरह से आप स्टीरियो ले गया था उसी जगह इसे नहीं ले जाना, क्योंकि वे एक सप्ताह से अधिक के लिए उस चीज़ है।",0
आप कैसी के साथ मतलब है.,1
"तो, अरे!",2
क्या तुम इतनी देर हो गई थी क्योंकि तुम इस महिला को जला रहे थे?,0
"यक़ीनन वह है, अच्छी तरह से वह है-उसकी तरह ही सुंदर है, मुझे लगता है कि वह स्मार्ट है, वह है",1
हे-हे!,2
"वह उस तरह था कि-ऐसे कि बग्स बनी कार्टून जिसमें बग्स सभी पोजीशन खेल रहा है, ठीक है, लेकिन बग्स के बजाय यह पहले बेस-एलान था, दूसरा बेस-एलान, तीसरा बेस-...",2
"सांस ले, सांस ले, सांस ले.",1
"यह यहाँ से 10 ब्लॉक्स था और, और, महिला रात में अकेले चलते थे, मैं ऐसा कभी नहीं कर सकता था।",0
मेरी बारी? क्या-क्या आप बात कर रहे हैं?,1
वह बच्चों को ड्रग्स बेचती है।,0
"फाउसबॉल, हू?",1
अरे! तुम्हें क्या हुआ? तुम क्यों नहीं आया?,1
मैं मोनिका का मानकीन हूँ. ठीक है? मुझे नीली pin करने का प्रयास न करें!,0
"ओह-ठीक है, मैं अब खेल मिल गया है.",1
मैं उसे सोचना चाहता हूँ कि मैं एक रेस्तरां में हो सकता है.. आप जानते हैं?,0
"खैर, मुझे खेद है जो. मैं नहीं सोचा था कि डॉक्टर खरीदने के लिए जा रहा था कि यह बस *Socket से बाहर *पड़ा था.",0
यक़ीनन?,1
क्योंकि मैं एक ट्रिबीआनी हूँ!,2
"हाँ. हाँ, वह कहता है कि मैं क्षतिग्रस्त सामान हूँ.",0
क्योंकि हर बार हम कमरे में एक साथ हैं वहाँ हमारे बीच एक अजीब तरह से ऊर्जा है।,1
"नहीं, चलो बस प्रकाश चालू छोड़ दें।",1
"यह बहुत अच्छा है। ओह, धन्यवाद।",2
"ठीक है, प्यारे, दबाव शुरू करने के लिए समय।",1
Phoebe क्यों आप सिर्फ उसे फोन नहीं करते? आप स्पष्ट रूप से करना चाहते हैं.,1
हम विस्तार में जा सकते हैं,1
"ओह, यह रोस का है.",1
"चचेल्डर मुरिल बिंग. लड़के, तुम्हारे माता-पिता ने तुम्हें कभी भी एक मौका नहीं दिया था?",1
हूहू!,0
तो चलो अपने कर्तव्यों के बारे में थोड़ा बात करें।,1
क्या मैं कुछ सेवा प्राप्त करने के लिए क्या करना है?,0
"नहीं, धन्यवाद! तुमने मुझे इतना दिया है! मेरा मतलब है, अगर यह आप के लिए नहीं था, मैं कभी नहीं गा सकते थे",2
ठीक है. मेरी बात है! ये सुथरी हैं.,1
"अच्छा, तो, क्यों तुम सिर्फ इसे बंद नहीं करते?",2
अरे रॉस! मैं शक्तियों को लाया।,2
लेकिन क्या विकल्प मेरे पास था. वह मेरे बहन को एक में रखा था,0
मैं करता हूँ?,1
क्या मैं फिर नंगा हूँ?,1
"ठीक है, तुम पाओलो को जानते हो?",1
हाँ!,2
मैंने तुम पर प्रहार किया...?,1
मैं सिर्फ इस वास्तव में विचित्र संदेश रोस से मिला। उसने कहा चालू,1
आप अब जन्मदिन के म muffins का वितरण करने के लिए प्राधिकृत नहीं हैं.,1
टाउरस?,1
हम कभी किसी को नहीं ढूँढेंगे।,0
"ओह, जैसे मैं उस नौकरी को छोड़ देता हूँ! मुफ़्त पोकर और मिठाई, जब भी मैं चाहता हूँ. मैं आपको अपने कमरे के लिए मुफ़्त पोस्टर मिल सकता है.",2
काम बढ़ने लगा है।,1
मैं घर गया और अपनी पत्नी को तुलसी के बारे में बताया और वह नहीं जा रही है।,1
"ठीक है कार्ल, हम अगले हैं. अब याद है, क्या नहीं होने जा रहा है?",1
"हाँ, हमने इस विवाह के बारे में वास्तव में दिलचस्प वेबसाइट देखा और कैसे यह पूरी तरह से अनावश्यक है और कैसे यह सरकार के लिए आप पर निगरानी रखने के लिए एक तरीका है।",1
"ओह मेरे भगवान! तो वह भी था! ओह, मेरे पास-में गोज़ बम्प्स है.",1
कोई भी लड़की को नहीं देखेगा जब उसके पिता पीठ-रहित पोशाक पहन रहे हैं।,0
मेरे पास उसे ऐसे शानदार स्थान पर ले जाने के लिए पैसे नहीं हैं।,0
"ओह, तो बेहतर है।",1
"तो, तो, तुम क्या सोचते थे?",1
अचानक फोन बजने लगता है।,1
"देखो नहीं, तुम बीमार पागल!",0
"हाँ, हर रविवार की रात मैं अपने आप से कह रहा हूँ कि मैं छोड़ रहा हूँ लेकिन हर सोमवार सुबह यह जैसे है",0
मुझे लगता था कि आप मुझे दिखा रहे थे कि आप मुझे कितना चाहते हैं।,1
मैंने एक सूखी समुद्री तट पाया।,1
"Hey, सुनो यम, क्या-क्या तुम आज रात कर रहे हो?",1
"हाँ, हम एक साथ बहुत अच्छे लगते हैं।",2
यह भयानक है।,0
"ओह, आप कुछ गंभीर करना चाहते हैं।",1
यह क्या है?,0
"देखो, यह एक है",1
"ओह, वह यहाँ नहीं बैठेगा।",1
मैं तुम्हें कल देख लूंगा।,1
आप उसे सुगंधित करना चाहते हैं?,1
"देखो, मैं कहना चाहता था कि मैं-मैं आप खो गया है खेद है.",0
ठीक है कि उचित है।,1
नहीं रॉस! रॉस! रॉस! मेरे बच्चे का कोई पिता नहीं है!,0
वह एक रक्षक है. आप कैसे महसूस कर रहे हैं?,1
"हाँ, मैं क्या-क्या करना चाहिए?",0
"तो वे लगातार, जैसे, एक-दूसरे को सुनिश्चित करने के लिए है कि वे एक अच्छा समय ले रहे हैं।",1
"हं, मुझे लगता है कि तुम वास्तव में, वास्तव में महान हो...",2
जो प्रमाणित करता है कि मैं कभी झूठ नहीं बोलता।,1
ठीक है. एक क्षण के लिए वास्तविकता के बारे में बात करें।,1
"हं, लेकिन मैं सोचता हूँ अगर आप मुझे हं, एक मौका मैं कर सकता हूँ, मैं आपके मन बदल सकता हूँ।",0
यह इतना बुरा नहीं है।,1
मैं अपने ही रेस्टोरेंट खोलने के बारे में भी सोच रहा हूँ।,2
"नमस्ते सर, तुम मोनिका को जानते हो।",1
क्यों? आपने लिखा था?,1
"अरे, तुम जानते हो मैं सोच रहा था, क्या संभावनाओं की तरह अगर-यदि है, अगर आप वहाँ में 200 के बारे में सामान है?",1
हम वहाँ होंगे।,2
"ओह, एक डेट पर. हाँ, मैं ट्रेन पर इस लड़की से मिला था एक संग्रहालय के ऊपर राज्य में जा रहा है.",1
अच्छा सौदा।,2
कौन था!,1
"मैंने आपको बताया है, हम हमेशा नए प्रचालक जोड़ रहे हैं। क्या हम मेरे प्रशिक्षण पर ध्यान केंद्रित कर सकते हैं?",1
मैं आप के साथ सही हो जाएगा।,1
नहीं वे नहीं थे!,2
देखो तुमने क्या किया।,0
और-और यह सिर्फ 'क्योंकि यह ठीक है वहाँ जब आप इसे चालू करते हैं!,0
"नहीं, आप उन्हें हास्यास्पद बनाते हैं. आप एक हास्यास्पद है!",2
दाऊद कौन है?,1
"हाँ, जब हम श्रोताओं में हैं तो वह हम से बात नहीं करता है, लेकिन वह लहराता है।",1
तुम क्यों चिल्ला रहे हो?,2
या हम आप दोनों में डाल सकते हैं,2
"ठीक है, इस तस्वीर में आदमी चाक मैजीओनी है।",1
उसकी मरने की इच्छा एक अंतिम चुंबन थी।,1
तब कल रात मैं छः बजे तक अदालत से बाहर होना चाहिए।,2
तो मुझे सच बताओ!,0
अरे!,2
"हाँ, निश्चित है श्री Zelner, आप के लिए कुछ भी-मिनेट. ठीक है. ठीक है. योजना परित्याग करें, योजना परित्याग करें.",1
हैं?,1
उन्हें ट्रिगर ले जाओ।,1
"ठीक है. Uh, अच्छी तरह से हम कर सकते हैं, हम आपको कुछ मिल सकता है श्री Zelner? शायद कुछ चॉकलेट?",1
"क्या? लड़के, मैं नहीं हूँ.",1
"डु-डु-मैंने लिखा था, मैं बोर्ड पर लिखा था!",0
मुझे चिंता नहीं है! तारें आपके सिर में छूट गई हैं!,0
अरे! अच्छा है! मनुष्यीय और एक तरह से एक slut भी है.,0
"यह मुश्किल हिस्सा नहीं है, प्यारे! कठिन हिस्सा है क्या आगे आने के लिए है, मेरा मतलब है कि आप परिणाम के बारे में चिंता नहीं है?",0
"हाय फ़ीबे अबॉट, मैं आपका सबसे अच्छा दोस्त बेटी हूँ!",2
"मुख़्य पृष्ठ? आप वास्तव में अपने अपने छोटे दुनिया में रहते हैं, आप नहीं?",0
ओह मेरे भगवान! क्या करता है,1
क्या तुम नहीं समझते कि मैंने उससे कहा था कि वह अंदर आने से पहले?,1
"नहीं, वह चला गया है।",1
"सुनो, मैं जानता हूँ कि यह आपका पार्टी है, लेकिन मैं वास्तव में संग्रहालय के विचित्रों की संख्या के लिए वहाँ होने जा रहे हैं करने के लिए चाहते हैं।",1
"दूसरी ओर, अगर वह हँसी नहीं कर रही थी, तो वह मजाक नहीं है, वह मूर्ख है, और एक तरह की जातीय है।",0
चलो!,2
नहीं।,1
हाय जोय! तुम यहाँ क्या कर रहे हो?,2
इसे कौन चाहता है? कोई भी?,1
"डा. Farber, बॉबी रस अपने समायोजन के लिए यहाँ है.",1
नहीं तुम नहीं करते!,0
"तो रोस, कैसे है, कैसे बोनी के साथ चला गया?",1
हू!,1
तुम बहुत सुंदर लगते हो।,2
"ओह, हाँ, यह राहेल से है।",1
ओह भगवान...,0
उसके नीचे सबसे अद्भुत पोर्श है!,2
मुझे लगता है कि मैं कुछ नहीं कर सकता!,0
वह थी?,1
वाह धन्यवाद!,2
नहीं नहीं नहीं नहीं!,0
"ठीक है, नहीं. यह असंभव है. आप कभी भी अधिक एलन नहीं हो सकता है.",2
"क्या? हू, हू हू हू, आप क्या मतलब है,",1
कौन मेरे साथ दूतावास की पार्टी को नष्ट करेगा?,0
क्या तस्वीर!,1
महान है. आप कुछ भी है कि नहीं है,0
"नहीं, नहीं, मुझे दे दो!",0
"ओह, महान है, मैं अपने वालेट में कंडोम है मैं बारह साल के बाद से था है।",1
क्या हो रहा है?,1
नहीं...,0
"क्या? नहीं-नहीं, यह उसका जन्मदिन है!",1
आश्चर्य,0
"अरे! मैं एक अभिनेता हूँ! मैं किसी भी चीज़ को याद कर सकता हूँ! पिछले सप्ताह ""दिनों"" पर मुझे कहा गया था ""फॉन्टल टर्मिनल जिगोमाटिक कपालछेदन"".",2
मैं तुम्हें घर ले जाऊँगा।,1
": ओह हाँ, निश्चय ही नहीं!",0
"ओह, तुम हो",1
तुम नहीं कहा Boutros Boutros Gali।,1
वह।,1
"सुनो, मैं ah हूँ, मुझे क्षमा है कि मैं इतना पागल और ईर्ष्या है और, यह सिर्फ है कि मैं तुम्हें बहुत पसंद है, तो...",0
बहुत धन्यवाद।,0
"क्या एक सुंदर कहानी. अरे, मैं वैसे ही ठीक हूँ.",2
"ओह, अच्छी तरह से मैं Issac को सब कुछ कहता हूँ।",1
"अच्छा तो हम बहुत मुश्किल में होंगे, आप नहीं जानते जहाँ कोई भी देश हैं।",1
"Hey, आप लोग! इस पर एक नज़र रखना! इस बच्चे को बाहर जाँचें, मुझे एक छिद्र खो दिया!",1
"यह-यह-यह कोई बड़ी बात नहीं है, ठीक है, मैं-मैं सही हूँ।",0
हम देखेंगे!,0
"चलो जोय, मुझे इस बारे में बुरा महसूस नहीं करना।",0
हं. हं. हं. मुझे ऐसा नहीं लगता.,2
"""मैं मोनिका हूँ, मैं दिलचस्प लोगों से फोन संदेश नहीं मिलता है. कभी भी!""",0
हमें अच्छा समय है।,2
राहेल तुम सिर्फ़ उस पर प्रकाश नहीं दिया था?,1
क्या हम आपके लिए कुछ कर सकते हैं?,1
यह एक तरह cool हो सकता है।,2
ठीक है! तो चलो पुनर्जागरण की ओर जाएँ?,1
छोटे-छोटे लड़की को अपने बिल्ली की याद है।,1
महान है. यह सब फिर से जिम क्लास है.,0
"Hey, सुनो, महिला.......whoa.",1
"तो चलो, आप लोग, मुझे सारी गंदगी बताओ!",2
"और अब, वह एक दो साल का संविदा सुशन Luchhi, दिन के समय टेलीविजन की पहली महिला के विपरीत है, और मैं, मुझे मैं यहाँ एक झुंड लोगों को सिखा रहा हूँ, जिनमें से अधिकतर टेलीविजन पर होने के लिए भी बहुत बदतर हैं।",0
"हाँ, क्योंकि आप सब इतने भिन्न दिखते हैं, हम रेमंड और के Kyle के साथ बेन के साथ आप रख रहे हैं.",1
ऐसा था। यह एक अद्भुत रात थी।,2
"नहीं Joey! देखो क्यों नहीं, क्यों हम सिर्फ उसे निर्णय करने के लिए नहीं देते? ठीक है? हाय-हाय, हम करेंगे",1
ये मेरे दोस्त हैं।,0
वह लकड़ी को संभाल सकता है?,1
"अब, क्या आप इसे नहीं नापसन्द करते जब आप एक टिन कैन को एक साधारण स्टीक चाकू से काटने के लिए है?",0
"उसने मुझे छोड़ दिया, मेरा मतलब है, मैं पूरी तरह से उसका विश्वास किया था और फिर एक दिन यह 'ठीक है, बाये फीब्स' चला गया था।",0
"ठीक है, आप इस पर विश्वास नहीं कर रहे हैं, लेकिन अगर आप सात मिनट है",1
"नहीं, हम नहीं हैं।",1
क्या तुम कभी किसी के लिए एक परवरदिगार हो सकते हो?,1
एक तेजी से कूच और वह वापस होगा।,1
"फीब्स, मुझे लगता है कि कोई इस बारे में पागल नहीं है।",1
वह मुझे सप्ताहों में पहली अच्छी बात प्राप्त करती है।,1
Joey कहाँ पाइप है कि दरवाजा खुला था holding?,1
हम अकादमिक हैं।,0
"हाँ, वास्तव में यह मेरे कमरे के साथियों का है।",1
ठीक है! चलो Bamboozled खेलें!,2
क्या?! आप फिर से उसके साथ बाहर जा रहे हैं!,1
बाहर आ रहा है!,0
"नहीं, कोई रास्ता नहीं है! यह कर सकता है",2
क्या तुमने किसी आदमी को चुंबित किया?,1
"ठीक है आप-ठीक है, आप एक खोज का अधिकारपत्र है? क्योंकि अंतिम बार मैंने यह जाँच किया था अभी भी अमेरिका था!",0
ठीक है. चलो इसे अंदर लाएँ.,1
मैं कहना चाहूंगा कि मैं वास्तव में आपकी टोन के लिए चिंता नहीं करता है।,0
"कि, कि क्या मूर्ख है।",0
"ओह wow, तुम भी मेरी ब्रो को खोलने का प्रयास नहीं किया था!",1
आप क्या कहते हैं?,1
"जाओ, जाओ, जाओ!",2
उसे बताओ कि मैं उसे पसंद करता हूँ?,0
क्या आपको कार खेल पसंद हैं?,1
हैलो?,1
"ओह, यह ठीक है. मैं अभी भी आपके homemade आलू चिप्स से भरा हूँ.",1
इसके बारे में क्षमा करें. तो. आप क्या कर रहे हैं?,1
"नहीं! सचमुच, नहीं, कृपया, कृपया, यह है, यह ठीक है।",0
"उह, जितना ऊंचा नहीं था... यह काम करता था! किंग!",1
"ठीक है, हम किसी को अपने विवाह का प्रदर्शन करने के लिए ढूंढने की कोशिश कर रहे हैं और वे सब या तो कंटाही या परेशानी या तुम्हें पता है, महिलाओं को देखना बंद नहीं कर सकता है।",1
अच्छा तो चलो बस छोड़ दें! हम बस छोड़ देंगे! चलो सब छोड़ दें!,2
"यह बहुत अच्छा है, लेकिन आप अभी शौचालय पर नहीं होना चाहिए?",0
निश्चित है. तो आप कितनी देर रहे हैं...,1
"प्यारा, क्या हो गया है?",1
आप उस फायरमैन के साथ विच्छेद नहीं किया?,1
नहीं यह नहीं है. यह छोटा है. यह छोटा है. यह छोटा है. यह गूँगा है.,1
"नहीं, मैं नहीं जानता, मैं वास्तव में नहीं जानता",0
वे इस बात में इतनी तेजी से यह हास्यास्पद है तेजी से चला गया!,0
"अरे, मैं भी!",1
मैं एक जूते के साथ वापस यहाँ वापस पूरी तरह से चलना नहीं था!,1
मेरे पास पाँच डॉलर है तुम नहीं कर सकते कहते हैं।,1
"मैं सिर्फ कह रहा हूँ, इस महिला, मैं मतलब है कि वह कल्पना है। नहीं?",1
"कि एक है, कि एक दूसरा तारीख है, कि क्या है कि है!",0
इससे पहले कितने वास्तव में जीत गए थे?,1
मैंने इस तस्वीर को आपके फ्रिज से लिया है।,0
सुबह चार बजे फल कहाँ से मिलते हैं?,1
आप एक चुनें।,1
"सुनो रॉस, आपको क्षमा करने की जरूरत नहीं है. मैं समझता हूँ क्यों तुम वहाँ थे.",1
ओह! ओह!,0
यहाँ से करीब?,1
मैंने सोचा था कि आपने कहा था कि आप इसे हाई स्कूल में पढ़ते थे।,1
मैं तुम्हें बताने से डर गया था।,0
मैं उन्हें कैसे कॉपीराइट में छोड़ सकता था?,1
आप उसके लिए भुगतान कर रहे हैं।,1
नहीं. मैं क्या कह रहा हूँ नहीं है. मैं सिर्फ कुछ बातें जान सकता हूँ जो आपको कुछ दर्द डालने में मदद कर सकता है.,1
यह सिर्फ मेरी कताई है कि सब है! हाँ! मैं यह कताई। मैं बहुत अच्छा हूँ।,1
"ठीक है दोस्त, पलटने के लिए समय।",1
क्यों?,1
यह डेनी है।,1
"नहीं, नहीं, नहीं, यह प्रशंसा है।",2
"Hey uh, आप लोग दृश्य चंडलर है?",1
"बिजन के लिए-है, Annabelle, Uh, सुनो, मैं सोच रहा था कि क्या शायद काम के बाद आप और मैं शायद एक कप कॉफी ले जा सकते हैं.",1
"ठीक है, अब मैं कुछ गला मारो जा रहा हूँ।",0
"हं, यह अजीब है. मुझे याद नहीं है कि एक चाल में रहा है benefits lapsed कहा गया है.",1
"रॉस, लेकिन मैं तांबे के खजाने के एक और बॉक्स के लिए नीचे, ठीक है. कहाँ, जहां तांबे के खजाने हैं?",1
"ओह, देखो-देखो-देखो-देखो-देखो! मैं मोनिका नग्न हो गया!",2
तुम गाना जानते हो! साथ-साथ गाओ!,2
"ओह, hey, मोन, क्या आप अभी भी अपने पुराने फूलों और स्कूल से वस्त्रों की तरह है?",1
यह... बहुत गर्म है।,1
वास्तव में प्रक्रिया में तेजी लाने में मदद की!,2
"प्यारा, सवाल है... क्या आप सचमुच जोय से शादी करना चाहते हैं?",0
ओह... ओह भगवान्. वह याद किया.,1
"ओह, कौन सा संग्रहालय?",1
"आज जब मैं दोपहर में था, मुझे दो बार लोगों द्वारा बाहर कहा गया था.",1
क्या आप अभी भी उन्हें बुलाना चाहते हैं? मैं उन्हें बुलाना चाहता हूँ.,1
यहाँ!,0
क्या लाभ है कि! और आप खुद को एक लेखाकार कहते हैं.,0
"ओह, तुम मुझे हॅसी कर रहे हो.",1
"वास्तव में, मैं-मैं-मैं उनमें से एक से विवाह किया था।",0
लगभग कभी नहीं।,0
आप लोग क्या कर रहे हैं?,1
ठीक है. मैं सिर्फ यह जानने की जरूरत है कि आप अपने बहन को नहीं कह रहे हैं.,1
"तो मैं आपके कार है, यह बाहर है।",1
मैंने किया,0
आप दोनों को बधाई!,2
हैलो? आठवीं स्ट्रीट डेली?,1
मैं इस पर विश्वास नहीं करता!!,1
ड्रेक!,2
"और मुझे बहुत अफसोस है, लेकिन मैं नहीं जानता कि आपका पिता कहाँ है, और यह सच है।",0
"ठीक है, मैं कुछ पानी में इन पाने के लिए जा रहा हूँ।",1
यह लंदन में हुआ।,1
"नहीं, मैं नहीं हूँ! रोस, मैं सिर्फ तुम से एक अधिक सुरक्षित व्यक्ति हूँ लगता है।",1
तुम अभी भी मुझे प्यार करते हो?,0
चंडलर! वह आपका पिता है. वह शादी में होना चाहिए.,0
बहुत अधिक।,1
"Hey, मोन.",1
"धन्यवाद, विदा।",1
"चलो, चलो, चलो!",0
मैं उच्च रख-रखाव नहीं हूँ!,0
नहीं. हम सेक्स के बीच में थे... और,1
राहेल?,1
"देखो, मैं जानता हूं कि तुम कितना दुखी हो, मैं चाहता हूं कि मैं कुछ कर सकूं।",1
"हं, सुनो, मुझे खेद है, लेकिन मैं सुबह पहले कुछ बाहर रखता हूँ।",0
तुम उस सेवक के साथ बहुत मज़ाक थे! तुम इतने पागल हो!,2
"ओह, चलो!",0
"ठीक है. ठीक है, मैं इसे करूँगा.",0
में,1
नहीं. ओह,2
आपके पास 30 सेकंड हैं. और बिजली का दौर शुरू होता है-इसको रोकें-अब. मोनिका का उपनाम क्या था जब वह एक फील्ड हॉकी गोली था?,1
"ओह, धन्यवाद. उह राच?",1
"यही कारण है कि मैं अपने दाँतों की इतनी अच्छी देखभाल कर रहा हूँ अब, तुम जानते हो, यह मुख स्वच्छता के बारे में नहीं है, मैं जीवन बचाने के लिए फ्लॉस!",1
तो क्या तुम कभी बताओगे कि वह कौन है?,1
"जब मैं वहाँ गया था, जो हमारे शहदमास हो सकता था, यह था, uh... यह वास्तव में अच्छा था.",0
"कुछ भी नहीं! Phoebe की तरह एक गलती की. लेकिन तुम्हें पता है कि sweater बहुत पहनते हैं, आप किसी तरह की हिम्मत में शामिल हैं?",0
"अरे, मैं बहुत सोच रहा हूँ, और मैं अपने जीवन को देख रहा हूँ",1
तुम बहुत मीठे हो!,2
वाow.,1
"शुभकामनाएं, सर।",1
तुम बेन की माँ हो।,1
"तो बहुत अच्छा. ओह, हम आज एक नाश्ता ले लिया और मेरी माँ मेरे पेट पर सो गई और purred.",2
जोय! तुम भी उसे नहीं जानते थे!,1
नहीं नहीं. हम,0
"हम कॉफी हाउस में थे जब हम सोचा था कि मैं, cute guy के सेल फोन रखने के लिए जा रहा था?",1
"मेरा मतलब है, हम वैज्ञानिक हैं, सही?",1
वोह हो।,2
"यह बहुत अच्छा है. सुनो, अगर मैं बेन के पिता का अभिनय करने के लिए मिलता है तो यह बहुत अच्छा नहीं होगा?",1
मैं उस आदमी के साथ एक और शाम बिता नहीं सकता।,0
मेरे लिए खड़े होने के लिए क्या यह मूल्य है मैं वास्तव में सराहना किया था. यह वास्तव में अच्छा महसूस किया. यह एक तरह से मुझे अधिक तुम जैसे किया.,2
"विशेष रूप से उस प्रोफेसर से हमने पिछली रात भाग लिया, जौजी वोन होलिटहन्थौ।",0
ओह!,1
ठीक है. Yikes! यह एक बहुत पूरी नहीं लग रहा है।,1
आह.,1
"कुछ होता है, और वे होता है।",2
"ओह. හේ, याद है जब मैं इस बात में आ गया और यह एक तरह से मुझे थोड़ा बाहर धकेल दिया?",2
: हाँ.,1
बगों से भरी मूर्ख खिड़की!,0
और अब आप उस पैसे वापस चाहते हैं।,1
"लगता है, वहाँ एक लाख आदमी बाहर है कि मैक खेल सकता है, और वहाँ सिर्फ इस एक रोबोट और इस एक आदमी है जो इसे नियंत्रित करता है!",1
"नहीं, लेकिन आप नहीं करना चाहिए! कभी फिर ऐसा न करें।",0
तो... यह वास्तव में सिर्फ गणित के बारे में है।,1
यह क्या है? क्या मेरे बारे में मूलतः अपरिवारनीय कुछ है?,0
भगवान. क्या यह वास्तव में नहीं दर्द करता लगता है? क्योंकि कैसे वे ऐसा कर सकते हैं?,0
आप भी क्या कर रहे हैं?,1
"नहीं, कुछ नहीं।",1
तुम क्या बना रहे हो!,1
धिक्कार! मैंने सोचा था कि यह बहुत रोमांटिक होगा!,1
"रेस्तरां परीक्षक स्वीकार करता हैः मैं मोनिका के बारे में गलत था। """,2
क्या तुम उसे देख रहे हो?,0
"उम्, माताडोर. ओले, हा हा हा.",2
यह बहुत जल्दी है।,0
क्या हो गया!,1
"हाँ-हाँ, वहाँ है, सिर्फ एक फोन नंबर एक सचमुच गर्म लड़की ने मुझे दिया था।",2
"ओ माँ, मैं क़सम खाता हूँ मैं एक मूर्ख नहीं हूँ.",1
क्यों नहीं?,1
कृपया मुझे वचन दें कि आप उसे यह कहेंगे।,0
"मेरा मतलब है, क्यों, सभी लोगों में आप चिप के साथ बाहर जाना चाहते हैं?",1
"जैसा कि कल, जैसा कि दिन पहले था।",1
"ओह, और सबसे अच्छा girlfriend!",2
"ठीक है, देखो, मैं-मैं जानता हूँ आप लोग क्या कहेंगे",1
मेरा दोस्त Joey का नाम है।,1
"अच्छी तरह से, क्यों आप उसे एक संगीत बग, ऑप, नहीं आप पहले से ही किया था नहीं भेजा नहीं।",1
भ्रमित?,1
फीब्स?,1
मैं यह पता नहीं कर सकता!,0
"मेरा मतलब है, मैं उन्हें उससे मिलने के लिए क्यों छोड़ देना चाहिए?",1
और तुम सब पर लानत है,0
"आप जानते हैं, आप बस एक such wuss होने को बंद कर देते हैं और उन को हटाने और आप हमारे साथ आते हैं और नंगे लड़कियों के चारों ओर नृत्य देखने!!",0
"ठीक है, मैंने तुम्हें चलने के लिए नहीं कहा. यहाँ. वहाँ. ठीक है.",0
"ओप, मैं सिर्फ तुम्हें कुछ कह सकता हूँ? बहुत सन्तुष्ट है लेकिन हं, मैं engaged हूँ।",2
"हाँ, मैं निश्चित रूप से उसे जानता हूँ।",1
"मैं-मैं-मैं-मैं नहीं जानता, मैं नहीं जानता क्या कहना है।",1
"ठीक है, जब आप संग्रहालय में चलते हैं, दाहिने हाथ ले, यह पुरातनता पंख है।",1
कडक बछे. नहीं! तुम कडक बछे हो! Noooo! तुम कडक बछे हो! नहीं! तुम कडक बछे हो!,0
"ओह महान! वाह! हाँ, यह आरामदेह है।",2
"चलो मोनिका, यह हमारे वॅलेंटाइन डे है. कृपया? कृपया-कृपया, कृपया?",0
"हाँ, हाँ, यह मैं नहीं जानना चाहता था।",0
"ओह, मेरे भगवान, मुझे बहुत क्षमा है. आप ठीक हैं?",0
हाँ... मुझे यकीन है कि मैं अभी भी उससे शादी करने के लिए जा रहा हूँ.,2
"कृपया मेरी मदद करें, पुराने समय के लिए।",0
सिर।,1
"अरे, मैं उस भावना को फिर कभी नहीं होगा, मैं हूँ?",0
"हाँ, हाँ आपके पास रिंग है?",1
"अरे राच सुनो, कोई भी बात यह आदमी कहता है मैं तुम्हें जानना चाहता हूँ कि तुम इस में अकेला नहीं जा रहे हैं.",2
"नहीं, उनमें से एक...",1
यह अद्भुत था!,2
तो मैं सोच रहा था...,1
": \'क्योंकि तुम एक छोटा राजकुमारी हो! ""माता, मुझे एक पिज़ा खरीदो. माता, मुझे एक मिठाई कारखाना खरीदो. माता, कास्ट बनाओ",0
"ओह! ओह, मैं उस पर प्यार करता हूँ लेकिन.",1
"सर? सर? मुझे माफ करें, सर? Uh... मेरे पास आप के लिए एक संदेश है.",1
क्या तुम हँस रहे हो?,0
उस आदमी ने जो रेचेल को prom ले गया था? वह तुम्हें क्यों बुला रहा है?,1
"लेकिन मुझे चिंता नहीं है, क्योंकि आप अपार्टमेंट मिल गया है.",2
"ओह, uh किसी को पता है कि फ्रीमन भवन कहाँ है?",1
क्या आप इस कमीज के माध्यम से मेरी nipples देख सकते हैं?,1
मैं इस तरह नहीं रह सकता! हम क्या करने जा रहे हैं? हम क्या करने जा रहे हैं?,0
मैं कभी करता हूँ।,2
"ठीक है umm, रोस?",1
अरे! तो एस्टेले ने कल मेरे लिए ऑडिशनों की एक गुच्छा तैयार की और मैं जल्दी ही मेरी स्वास्थ्य बीमा वापस मिल जाएगा.,2
मैं ठीक नहीं जानता।,1
उसने ऐसा किया!,2
"अच्छा, अगर आप बाद में एक पेय मिलना चाहते हैं तो हम कर सकते हैं.",1
"ओह नहीं, मैं नहीं जा सकता। मैं अभ्यास कर रहा हूँ; मैं एक नए खेल शो के मेजबान होने के लिए एक अडियो मिला है।",2
अरे!,2
"बहुत पुरानी, 30 की तरह।",1
आप अपनी उम्र के किसी लड़की को क्यों नहीं पा सकते?,0
"ओह! वाह! ओह, हाँ! यह बहुत अच्छा लगता है. मैं बस अपने जेब में यह वापस डालने के लिए जा रहा हूँ, बनाना",2
तुम कैसे नहीं जानते कि कौन है?,1
वह इतनी निकट रहती है।,1
प्रजातियों पर निर्भर करता है मैं एक छः फुट लंबा होना होगा...,0
"ठीक है, कि एक समस्या नहीं होना चाहिए. मेरा मतलब है मैं फैशन में काम करता हूँ और सब मैं मिलते हैं पात्र सीधा आदमी हैं.",1
उसे फिर से खिलाने की कोशिश करें।,1
मेरे पास एक नौकरी का साक्षात्कार है जिसके लिए मुझे तैयार होना है।,1
तुम कौन थे?,1
आप कभी नहीं जानते।,1
"मेरा मतलब है, हर कोई एक-एक होना चाहिए",1
"हाँ, मुझे यकीन है. और अचानक उसके हाथ अब समस्या नहीं थे.",1
"ठीक है महिला, आप यहाँ से बाहर हैं।",0
क्या आपके पास एक मिनट है?,1
मैं एक टोस्ट प्रस्तावित करना चाहूंगा।,2
मुझे आज रात बहुत अच्छा समय मिला।,2
"मेरा मतलब है तकनीकी रूप से यह-यह नियमों के खिलाफ नहीं है या कुछ भी नहीं है, लेकिन यह परहेज़गार है।",1
"आह, बस मुझे एक छोटा सा स्लाइबर काटें।",2
देखो! वह आदमी पेय कर रहा है!,1
यह इस तथ्य के साथ कुछ भी नहीं किया जा सकता था कि-क्या मैं एक अच्छा श्रोता हूँ और मैं uh मैं एक पर रख दिया है,1
"अच्छी तरह से यह निराशाजनक था, मुझे लगता है कि मैं सिर्फ एक से एक बच्चे से एक मज़बूत प्रिसेल खरीदा था",0
जोय? आप यह प्राप्त कर सकते हैं? आप यहाँ क्या कर रहे हैं? मैं सोचा था कि आप अपने कमरे में थे?,1
"नहीं, लेकिन तुम्हें पता है कि कौन यहाँ तुम के लिए खोजने के लिए ठहरा था, Tennille।",1
": हाँ, हं... तुम जानते हो, तुम सिर्फ उस बात के बारे में भूल जाना चाहिए जो मैंने पुल के नीचे कहा था, मैं बात कर रहा था",1
मैं बस कहता हूँ किसी पर-जो सबवे पर तुम जैसे दिखता है।,1
"Uh वास्तव में, मैं आप दोनों के साथ बात करना चाहता हूँ।",1
यहाँ हमारा तारा है!,2
अंग्रेज आ रहे हैं?,1
मैं उसे क्यों कहूँगा?,1
"ओह! Joey, उसने अभी मुझे खिलाया।",1
"ठीक है, वह लगभग कर सकता था। जो कि मैं वहाँ फंस गया था ठीक है।",1
"ठीक है, वह ठीक समझ जाएगा? यह ऐसा नहीं है कि मैंने यह जानबूझकर किया था।",0
तुम्हें पता है क्या और है? वह बिस्तर में अविश्वसनीय है.,2
"तो कुछ देर बाद वह उसके पास जाता है और एक-दो मिनट बाद, मैं उन्हें चुंबन देखता हूँ।",1
"अच्छा, मैं नहीं जानता क्योंकि मैं इतना डर गया था कि मैंने फोन बंद किया।",0
मैं बहुत अच्छा समय बिता रहा हूँ!,2
लेकिन अगर...,0
"मेरा मतलब है... uh, आप जानते थे कि आप मेरे साथ शब्द बोल रहे थे?",1
मैं उन जगहों में गया जहां वे सैंडविच बनाते हैं!,1
"लेकिन इसमें कोई बोल नहीं है, वह चिकनी है!",1
"सुनो, मेरे पास तुम्हारे लिए एक रहस्य है. मैं उसे जीतने देता हूँ.",1
और-और फिर क्या पता है?,1
यह वास्तव में हैंडबुक में है।,1
"ओह, ओह, ठीक है. इस तरीके से. सभी अन्य गर्भवती महिलाओं यहाँ जा रहे हैं लग रहे हैं.",1
"आह, अभी भी समय नहीं है।",1
पैट्रिक और मैं पिछले रात बहुत अच्छा समय था! मेरा मतलब है मैं सोचता हूँ कि यह शायद कुछ गंभीर रूप में बदल सकता है।,2
"ठीक है, यह एक दुर्घटना थी... आप जानते हैं, यह बहुत तेल है और कभी-कभी हाथ फँसाता है!",1
"अरे वा, तुम बहुत अच्छे लगते हो! खुशी है कि तुम इसे कर सकते थे.",2
"नहीं, एक मनोरंजन इकाई, एक डाक कूबी में बसा है. यह एक दिन का काम है, अधिकतम.",1
"हाय फीब्स, मैं चार्ली खरीदारी ले जा रहा हूँ, क्यों तुम नहीं आओ और मैं तुम्हें कुछ ढूंढने में मदद करूँगा.",1
रेक्टर।,1
शायद हम रद्दी चश्मा की जाँच करना चाहिए।,1
ओह मेरे भगवान! यह है यह! मैं सचमुच आशा है कि यह आप है!,2
मैं उसे बुलाता हूँ!,2
किस तरह की चीजें?,2
"मेरा मतलब है, यह-यह बहुत अच्छा लगता है।",2
हाँ! मैं अपने पूरे जीवन में नौका चला रहा हूँ. जब मैं पंद्रह साल था मेरे पिता ने मुझे अपना नौका खरीदा था.,2
"प्रतीक्षा करो, प्रतीक्षा करो, चचेल्डर, यह क्या आप Thanksgiving dinner के लिए है 'जा रहे हैं?",1
हाँ. अच्छी तरह से मैं उनमें से तीस मिल गया.,1
"क्या, आप सोचते हैं कि मैं सिर्फ अपने बेटे को एक बहाने के रूप में उपयोग करता हूँ?",2
"हाँ, मैं लगभग आधा घंटे पहले यह महसूस किया कि लेकिन मैं कुछ नहीं कहना चाहता था क्योंकि मैं यह जिंक करना नहीं चाहता था.",1
ओह नहीं! तुम लोगों को 7 साल के लिए तलाक़ नहीं देनी चाहिए!,1
"हाँ, मैं-मैं-मैं उस के साथ नीचे हूँ।",2
"मैं जानता हूँ, इसलिए मैंने फिर से कहा!",0
"थोड़ा सा हवा, अब चलो!",0
"अच्छा, तो, अब, आप लोगों के पास बहुत बड़ी योजनाओं है?",1
"मेरा मतलब है, आपके पिता मुझे बताता है कि आप स्कूल से कुछ दिनों की छुट्टी मिलता है, और आप, आप ah, अब उन कुकी बेचने के लिए नहीं है।",1
मेरा मतलब है कि मैं केवल ऐसे लोगों के लिए आकर्षित किया जा रहा हूँ जहां कोई भविष्य नहीं है?,0
"तो, अंत में, सभी लाइनें ऊपर जा रहे हैं, तो मैं खुश हूँ।",1
"हाँ, मैंने उसे साल पहले बंद कर दिया था!",2
"मैं टेड हूँ, और मैं अभी एक महीने पहले यहाँ आ गया है, और न्यूयार्क मुझे सचमुच डराता है।",0
"हाँ, कृपया! तो, क्या हो रहा है?",1
"लेकिन hey, मैं जानता हूँ हम निर्णय कर सकते हैं।",1
"मैं सिर्फ कह सकता हूँ, मैं वास्तव में क्या आप कर रहे हैं प्रशंसा कर रहा हूँ. सिर्फ अकेले उसे उठाना.",1
वह तुम्हें चुंबन देना चाहता है।,1
हम,1
"ओह, ठीक है, हाँ. मैं आपके सामान उसके कमरे में डाल दिया, और उसके सामान आपके कमरे में.",1
वास्तव में मेरे पास एक छोटी शिकायत है।,1
"मैं जानता हूँ. मैं जानता हूँ. मैं भयभीत हो गया, मैं भयभीत हो गया. मैं उसे नहीं चाहता था कि मैं कुछ ’74 Latour था की तरह मेरी ओर चिल्लाने शुरू करने के लिए।",1
"अच्छा, मुझे लगता है कि मैं अपने पत्नी और बच्चों के बारे में सोचना चाहिए था, इससे पहले कि मैंシェप गेलर से बात कर रहा था!",1
"अच्छा है, तो मैं आप को देख लूंगा।",1
ठीक है।,1
यह कल के लिए आपकी कॉल शीट है।,1
"लेकिन हे, हमें क्रॉस-ईड मेरी सिखाने के लिए धन्यवाद. आप लोगों, हम अपने नियमित खेल में खेलना है.",1
क्या तुमने देखा?,1
"ओह हाँ, जिम सदस्य. मैं सप्ताह में चार बार जाने का प्रयास करता हूँ, लेकिन मैं पिछले 1200 बार भूल गया है.",1
"अरे! तेजी से खड़े हो गया, एक छोटा सिर दौड़ गया।",1
"अब, चलो बाहर जाओ और उन्हें पाने के लिए!",2
"मेरा मतलब है, इस युवा महिला के मामले की तरह, उसने अपना कपड़ा खो दिया है, तो वह घोड़े पर नांगे सवार होती है, वह चिल्लाती है, 'कहाँ वे हैं, वे कहाँ हैं?'",1
लड़ाई खत्म हो गई है!,1
वह कब होगा?,1
"वास्तव में, यह सिर्फ बैग है।",1
तुम मान सकते हो कि!,1
तुम मुझे बताने के लिए जा रहे हैं कि तुम कैसे किया था.,1
"लेकिन देखो, इन सभी कमरे ठीक हैं ठीक है?",1
अच्छी तरह से आप करने के लिए है क्योंकि शायद यह मूर्ख है।,1
मैं मसखरा नहीं लूँगा और मोनिका के स्तनों को नहीं देखूँगा!,0
"ओह, हाँ, कोई समस्या नहीं है. यह सब की देखभाल की गई है.",1
वास्तव में तुम आज रात एक बड़ा मददगार थे।,2
"अरे, आप क्या जानते हैं, अगर आप ऐसा करने के लिए जा रहे हैं, अगर आप उसे Joey नाम देने के लिए जा रहे हैं, आप उसे Chandler नाम देना चाहिए.",1
"जब गर्मी दूर हो जाती है, तब आप समस्या में हैं।",1
मैं अंतिम था जो जानने के लिए जब तुम Joey पर एक प्रेम था जब वह खिसक रहा था।,0
ठीक है।,1
..डॉ. ओबरमन. ठीक है. और वह है-,1
ओह! धन्यवाद! धन्यवाद! धन्यवाद! हाँ! धन्यवाद!,2
अरे राच!,0
स्पष्ट है कि वह अपने दिमाग को खो गया था।,0
रेडिएटर,1
"ओह, आप कह रहे हैं कि मैं एक फ्लिंग करना चाहता था और मैं पहली तारीख पर बाहर रखने के बीच-ओह, वह तो गलत विचार पाने के लिए जा रहा है।",0
"अच्छा, यह लाइब्रेरी है।",1
जोय!,2
... हाँ?,1
तुमने अभी मुझे बताया था कि वह विवाह को घृणा करता है!,1
"भाई, मैं क्या कर रहा हूँ",0
"हैलो, Ross वहाँ है?",1
मैं जीत गया! यह मेरे क्वार्टर था!,0
"अच्छी तरह से संवेदनशील महत्वपूर्ण है, उसे चुनें।",1
"नहीं. मैं बस हूँ, मैं चाहता हूँ, मुझे अकेले होने की जरूरत है.",0
खेल खत्म हो गया है,2
हाँ! नहीं कि मैं सोच रहा था क्या है।,1
ठीक है. 1...2...3-जाओ! मैं अपने आपको मारने जा रहा हूँ!,1
"ओह, ठीक है।",1
टॉबी!,2
मैं वायदा कर सकता हूँ कि मैं उसे दोबारा न कहूँगा।,1
"ओह, क्लासिक।",0
आह! आह! आह!,2
मैं फिर से जीतता हूँ!,2
नहीं नहीं नहीं नहीं!,2
"मैं उसे पाने के लिए जा रहा हूँ! ठीक है, मैं वापस जा रहा हूँ!",2
"हाँ! वास्तव में, यह साबित करने के लिए कि आप मुझे कितना चाहते हैं, यहाँ.",1
"Hey, कोई अपने कुंजियाँ छोड़ दिया।",1
"राहेल, हम उन लोगों पर तुम पर दबाव डालने के लिए खेद हैं.",0
अल्लाह ने ऐसा ही चाहा।,1
"आप पूरी तरह से यह बेच सकता है पता है. यह उम्म, कीट लीटर अभियान की तरह के लिए आदर्श होगा.",1
कि मेरा दोस्त डी-कुप है।,1
"नहीं, नहीं, नहीं, मैं आप को स्वयं नहीं करेगा, मेरा मतलब है कि अजीब होगा।",0
यह-यह इतना अनुपयुक्त है।,0
मैं वहाँ जाऊँगा।,0
तो इन दो आदमी में से किसकी तरह आप होना चाहते हैं?,0
ओह मुझे अफसोस है! आप एक ब्रेक की जरूरत है?,1
"नहीं, आप एक मार्क होने के लिए पर्याप्त ऊंचे नहीं हैं, लेकिन आप एक अच्छा बारी बना सकते हैं।",1
मुझे विश्वास नहीं हो सकता कि मैं यह सुन रहा हूँ!,0
आप नहीं मानेंगे जो लोग यहाँ डालते हैं!,0
"ठीक है, यह अवयव तैयार करने के लिए थोड़ा समय ले जाएगा।",1
ठीक है! मैं एक मिला जो फिट है!,2
धिक्कार तुम मोनिका गेलर हाइफेन Bing!,0
"ठीक है, बैकअप रद्द! बैकअप रद्द करें!",1
मैं चाहूँगा!,2
"ठीक है, मुझे लगता है कि हम मूल्यांकन वापस मिल सकता है वे इसे देखने से पहले, लेकिन हम श्री Zelner के कार्यालय में जाने के लिए जा रहे हैं.",1
"ठीक है, कोई।",1
"ओह, मैं जानता हूँ. उसे देखो.",2
"नहीं, तुम इसका जवाब देते हो और वचन ले जाते हो।",1
जैसे क्या?,1
यह Wohnzimmer है जहां भी एक प्रकाश है! और कोई भी तुम्हें shin में कुचलेगा।,1
"ओह, ""आप कर सकते हैं, आप कर सकते हैं?""",0
ओह! ओह इसीलिए?,1
वह भयभीत दिखती है।,1
"बेन, बेन, हे बेन. कुछ भी नहीं. मुझे नहीं लगता कि उसका नाम है.",1
आप लोग इसे आगे बढ़ा ताकि रोस अपने स्थान से बाहर ड्राइव कर सकता है.,1
"नहीं, दिलचस्प बात यह है कि उसके पत्ती फुंकने वाले ने उसे उठा लिया।",1
"हाँ, आप इसे लेने में सक्षम नहीं होगा।",1
क्या आप घर गए और बदले गए?,1
हाँ।,1
"अरे! ओह, मैं अभी जाने के लिए जा रहा था. मैं-मैं-मैं-मैं तुम्हें आने के बारे में नहीं सोचा था.",1
हम कितनी देर तक घर रहे हैं?,1
वाह!,1
"चंडलर, उस मेज 7 बजे बंद होता है, चलो.",1
तुम क्या कर रहे हो?,1
"ठीक है, मैं सुबह आप को देख लूंगा।",1
और ये सब लोग वास्तव में मर गए?,1
ठीक है! तो आप रोजर को बताओ क्योंकि वह सचमुच इस के लिए उत्सुक था!,0
"प्रश्न. आप किसी से नहीं डेटिंग कर रहे हैं, आप है, क्योंकि मैं किसी ऐसे व्यक्ति से मिला है जो आप के लिए पूर्ण होगा.",1
ओह हमने नहीं किया।,2
तुम अभी भी मुझे प्यार करते हो?,0
मैं नहीं जानता।,1
"हाँ. हाँ, यह है क्या आप एक अच्छा... पील की जरूरत है.",1
ओह सचमुच? यह बहुत अच्छा होगा! आप लोग प्रतिस्पर्धी हो सकते हैं!,1
मुझे विश्वास नहीं है कि तुम ने कहा है वूहू। मैं भी वूहू नहीं कहता।,0
"ठीक है, वह मेरी आत्मा का साथी नहीं हो सकता है, लेकिन एक लड़की को खाना चाहिए.",1
आप लोग नहीं।,1
"मेरा मतलब है, यह जिना था?",1
"खैर रोस, यह काफी स्पष्ट लगता है।",1
"हाँ, अच्छी तरह से...",1
ठीक है।,0
सचमुच? आप निश्चित हैं?,1
इन के बारे में क्या? ये एक ही लगते हैं?,1
ओह हाँ! एमी ने अभी जो की पांडुलिपि जला दी है. मैं नहीं देखता कैसे वह कभी उसे क्षमा कर सकता था.,2
"ओह, भगवान...",2
ठीक है?,1
"Uh, प्रतीक्षा करें, बैकस्टेज?",1
मैं नहीं कर सकता।,0
हम उच्च हो जाते हैं।,1
ड्रम रोल।,1
"ओह, यह ठीक है, मैं सब कुछ फिर देखने के लिए इंतजार नहीं कर सकता है! सभी स्मृतियाँ",2
"नहीं-नहीं, वो मेण थे।",1
"हं, मेरे azzz के बारे में क्या?",1
मैं वास्तव में हाल में छोड़ने के बारे में सोच रहा है।,1
"हाँ, अच्छी तरह से, यह एक महत्वपूर्ण दिन है. मैं अच्छी तरह से देखने के लिए चाहता हूँ. हं, डा. फ्रांस्प्लो पास गया है?",1
मैं भी! मुझे अफसोस है कि सबवे में उस आदमी ने तुम्हारे गर्दन को चूस दिया.,0
आप फोन stole!,0
"अगर हम कैमरे पर जाना चाहते हैं, मुझे लगता है कि हमें उन प्लेटफार्मों में से एक पर उठाना होगा.",1
यह 'उन्हें है!,2
तुम उसे नहीं पा सकते।,0
"मैं एक पुस्तक के लिए अनुसंधान कर रहा हूँ, और मैं सोच रहा था कि कोई क्या कर सकता है अगर वे एक शहरी बस पर एक बच्चा छोड़ दिया।",1
"दस सेंटीमीटर, आप एक माँ बनने के लिए जा रहे हैं।",1
"हम क्या किया था गलत था. भगवान्, मैं बस बीसवीं शताब्दी के दौरान जीवित नहीं था कि किसी के साथ सेक्स किया था.",0
वाow. क्या करता है,1
"उदाहरण के लिए उस आदमी को देखो, मेरा मतलब है कि सामान्यतः वह कोई नहीं है कि मैं आकर्षित किया जाएगा, लेकिन अभी, जिस तरह मैं महसूस कर रहा हूँ, सब मैं करना चाहता हूँ है उसके sweatpants और फैनी पैक को खींचने के लिए है।",1
"आप जानते हैं, लोग शायद एक अच्छा समय बिता रहे हैं।",1
"चिप, चिप मैथ्यूस है।",1
आह,0
"भाई, मैंने जो कहा उसके बारे में मुझे अफसोस है!",0
"ठीक है, मेरे सिर के ऊपर से बाहर... डन और जेनेट.",1
मैं कैसे भूल जाऊँगा?,1
"अब, मैं जानता हूँ आप क्या सोच रहे हैं, चचेल्डर के ऐसे आदमी की तरह नहीं है जो बस बारों में जाता है और लड़कियों के साथ बाहर निकलने के लिए, और आप सही हैं, चचेल्डर के ऐसे आदमी की तरह नहीं है जो बस बारों में जाता है और... लड़कियों के साथ बाहर निकलने के लिए है.",2
"ठीक है, यह दृश्य की पर्याप्त है. यह देखो, यह देखो. बैठो, बैठो.",1
"ओह, तुमने बहुत कुछ किया है।",0
"आप कुछ करना बेहतर है, या मैं अभी उस दरवाजे से बाहर निकलने के लिए जा रहा हूँ! अच्छी तरह से? आप जा रहे हैं?",0
"Hey, क्या तुम लोग भी ऊपर रहे हैं?",1
वे कहते हैं कि एक देख भाँत कभी बीप नहीं करता है.,1
तुम मुझे मिला.,1
"ठीक है, हम इसे रेमंड, बेन, Kyle, और Joey के लिए संकुचित कर दिया है. आप के बाकी, बहुत धन्यवाद.",1
फोकस.,1
यहाँ नीचे.,1
मुझे खेद है.,0
सॉसी!,2
"ठीक है. ठीक है, ठीक है, बत्तों के सिर हैं, क्योंकि बत्तों के सिर हैं.",1
हाय!,2
"ओह-हो, और मेरा!",2
"चलो, आप जानते हैं, धन्यवाद. ओह, आप बड़े आधा मिल गया. क्या आप के लिए चाहता था?",2
ठीक है?,1
डॉक्टर आप कुछ करना है! मैं सोचता हूँ आप मुझे ड्रग्स दे या आप वहाँ एक आग भड़काना है और बस बाहर धूम्रपान करने के लिए है.,0
"हाँ, मैं हमेशा उस Howie का घृणा किया है।",0
"ओह! उस पर देखो, समय बढ़ गया है! मेरी बारी!",2
"यह सिर्फ कम्बल पर  pants था. हं, हू, आप, क्या आप मुझे आपके स्नानागार का उपयोग करने के लिए मना है?",1
लोगों! पिछली बार कक्षा के बाद कुछ खाली yoghurt कंटेनरों के पास पड़े हुए थे. हम ऐसा पुनः नहीं होना चाहिए!,0
मैं बिना किसी विमान पर नहीं जा सकता।,2
"डेविड, आप मुझे मदद कर सकते हैं?! मैं चंडलर को बताने की कोशिश कर रहा हूँ कि कैसे एक हवाई जहाज हवा में रहता है.",1
हाँ. हम-हम मैथुन किया और फिर हम सो गए.,1
"उसने क्या किया, क्या कहा?",0
"Uh, तुम बहुत से सेक्स किया है सही है?",1
"नहीं नहीं, तुम वास्तव में वापस उड़ने के लिए नहीं है।",1
"ओह, मैं जानता हूँ, मैं वहाँ रहा हूँ. मैं अंत की ओर याद करता हूँ",1
क्या? क्या-क्या?,1
क्या एकल कैमरा?,0
यह एक रसोईघर स्लैश बाथरूम है।,1
"क्योंकि! क्योंकि, यह-यह-यह है... यह लगता है कि आप इस गिटार है और कभी नहीं बजाता है. ठीक है, यह गिटार",0
क्या मैं इसे देख सकता हूँ?,1
"ओह, ओह, मैं... नहीं... चिंता नहीं करता.",1
"देखो, मैं जानता हूँ कि वह पूर्ण नहीं है, लेकिन सच यह है, दिन के अंत में, मैं अभी भी वास्तव में श्रीमती डा. Barry Farber, डी.डी.एस. होना चाहता हूँ।",1
तो आप अपने आप से उसके सामने सामना करने के लिए पर्याप्त मजबूत हैं?,1
यह बहुत अच्छा नहीं है कि मेणबतियां बिना देखभाल छोड़ दी जाएँ।,1
वह अपने तलाक के लिए बाकी बचा रही है।,0
"नहीं, लेकिन हम उस पर बाद में वापस आ जाएँ!",1
"अच्छा, मैं बिस्तर पर जा रहा हूँ!",1
"यदि-यदि मैं केवल एक ही व्यक्ति हूँ जो लिखित शब्द की पवित्रता के प्रति किसी भी प्रशंसा करता है, तो मैं वहाँ जाकर स्वयं उसे बचा लूँगा!",0
आप को देखो. सभी ईर्ष्या.,0
वह-वह-वह सैन दिगो में घुस गया।,2
आप अभी भी मल्टीप्लेक्स में काम करते हैं?,1
"अच्छी तरह से आप जानते हैं क्या वे कहते हैं, 23",1
गर्म कुत्ते?,1
यह खेल एक तरह से खेल है।,2
यह गर्मी है. और-और आर्द्रता है.,1
"देखो, मैं तुल्सा से प्यार करता हूँ!",2
"ठीक है, यह सिर्फ कारण है कि मैं पूछ रहा हूँ है क्योंकि मैं तरह की है, uh, मैं करने में असमर्थ था-मैं वास्तव में चाहता था, लेकिन मैं नहीं कर सका मतलब है कि मैं नहीं कर सका...",0
मैं उन सब को ले जाऊँगा. बच्चों के लिए.,1
"हाँ, वहाँ शिकागो से एक आदमी है जो अगले मार्टिन स्कोर्सेस होना चाहिए है, ठीक है?",1
तुम समझते हो कि तुम मेरी बेटी को मार सकते हैं और फिर उससे शादी नहीं कर सकते हैं?! मैं तुम्हें मार डालूँगा!!,0
सूर्य बाहर है!,2
इसे रोकें! मैं तुम्हें मार डालूँगा. मैं इस तथ्य से विरक्त हूँ कि मेरा कमरा इतना छोटा है.,0
"तो, आप और एन्जेला, हू?",1
"पिताजी, हम-हम तुम घर बेच रहे हैं विश्वास नहीं कर सकते।",0
धनुष?,1
"वह सैंडविच पसंद करता है, खेल, हालांकि वह एक मेटfan है, अब कोई मुद्दा नहीं है लेकिन अगर हम कभी बच्चों के लिए थे, ठीक है कि एक है",2
"तो, बुजुर्गों के साथ क्या होता है?",0
Phoebe यहाँ आओ,1
"हाँ, लेकिन केवल एक प्रतिभावान ध्वनि ब्लैस्टर बंदूक को खा सकता है।",1
"राच, आप अपने जीवन में एक महान जगह में हैं. चलो, आप एक महान नौकरी है! अच्छे दोस्त",2
"और मुझे लगता है कि मैं व्यापार दुनिया को जीत गया है, और मुझे लगता है कि मैं बौद्धिक दुनिया को जीत गया है, और अब मैं-मैं दुनिया में सबसे सुंदर महिला है।",0
"ओह, वाई-य्या, तो, आप-आप मुझे प्यार करते हैं!",1
जानिस मुझे पता भी नहीं था कि तुम गर्भवती थे! कौन है अनजाने आदमी जो सार तुम stole है?,1
मुझे आप लोगों को मेरे बारे में चिंता करने की जरूरत नहीं है!,0
भाग्य।,1
"ओह-हो, हाँ. हाँ, हाथ के आदमी.",1
मैं आप बाद में देख लूंगा।,1
अपने पैक में पॉलेट की तस्वीर क्यों है?,0
"हाँ, हम तुम्हें एक बड़ा आश्चर्य और एक बड़ा शून्य फेंकना चाहते थे, और अब आप दोनों नहीं है.",0
"Phoebe, हम तुम पर इतना गर्व कर रहे हैं! तुम अद्भुत हो!",2
मैं वापस हूँ।,1
"हं, मैं अपने नेत्रों में कुछ है, हं, जोय, हम प्रकाश में यह जाँच कर सकते हैं, कृपया?",1
हं! रात्रि गार!,1
"मैं तुम्हें दिखाने के लिए प्यार करता हूँ, लेकिन मैं सिर्फ में उसे टक गया।",1
नहीं!,0
"प्यारे दिल, बस एक बार फिर कोशिश करें, ठीक है, हम सब फिर से शुरू करेंगे. हम अबूबा में वापस जाएँगे.",0
"मुझे कुछ प्रकार का जीवन हो सकता है, जैसे कि मैं पिछले कुछ घंटे तक यहाँ बैठा नहीं रहा है गर्म हो रहा है।",0
वह भी नहीं झुक गई...,2
"ठीक है, मैं नौ साल का हूँ।",1
आधा टैंक? हम अभी भी करने के लिए उच्च गति की खोज का बहुत कुछ है!,1
यह कोई समस्या नहीं है।,1
"अब, मैं सिर्फ तुम्हें बता रहा हूँ कि यह है",1
दोनों?,1
"इह, मेरा मतलब है, मैं जानता हूँ कि वह अप्राकर्षक नहीं है लेकिन गर्म है? मैं....",1
इसके लिए क्या?,1
": टॉबी... ओह, ईश्वर के लिए, मैं नहीं जानता कि वह क्या बात कर रही है!",1
"हाँ, यह बहुत अच्छा होगा। मैं इसे पसंद करता हूँ।",2
"ठीक है, यह सिर्फ है कि मातृत्व वस्त्र इतना महंगा है।",2
लगभग आधा घंटा।,1
"ठीक है, या कि या uh",1
"ओह, मैंने पहली बार चंडलर के साथ बाहर जाने के बाद से उस भावना नहीं थी.",2
क्या?! क्या?! वह मुझे खुश करने के लिए प्रयास कर रहा था! मेरा पोनी बीमार था.,1
"क्या? हाय, एक मिनट रुको! Phoebe, तुम कैसे पता है कि पिता कौन है?",1
बोबी भुगतान एक्सप्रेस के लिए ट्रैकों को साफ करें. अगला स्टॉपः राहेल ग्रीन.,1
"या आह, या, चलो कहते हैं मैं बताना चाहता हूँ कि मैंने अभी कुछ बुरा किया है।",1
"ठीक है, आप यह किया! क्या हमारे पास कोई फल है?",2
वह कैसे है?,1
"वाह, यह मेरे सीने से बाहर निकलने के लिए बहुत अच्छा लगता है!",2
क्या आप निश्चित हैं? महान है. कैरोल? क्या आप हमारे पास आना चाहते हैं और शामिल हो?,1
"हाँ, अच्छी तरह से आप अच्छा होता है अगर आप सिर्फ अपने नितंबों को थोड़ा कम करने के लिए.",1
आप सब को खोल दिया?,1
"जो, वैसे ही, वास्तव में सान फ्रांसिस्को के व्यंजन है. मैं उसके मशीन मिल गया.",1
मुझे भी जाना चाहिए।,1
"नहीं, यह डाना कैप्लिन था।",1
"ओह, यह टूटा है?",0
क्योंकि यह अच्छा पैसा है! लेकिन यह तथ्य नहीं बदलता है कि यह एक बुरा खून चूसने वाली कॉर्पोरेट मशीन है!,0
ओह! कोई आज थोड़ा चिड़चिड़ा है क्योंकि वे इसे एक कप में करने के लिए है! ओह! वे तुम्हें kiddy आकार दिया था।,0
"नहीं, मैंने उसे जीतने दिया-रोस!",1
मेरा पिता चॉक मैजीओनी है?,1
और फिर इसके लिए आप को आमंत्रित करने के लिए भूल जाने के लिए।,1
मुझे एक खर्च खाता की जरूरत होगी।,1
मैं बस जा रहा हूँ खुद को धोने के लिए नीचे शौचालय अब जा रहा हूँ...,0
"मुझे लगता है कि यह महान है. Y'know, यह मधुर है, यह रोमांटिक है...",2
"ठीक है, तो हम कुछ और अच्छे अस्वीकार, काम करने के लिए बहुत सारी बातें मिल गया।",1
"लेकिन हं, आप सही हैं।",1
यह सच है।,1
"वाह, यह महान है।",2
"अच्छा, मैं घर जा रहा हूँ और अपने सेंट्रल पार्क विचार की विजय में bask में bask.",0
मुझे लगता है कि वह शर्मिंदा है।,1
"ओह भगवान, उन्होंने मेरे विचार को ले लिया!",1
"तुम मजबूत लगते हो, क्यों मैं उसे नहीं लेती और तुम एक बॉक्स में से एक पकड़ो।",1
वह बहुत अजीब है।,0
"हाँ, लेकिन मिशा तुमसे इतना दिलचस्पी रखता है कि सरजी और मैं एक-दूसरे से दो शब्द नहीं कह सका।",0
"खैर, पिछले पांच मिनट में बहुत कुछ नहीं बदला है।",1
"ठीक है, मैं आपके पिता के साथ बाद में वापस आ रहा हूँ।",1
"तुम जानते हो, जब मैं उसके साथ हूँ, मैं उससे कहीं अधिक हूँ।",2
यही नियम है।,1
मुझे खेद है.,1
नियम यह है कि जब दो अभिनेता वास्तव में मंच से बाहर यह कर रहे हैं तो उनके बीच सभी यौन तनाव समाप्त हो गया है।,1
"और मैं कभी बारों में सिर्फ लड़कियों से बात करने के लिए सक्षम नहीं हो सकता था, लेकिन मैं पिछले रात 20 फोन नंबरों की तरह मिला.",1
लंदन के बच्चे!,2
"ओह, वे एक कर रहे हैं",2
इसे बंद करें चंडलर. मुझे भी क्षमा है.,0
"अच्छा, रेकेटबॉल नहीं खेलते!",1
"मुझे खेद है, आप अपनी अंगूठी चला सकते हैं? मैं सीट संख्या नहीं देख सकता है।",1
क्या मैं तुम्हारी मदद करूँ?,1
"ओह, सचमुच आप उसे चाहते हैं?",1
तुम सो गए!,0
धिक्कार!,0
एक बात गुम है।,0
"ओह, hey, देखो, मैं कॉफी मिला! ठीक है, चलो स्केडाडल।",1
यह एक चार या एक पांच हो सकता है. यह आपका काम है.,1
"ओह, wow, 700.",1
"मेरा मतलब है, क्या अधिक महत्वपूर्ण है?",1
"जोय, मैं इस बारे में मौत के लिए डरता हूँ।",0
हैलो.,1
लेकिन मैंने कार्ड बना लिया!!,0
"Ciao, bela.",1
हाँ. यह बहुत कठिन है एक धन्यवाद भोजन की सराहना करने के लिए एक बार आप इसे उल्टा देखा है.,0
"मेरा मतलब है, मैं समझता हूँ कि उसकी भावना कभी पूरी तरह से दूर नहीं जा सकता है, लेकिन",0
"हू, आप जानते हैं, हू हम जल्दी उठे और न्यूयॉर्क के लिए उस हवाई जहाज को पकड़ने के लिए.",1
"ओह, यह बहुत अच्छा होगा!",2
"क्या नियम है? कोई नियम नहीं है, यदि कुछ भी है, तुम मुझे एक टेबल ऋणी हो!",0
मैं तुम्हें वापस बुलाऊँगा।,1
मैं बच्चों के लिए मैथुन उपन्यास लिखता हूँ।,1
आप नहीं जानते कि कैसे ऐसा हुआ था?! आपका कुत्ता समझता था कि मेरा डायफ्राग्म एक चूह खिलौना था!,0
मैं कैसा दिखता हूँ?,1
"अरे, कैसे, कैसे तुमने ऐसा किया?",1
"तो, आप यहाँ के आसपास रहते हैं?",1
"अरे रोस. यह शायद इसे उठाने के लिए सबसे अच्छा समय नहीं है, लेकिन आप मोनिका के लिए एक पार्टी फेंकने के लिए है.",1
मैं वहाँ नीचे जा रहा हूँ और उस आदमी को एक पाठ सिखाने के लिए जा रहा हूँ।,0
"मैं यह जानता था, wow!!",1
"अभी याद रखें, इस बड़े और लंबे कुछ हस्तचालित करने के लिए कठिन हो जाएगा, सौभाग्यवश मैं उस क्षेत्र में बहुत अनुभव है।",1
"हाँ और सबसे महत्वपूर्ण बात यह है कि यह कुछ ऐसा नहीं होगा, वहाँ पर कोई अजनबी जो मुश्किल से तुम्हें जानता है।",2
"नहीं, आप जानते हैं,",1
उन्होंने मोनिका को गिरफ्तार कर लिया है।,0
"मैं सही हूँ, सही है?",1
"ठीक है, आपको यह वायदा करना होगा कि आप कभी नहीं, कभी Ross को बता देंगे कि मैंने आपको बताया था।",1
"आज सुबह, मैंने उसे अपने घर में देखने को पकड़ा।",0
"यह है-यह है, वे हैं-उन्हें मिलन में इसे पहन रहे हैं, तो मेरे काम का एक हिस्सा है बहुत कपड़े पहनना, और फिर मैं देखता हूँ कि लोग कैसे प्रतिक्रिया करते हैं, और फिर मैं अपने वरिष्ठों के पास रिपोर्ट वापस",1
ओह ठीक है।,1
"देखो, मैंने तुम्हें नहीं कहा था?! आप पहले से ही रोस को पार कर रहे हैं!",2
"तो uh, लगता है कि लोग यूरोप की कहानी से परिचित हैं?",1
यह सिर्फ है कि मैं,2
"ओह हे, ठीक तुम पर वापस।",1
उनके पास नीचे एक खेल कक्ष है! पिंग पोंग और सामान.,1
मुझेイヤरिंग देखो।,1
"ओह, यह एक उपनाम हम बाहर कोशिश कर रहे थे।",1
मैं नहीं जानता. क्यों?,1
"क्या हो गया है, प्यारे?",1
अच्छा. मैं वास्तव में तुम और मैं यौन संबंध रखने के लिए उत्सुक हूँ.,2
"हाँ, आप बाजी लगाते हैं।",1
"नहीं, ये सब मेरे suitcases नहीं हैं. यह पाओलो का है.",1
"हाँ, यह उसका, uh, आनुवंशिक ऍलन-नेस है कि-कि-कि हम पसंद करते हैं.",2
"अरे, ठीक है, आज रात आपका पार्टी थी।",1
हम कुछ है,1
मैंने तुम्हारे सिरों को मिला दिया!,1
"वे नहीं हैं!! रोस, वे सिर्फ महत्वपूर्ण लोगों के लिए उन्हें बचा रहे हैं!! ठीक है?! क्या-क्या यदि मैं राष्ट्रपति था?!",0
"नहीं, मैं करूँगा. मैं सिर्फ इस रात के लिए तैयार नहीं हूँ.",1
"राहेल, चीजें अविश्वसनीय रूप से जटिल हो सकती हैं।",0
अच्छा तो हम नम हो जाएँगे।,0
मुझे सोचने दो. मुझे सोचने दो-ओह! मुझे नहीं लगता।,0
"हाँ, जब मैं कुर्सी पर था।",0
अब आप मुझे कह रहे हैं कि मैं उसे नहीं देख सकता??,0
झूठे लोग!,0
चंडलर! Phoebe खेल खोखला रहा है!,0
हम जीत गए. हम जीत गए!,2
"है, यहाँ सौदा है।",1
फाइलिंग सिस्टम?,1
आप अपने हाथ भरे होंगे।,1
अरे! तुम मेरे माता-पिता का उपहार पा रहे हो!,2
"Uh, यह आप से मिलना बहुत अच्छा था.",1
"सिर्फ सुनो, मोनिका, मैं, तुम्हें पता है, ठीक है, तुम्हें पता है, मैं लगभग एक महीने के लिए सो नहीं जा सका क्योंकि मैं एक सोफ कोशों में एक बिंदु की तरह स्याही मिल गया था.",1
चलो!,1
"मोनिका, मकान बाजी, मैं इस बारे में नहीं जानता।",0
आप डा. गेलर का मतलब है?,1
"Hey-hey, Pheebs, यह देखो, हम पहले से ही एक गीत सीखा है. तैयार? एक, दो, तीन, चार...",1
क्यों नहीं?,1
मुझे लगता है कि किसी व्यक्ति को पता होना चाहिए कि वे कहाँ से आते हैं।,1
"Uh, कि वास्तव में आपका बहन था.",1
हम अपने हाथों को एक साथ चिल्ला सकते हैं लोग इसे पसंद करेंगे!,2
"हाँ, हाँ, मुझे आपके फोन का उपयोग करने के लिए धन्यवाद... और मेरे जीवन को बचाने के लिए.",2
"देखो, मैंने वहाँ एक किताब लिखी थी और उसे पढ़ने के बजाय लोग उसके सामने घूम रहे हैं।",0
आज तुमने 20 भिन्न-भिन्न महिलाओं को जन्मदिन गाया है!,1
"ओह-नहीं-नहीं-नहीं, मेरा मतलब था चंडलर।",0
क्यों आपने शॉवर परदे को नीचे ले डाला?,1
"अरे! ठीक है, चलो खरीदारी चलो!!",2
मैं सिर्फ इस समूह में कुछ संस्कृति लाने की कोशिश कर रहा था।,0
नमस्ते।,1
अब यहाँ से बाहर जाओ तुम!,2
"ठीक है, फीब्स?",1
रहस्य? विवाहित लोगों को एक-दूसरे के बीच रहस्य नहीं होना चाहिए। हम एक-दूसरे के लिए बहुत अधिक प्रेम और सम्मान रखते हैं।,0
"उम्, रेशेल मुझे सचमुच खेद है. यह ठीक है, क्या आप एक साथ वापस मिलना चाहते हैं? हाँ, ठीक है. क्या कोई और यह सुन चुका है?",1
उसका नया girlfriend!,1
उनके बारे में कौन सोचता है।,1
"एक टी. वी. ऐसा लगता है मानो वह कहीं से नहीं दिखाई देता है! यह स्वप्न है! आदमी, तुम कैसे इस सामान को दे सकते थे?",1
धन्यवाद. बहुत धन्यवाद!,2
"नमस्ते, छोटे भ्रूण।",1
"मैं जानता हूँ कि यह सचमुच बेवकूफ है, लेकिन मैं अपने बॉस से इन टिकटों को मिला और-ओह नहीं! नहीं! नहीं! मेरे भगवान!",1
मैं-मैं उसे यह ऋणी हूँ।,1
मुझे लगता है...,1
"नहीं, नहीं, मेरा मतलब है, आप और मनी के बारे में क्या है?",1
"शायद उन कहानियों में से एक मुझे रोने लग सकता है और फिर आप मुझे Y'know था नहीं सोच सकते थे, सभी भीतर मृत.",1
"नहीं, मैं करना चाहता हूँ!",2
"ठीक है, तुम जानते हो मैं परत पहना हूँ और यह गर्म है।",1
Whooooaaaa....,1
"हे, इन टिकटों के लिए बहुत धन्यवाद, चंडलर.",2
"नहीं, अब से मैं एक स्थान पर रह रहा हूँ।",1
मैं आशा करता हूँ कि यह आप है।,1
"ओह, नहीं नहीं नहीं नहीं. मैं ठीक हूँ. मैं ठीक हूँ.",1
"तो, Ross और मैं करने के लिए जा रहे हैं",1
यह एक शब्द है!,1
"अच्छी तरह से, आप पूरी तरह से पक्षाघाती नहीं हैं।",1
वह hooked up! वह किसी के साथ hooked up.,1
"मैं आपके फोन का उपयोग कर सकता हूँ? हाँ, एक सिडनी मार्क्स के लिए नंबर, कृपया.",1
ठीक है. संदेश क्या है?,1
"हाँ, लेकिन मैं मरना नहीं चाहता!",0
Phoebe! उसके सिर में विचार न डालें!,0
"Hey, क्या कोई मुझे उन टाइलों में से एक हाथ देना चाहता है।",1
मैं उसे अकेला नहीं छोड़ना चाहता था।,1
"ठीक है, मैं बस हूँ-यदि पेस्ट पैंटों से मिल जाता है, आप खुद एक जोड़ी पेस्ट पैंट बना सकते हैं और वह अंतर नहीं जानेंगे!",0
संकुचन!,1
लगता है आप इसमें बहुत अच्छा नहीं हैं!,0
ओह बी-बी-तर यह है!,0
उसने उसके लिए कुछ भी नहीं महसूस किया।,1
जो?,0
"ठीक है, लेकिन तुम्हें क्या पता है? मैं कहना है, मैं वास्तव में प्रभावित हूँ कि आप इस सब को इतनी तेजी से याद करने में सक्षम थे!",1
"वैसे, रोस ने आपके सामान के एक बॉक्स के पास गिरा.",1
ओह सही है।,2
मेरा एजेंट जानना चाहता है कि मैं आज मुझे पता नहीं था कि मैं ऑडिशन में क्यों नहीं देखा था.,0
"ओह, जैसे तुम कभी भी रॉस के साथ थोड़ा झगड़ा नहीं किया है.",1
त्रिस्केडेकाफोबिया।,1
"अरे! ठीक है, मुझसे नाराज न हो, लेकिन मैं प्रतिरोध नहीं कर सका।",1
"जुली है! चचेल्डर Bing, मैं, मुझे लगता है कि आप मुझे याद है।",2
ओह. धन्यवाद.,1
अब आप जानते हैं कि आप वास्तव में इसके बारे में क्या महसूस करते हैं।,1
अगर वह... कोने पर था?,1
"मैं नहीं जानता, उस मूर्ख के बारे में क्या है जो सोचता था कि वह अल्बानी से कनाडा तक आधा टैंक गैस पर चला सकता है!",0
"और तुम! मैं तुम पर अपने आपको फेंक और तुम कहते हैं नहीं, कैसे gay तुम हो?",0
मैं,1
तो क्या हो गया है?,1
मैं तुमसे कुछ पूछ सकता हूँ? क्या तुम कभी किसी आदमी ने तुम पर प्यार किया है?,1
मैं समझने लगा कि मैं किसी और के लिए भावनाएं रख रहा हूँ।,1
"हाँ, हम निश्चित रूप से उन हैसिड जेवर्स softball के बारे में एक या दो बात दिखा दी..",2
"हाँ, यह बहुत अच्छा होगा! मुझे सुनिश्चित करने दो कि मैं कोई मंगल को कुछ नहीं कर रहा हूँ।",2
"ठीक है, बस मेरे बारे में सोचना बंद करें।",2
गेंद?,1
क्या उन लोगों में से कोई भी यहाँ है?,0
मैं कहना चाहूंगा कि तुम्हें फिर अपने पाँव पर देखना अच्छा है।,2
मुझे पहले से ही लगता है कि मैं तुम्हें थोड़ा बेहतर जानता हूँ!,2
"यह बहुत मूर्ख था, मैंने एक मुलाकात में कुछ बातें कहा था कि मैं नहीं कहा जाना चाहिए था।",0
"हे, यह बहुत बेइन्साफ़ी है!",0
"ओह चलो लड़कों, यह नहीं है कि मैं यूरोप में ले गया है! मैं सिर्फ हॉल के पार ले गया है! और",2
यह जैक है।,1
तुम उसे नहीं पहन सकते! मैं प्रसिद्ध टक्स पहन रहा हूँ! जेम्स बॉंड की टक्स!,0
"और वह मिस्टर जो संवेदनशील है, और वह सोचने लगता है कि शायद यह मेरे लिए आदमी है, क्योंकि वह मुझे समझता है।",0
"अरे, केवल विज्ञापन 300 डॉलर खर्च करता है!",1
"Hey, आप लोग कैसे कर रहे हैं?",1
नहीं. मुझे लगता है कि आप क्या गलत समझ,1
अगर तुम यहाँ हो तो नहीं।,1
"आप अपना आधा जीवन स्नानागार में बिताते हैं, क्यों आप कभी भी खूनी खिड़की से बाहर नहीं जाते!",0
"ओह, uh..",0
कौन मुझे ले जा रहा है,0
तो?,1
मैं वहाँ आऊँगा।,1
"ठीक है. आप अधिक से अधिक एक जूते के जेब में एक जूते वाले दैत्य, या अपने धोने के कूच के भीतर रहना चाहते हैं?",1
"मैं वास्तव में, इसके बारे में सोचना चाहता हूँ।",1
"वह रिंग? जब मेरी आजी पहली बार इस देश में आई थी, वह रिंग और उसके पीछे के कपड़े सब वह अपने साथ रखती थी।",1
"हा-हा, यह मेरा बच्चा नहीं है, हा-हा-हा!",0
क्यों? 'क्योंकि अन्यथा आप इसके लिए जाना होगा?,1
"मुझे क्षमा करें, मुझे क्षमा है, मैं आपको वापस बुलाने के लिए जा रहा हूँ, मैं अपने कार्यालय में एक स्कीम है.",1
नहीं! प्रतीक्षा नहीं! चुप रहो-मुझे मतलब है नहीं रोना! मुझे मेरे चेकबुक ले आओ!,0
"हैलो? ओह, uh, रेशेल, यह है",1
क्या मेरे पास तुम्हारे लिए एक आश्चर्य है? अपने सामान पैक करें!,2
"गोली मारें! गोली मारें! गोली मारें, या बस नीचे गिरें. यह भी अच्छा है.",2
"हाँ, धन्यवाद. आप देखते हैं, यह है कैसे सामान्य लोग ड्रम के प्रति प्रतिक्रिया करना चाहिए.",1
मुझे आपको यह बताने की जरूरत नहीं थी! मैं जेन रोजर्स से मूर्ख हूँ!,0
"देखो, पिछले रात की तरह चीजें वे सिर्फ नहीं होता है।",1
चलो! इसे स्वीकार करें! यह सबसे अच्छा नाश्ता तुम कभी था!,0
ओह! यह आप से मिलने के लिए बहुत अच्छा है. नमस्ते.,2
"ठीक है, तो यह एक ताल फिर है, 41 से 41.",1
क्या हम सिर्फ कुछ डालने शुरू कर सकते हैं?,1
"wow! हाँ मैं ah, मैं भी एक नौकरी छोड़ दिया।",0
"हं, आपको बस मुझे बताना होगा कि आप सुबह अपने अंडे कैसे पसंद करते हैं.",1
"हाँ मैं कर सकता हूँ, यह वास्तव में अच्छी तरह से काम किया।",1
"जल विच्छेदन, क्या आप का मतलब है? क्या है, जल विच्छेदन?",1
"हम हँसते हैं, खेलते हैं।",2
कैसी पर विचार करें।,1
"हाँ, यह सचमुच कठिन था।",0
"डा. Farber, हम यहाँ एक छोटी सी आपात स्थिति है... Jason Costalano अपने रिटेनर पर डच रहा है.",0
"अब जब मैंने तुमसे हाथ लगाया है तो तुम और भी खाली लग रहे हो। """,1
"हाँ, तो यह पता चलता है कि यह नहीं है कि बाल सीधी करने वाला था कि आग शुरू किया।",1
मैं वह हूँ जो सारे रात बच्चों के साथ नाच रहा है!,1
"वैसे भी, मैं जाना चाहूँगा, एक जीवनरक्षक एक परमाणु उपकरण विच्छेद करने के बारे में था।",1
मैं देखता हूँ।,1
"ओह, मैंने इसे धिक्कार किया. तो अब बुराईयाँ उस व्यक्ति के लिए होंगी जो इसे खर्च करता है.",1
"मैं वहाँ, बर्निस हो जाएगा।",1
चलो! तुम...,1
"खैर, मैं पूरी तरह से होना चाहता था।",1
"बहू, बेटा।",1
ओह यह ठीक है।,1
और आप हमारी उम्र है. आप हमारी उम्र है.,1
कृपया! मैं Ross की तरह बुरा नहीं हूँ।,0
"अच्छा, तुम मुझे क्यों नहीं बताओ कि तुम क्या होना चाहिए!",0
मैं सार्वजनिक स्थान पर नहीं सो सकता।,1
वे-उन्हें तुम्हारे साथ एक पसंद की समस्या है।,0
तो आप एक-दूसरे को जानते हैं।,1
मेरी बात सुनो!,0
"एक, दो, तीन, चार!",1
"ओह, बहुत प्यारा।",2
"हाँ, यह है जो मैं ड्राइव करता हूँ. मैं एक घंटे में चार डॉलर कमाता हूँ, मैं 350 साल के लिए बचत!",0
"अब शायद आप सिर्फ चाहते हैं कि वहाँ में पूरी बछड़ा है! कौन परवाह है, तुम्हें पता है? अब मैं टांगें है",1
Hey-hey-hey. आप कुछ सुनना चाहते हैं कि शून्य है.,1
"हाँ, और मैं जानता हूँ कि अगर वह आप से पूछता तो आप न कहेंगे, लेकिन मुझे अफसोस है; तुम इस डोना कार्न में गलियारे के नीचे चलते हुए कितना अच्छा दिखेंगे।",1
"मैं एक डॉक्टर क्लिफ हूँ, एक गणितज्ञ नहीं।",1
मैं बस स्नानागार में गया और कैथी नंगे देखा! यह पीड़ा की तरह था!,0
पिज़ा डिलिवरी!,2
तो अगर आप मुझे एक अच्छा प्रभाव बनाने के लिए एक और मौका दें,1
"ओह, यह एक बड़ा बजट अवधि फिल्म इन तीन इटालियन भाईयों के बारे में है जो शताब्दी के अंत में अमेरिका आते हैं।",1
"ओह, और निर्देशक अगले अगले मार्टिन स्कोर्सेस होना चाहिए.",2
अरे! नौका चलाना कैसा था?,2
क्या आप विश्वास कर सकते हैं कि जो एक मूर्ख रोस हो रहा था?,0
उस पर हाथ न लगाओ!,0
"क्योंकि समुद्री घोड़ों के साथ यह नर है, वे बच्चे लाते हैं।",1
इस तथ्य की तरह महत्वपूर्ण नहीं है कि Phoebe ने बच्चों की देखभाल पूरी तरह से स्वयं की।,1
"मैं एंड्रयू हूँ, और मैं इस मोती के लिए भुगतान नहीं किया था।",1
आप बोल रहे हैं।,1
क्या यह मैं वहाँ डाल रहा हूँ कुछ है?,0
क्या मैं मनोविक्षिप्त हूँ? मेरी अपनी टीवी श्रृंखला में नेतृत्व? मैं वर्षों से इस बारे में स्वप्न देख रहा हूँ! मैं क्यों नहीं तैयारी कर रहा हूँ?,2
आराम करो. आप केवल नौ सेंटीमीटर पर हैं. और बच्चा शून्य स्टेशन पर है.,1
मैं एक बड़ा चक्र चाहता था।,1
"ओह हेनी, मुझे बहुत अफसोस है, तुम सही थे, यह बहुत अच्छा लगता है!",2
ठीक है।,1
"हाँ, हम उस पर हिला-हिला. हाँ लेकिन मुझे विश्वास करें कि वह ऐसा नहीं चाहता था कि सौदे पर हस्ताक्षर करना चाहते थे.",1
"ठीक है, मैं इस मिनी-वन में टूटने के लिए जा रहा हूँ और इसे तटस्थ में डालने के लिए जा रहा हूँ।",1
आप मुझे एक सफेद सिनफैन्डल और एक लाल का ग्लास जानिस के लिए मिलेंगे.,1
ठीक है! आप शूकर खोते हैं!! कृपया अभी भी मुझे शादी करें.,2
कै।,1
"वह uh है, वह एक पूरी दूसरी जगह में है।",1
यह,1
येमन के लिए एक टिकट?,1
तो मैं आप के बारे में सोच रहा हूँ। तो क्या?,1
"वास्तव में, मैंने किया!",1
"तो, हमने तय किया है, ब्लैड पर नहीं, गुलाबी पर हाँ?",1
"चंडलर हास्यास्पद, जटिल है, और वह बहुत प्यारी है, एक बार आप उसे जानने के लिए मिलता है।",1
मुझे क्षमा है। मुझे बहुत क्षमा है।,0
वह अभी भी पागल है।,1
"अरे! आप लोग, मैं सभी के लिए छुट्टी गीत लिख रहा हूँ. क्या आप इसे सुनना चाहते हैं?",2
आप क्या सोचते हैं?,2
चलो! आप क्या कर रहे हैं! मैं चरित्र में हूँ! आप उससे बात कर सकते हैं!,0
"मैं अच्छा है, मैं किसी भी नहीं कर सकता, मैं नहीं जानता, फेफड़ों।",1
आप किसी बच्चे को क्या देंगे यदि वह खेलने के लिए टिकट चाहता है?,1
यह काम कर रहा है!,1
ओह!,1
उसने कहा था कि वह सचमुच आप लोगों की याद करेगा.,0
यहाँ से बाहर जाओ तुम छिपे हो!,0
Hey! क्या चंडलर अभी भी आ गया था?,0
ओह नहीं नहीं नहीं।,1
कोई इसे खा रहा है?,1
"ओह मेरे भगवान, प्यारे हम एक साथ होना चाहते हैं. हम दोनों की प्रतियां है",1
प्रतीक्षा करें! ठीक है!,1
"ठीक है, वास्तव में मैं आपके लिए फीब्स के लिए थोड़ा सा बचा गया है.",2
"यह सफेद प्लास्टिक है, एक हैंडल के साथ, और यह एक stroller पर फिट है।",1
"ठीक है, फीब्स: दाहिने हाथ नीली. अच्छा है.",1
"ओह, यह बहुत मधुर है!",2
कौन परवाह करता है? कोई भी उन चीज़ों को नहीं पढ़ता,1
मोनिका जम बना रहा है।,1
"और फिर, और फिर, आप मेरी ओर मुड़कर कहते हैं, “नाह, चलो बस अपने स्थान पर बाहर hang out.” अच्छी तरह से, यह एक अच्छा चाल गूँगा गूँगा था।",2
"ओह, ठीक है, ठीक है. ओले.",1
रिंग की जाँच करें।,2
"Hey Joey, यह बिस्तर है जहाँ ओलिविया ने अपनी कन्यायता खो दी है?",1
"मैं-मैं उसके साथ होना चाहता हूँ, मैं उसे पसंद करता हूँ.",0
"ठीक है, मैं बात नहीं कर रहा हूँ क्योंकि",1
ओह।,0
"hypothetically की तरह, अगर Phoebe मेरा था",1
यह पूरी  platonic बात मुश्किल है।,0
"कुछ नहीं, क्यों?",1
"ओह, तुम उस मोनिका को देखोगे?",2
"आप सही है, मुझे क्षमा है।",0
"मैं जानता हूँ, मैं जानता हूँ! मैं सिर्फ इस एक में नहीं रख सकता है, तो मैं फोन उठाता हूँ",0
तो आप अभी तक घर की याद नहीं हैं?,1
"मुझे अफसोस है कि मैं आपके कल्पित शादी करने में सक्षम नहीं हो जाएगा, लेकिन मैं हूँ",1
"बच्चा...? मुझे क्षमा करें, uh, कि है, कि मेरी puck है।",0
बोट्रोस बोट्रोस गाली।,1
"हाँ, अच्छी तरह से आप कभी भी समय नहीं है. मेरा मतलब है, मुझे लगता नहीं है कि मैं भी एक girlfriend अब है नहीं है, राहेल.",0
तुम्हें पसंद है?,2
"आओ, सुनो.",1
क्या पता है?,1
"अच्छा, तुम ठीक लगते हो।",1
"तुम किस बारे में बात कर रहे हो, रॉस, तुमने अभी कहा था कि तुम इसे दो बार पढ़ चुके हो!",0
"ठीक है... ठीक है, शायद मैं...",2
इसे रोकें!,2
"ओह, निश्चय ही!",2
बेशक वह है!,2
देखो वह कितना चिंतित हो जाता है! हमने सालों से एक साथ नहीं सोया है!,2
"लेकिन यह दूसरा लड़की, ठीक है, वह शहर के ऊपर रहता है।",1
"प्यारे, सचमुच, यह इतना जोर से नहीं दबाओ!",0
"देखो, फीब्स, मैं सिर्फ, मैं, मैं इसके लिए क्षमा करना चाहता हूँ, कहते हैं कि आपका तरीका मूर्ख था और-और शायद तुम्हें मेरे शिक्षक फिर से करने के लिए पूछने के लिए.",0
"चंडलर, तुम एक सेकंड के लिए अपने हाथ उससे दूर नहीं रख सकते हैं!",0
एक परीक्षा?!!,1
200 डॉलर प्रति घंटे के बिजलीघर में काम करने वाले को यह पता नहीं चल सका कि वह क्या करता है।,0
"हं, कुछ लोग एक दूसरे से चीजें खाते हैं।",1
"हाँ, मुझे लगता है कि यह बेहतर था जब आप लोग दुखी थे. හේ, uh, रोलर ब्लेड याद है?",1
"जब वे पर्याप्त रूप से भूखे हैं, वे आएंगे।",1
"मैं, मैं आपको कुछ कहना है.",0
"मैं इतनी देर तक ऐसा नहीं कर सकता, और यह बहुत मजेदार है!",2
"ठीक है, मैं उसे छू सकता है स्थानों से बाहर दौड़ रहा हूँ!",0
धन्यवाद राच।,1
"ओह, और फिर मोनिका हंसा कि वह चंडलर जैसे आदमी के साथ बाहर नहीं जाएगा...",1
मैं नहीं जानता कैसे इनमें से कोई खोला गया था?!,1
"ठीक है, यह अलग है. मेरे झूठ ने हम में से एक 48 राज्यों में एक अपराधी नहीं बनाया. आप क्या सोच रहे थे?",0
यहाँ!,0
"तो चंडलर, मैं-मैं आज रात के पास आना पसंद करता हूँ।",2
डॉ. ओबरमैन।,1
"तो, हम वहाँ जा रहे हैं?",1
"क्षमा करें, मैं कर सकता हूँ, मैं इन में से एक बुम कर सकता हूँ?",1
उन्होंने तुम्हें विभाग का प्रमुख बनाया!,2
"हाँ, अच्छी तरह से, तुम चि चि नहीं जानते थे।",1
क्या! क्या! यह क्या है!,1
"यह बुनियादी बात होगी ‘मैं अपने ब्रुव में एक मछली पकड़ा है और मैं इसे पसंद करता हूँ’ ठीक है, चलो कहते हैं कि मैं सिर्फ़ बुरे समाचार प्राप्त किया है, ठीक है मैं वहाँ सब कुछ करने का प्रयास है और 232 को 13 से विभाजित करने के लिए।",1
"मैं नहीं जानताumm, अगर हम एक-दूसरे से बहुत बांधे थे तो क्या होगा?",2
मुझे दिलचस्पी है।,1
हाँ...,1
"ओह, महान!",2
चॉक वूलेरी?,1
मैं तुम्हें घंटी बजाने के लिए भी देंगे।,1
शांत हो जाओ? शांत हो जाओ? तुम मुझे उस महिला के साथ सेट किया है कि मैं पिछले पांच महीनों में दो बार छोड़ दिया है!,0
आप इसे उतार सकते हैं।,1
ना-अह! Hey कोई अपने कुंजियाँ खो गई है?,1
"और मैं वहाँ जाने के लिए जा रहा था और कह रहा था ‘हाई!’ लेकिन फिर मैंने सोचा, वह तुम्हें लगता है कि अगर वह परवाह नहीं करता है।",2
"ओह, चलो. वह एक व्यक्ति है, तुम यह कर सकते हो!",2
"इसका कारण यह है कि हमारे ब्यांगमेंट पार्टी में वे जिस तरह व्यवहार करते थे, इसलिए उन्हें आमंत्रित नहीं किया गया था।",0
और तुम इतना ध्यान क्यों देते हो?,1
ओह भगवान. तो-तो आप porno चलचित्र बना रहे हैं.,1
"निश्चित रूप से! और अगर यह नहीं है, तो मैं अतिरिक्त टिकट प्राप्त कर सकता हूँ?",2
कुछ गलत है?,1
"ठीक है, अगर आप चाहते हैं, मैं बस-मैं उसके साथ इसे तोड़ देंगे।",1
"धन्यवाद, कोई सुझाव?",1
यह एक उपहार की तरह है।,1
क्या आप सोचते हैं कि मेरी नितली उसके मुंह के लिए बहुत बड़ी है?,1
मुझे लगता है मैं बुक करने में सक्षम हो सकता है,1
"ओह, हे! आपका अडियो कैसे था?",2
फिल!,2
"कि है, कि है, कि एक बड़ा मिठाई बार है. (उनमें से एक पकड़ रहा है उन विशाल",0
जैक?,1
ये पुराने चीजें।,0
आप अभी एक बना रहे हैं!,0
अच्छी तरह से मैं तुम को देखने के लिए सिर्फ इतना उत्तेजित था।,0
देखो?,1
"हाँ, यह एक मूर्ख विचार था।",0
जोय!,0
"तो, हं, तुम ट्रक लाओगे?",1
"अरे! यह बहुत बड़ा है! यह cubicle से बहुत बड़ा है. ओह, यह एक घन है।",1
"जब आप रोजर के बारे में बात कर रहे थे, तो वह मुझे मार रहा था!",0
"हाँ, या, या, या, मिस्स-पीट.",1
कै!,1
राच क्या हो रहा है?,2
"ठीक है, आप जानते हैं क्या, आप अब ऐसा करने के लिए नहीं है।",1
"ठीक है. देखो, मैं यहाँ जाने के लिए जा रहा हूँ, और तुम मुझे कभी भी कुछ नहीं खरीदते.",0
"तो जो लोग मेरे पहले हमारी शादी के बारे में जानते थे वे थे, Phoebe और रेशेल, हेल्डी, और लगता है कि कुछ स्टारलाइट मैजिक 7 नाम के बैंड जो इस तरह उपलब्ध हैं!",0
तुम मोनिका या राहेल के साथ कौन सोओगे?,1
"सिर्फ एक आखिरी सवाल हं, आप और अपने दोस्तों यहाँ हमेशा पार्टी करने और बाहर hanging की तरह हो रहे हैं?",0
"Either they’re too old, or they’re too young, and then there’s Pete who’s-who’s crazy about me, and who’s absolutely perfect for me, and there’s like zip going on!",0
"जब हम गाते थे तो मैं सचमुच प्यार करता था, और मैं तुम्हें ऐसा नहीं छोड़ना चाहिए था।",1
"अब देखो, Phoebe याद है, hey, उनके बस अपने क्रिसमस पूरा करने के लिए....",1
हम फिर से कमरे बदल रहे हैं।,0
"ओह अच्छा, ठीक है, मैं अब इसे नहीं ले सकता।",1
"हमने कहा था कि यह सिर्फ दो सप्ताह होने जा रहा था, तुम्हें पता है?",1
क्या आप जानते हैं कि मेरे पास विद्यार्थियों से भरा एक कक्षा है?,0
मेरा मतलब यह है कि आपको इस ग्रामीण इतालवी संस्कार का आयोजन करने की जरूरत नहीं है।,1
उसका नाम क्या था?,1
"जोय की क्या गंध है? नहीं, मैं मुश्किल से यहाँ पर यह गंध कर सकता है.",1
"ओह, हम बच्चे के लिए पलटने जा रहे हैं?",1
"निस्संदेह, मैं खराब हो गया था।",0
"ठीक है, मैं अगले सबसे अच्छा चीज़ लाया।",1
कहाँ?,1
"तुम उसे कह दो, जैक, मैं यह नहीं कर सकता।",0
"देखो, वह एक महान आदमी है और मैं उसके साथ रहना पसंद करता हूँ लेकिन... तुम जानते हो.",2
धूम्रपान नहीं।,0
ओह.. कृपया! मैं आलोचना की सराहना करता हूँ।,1
तुम पागल हो।,0
"क्या, Phoebe, तुम आलू को पिघलाया था? रोस को टुकड़े की जरूरत है!",0
वह सिर्फ एक दोस्त है और इतना ही है!,0
"अच्छी तरह से, मैं-मैं अपने पेट में इस अंधापन दर्द था जब मैं पहले वजन उठा रहा था, तो मैं uh बाहर हो गया और uh, अब तक खड़े नहीं हो सका है.",0
वापस आपका स्वागत है!,2
"ठीक है, हम बात करने के लिए है. मैं सिर्फ एक बहुत गंभीर संबंध से बाहर निकल रहा हूँ",0
"यह सही है, और यही कारण है कि हम आज हनुका मना रहे हैं. अंत.",2
तो यह कौन है?,1
श्श.,1
तू कुत्ता!,2
"वह अंदर है! ओह, क्या तुमने सुना है, मार्सेल? सैन दीगो. सैन दीगो!",2
नहीं! ऐसा मत कहो! ऐसा मत कहो!,0
"अरे, आप जानते हैं, मैं आप लोगों और आपके कैंसर और आपके emphysema और आपके हृदय रोग के साथ यह किया है।",0
"हाँ, कृपया।",1
हमें निःशुल्क चीजें नहीं मिलनी पड़ेंगी।,0
यह यहाँ एक ज्वालामुखी की तरह है!,1
"ठीक है, हाँ, तो यह काम करने के लिए नहीं जा रहा है।",1
बच्चों को ड्रग्स बेचता है।,0
यह आने वाले दोस्त के लिए है।,1
चंडलर अद्भुत है!,2
ओह चलो! यहाँ हम जा रहे हैं! मिशन गणना करने के लिए तैयार है!,2
"ओ मॉन, मैं बहुत जोर से हंसा",2
"ओह, यह बहुत अच्छा है! कितना अच्छा है! अच्छी तरह से, कहाँ? यात्रा कहाँ है?!",0
"यह बहुत असुविधाजनक था, हम वास्तव में चिंतित थे।",1
"एक ऐसे आदमी से मिलना बहुत अच्छा है जो बुद्धिमान और हास्यास्पद है, और उसके बाद भी भावात्मक आयु है, जैसे आठ साल।",2
"क्या, क्या, क्या!",1
"देखो, देखो, वहाँ एक तरीका है कि हम इस से बाहर काम कर सकते हैं।",0
यह एक चार है।,1
"Uh, सेक्स.",1
"ओह, मैंने सोचा था कि तुम  Lambs की Silence में महान थे. ओह चलो, यह स्वीकार करो! सभी बातों पर विचार करते हुए, तुम आज रात खेल रहे थे.",2
आसान है।,1
मुझे विश्वास नहीं है कि उसने ऐसा किया।,1
ओ ड्रेक।,2
"हे, फीब्स?",1
"मैं इस पर विश्वास नहीं करता! जब कोई आपको लिमोनाड के लिए पूछता है, और आपके लिए इसका मतलब है कि वे सेक्स करना चाहते हैं?",0
कृपया!,0
अब कि राहेल गया है?,1
लेकिन मेरा घर!,1
"ओह, मुझे क्षमा करें. मैं अपने बर्टकास भूल गया था आप जानते हैं, दुर्घटनावश.",1
"क्यों, मेरे स्नानागार के फर्श में क्या गलत है?",1
"ठीक है, तुम और मैं सिर्फ चारों ओर जा रहे हैं, मैंने सोचा, क्यों नहीं उसके साथ चारों ओर जा रहे हैं।",1
वे बाहर क्या कर रहे हैं? तट की पूरी तरह वहाँ पर है.,1
"ठीक है, मैं जानता हूँ! मैं जानता हूँ. हाँ, यह ठीक होगा.",2
ठीक है आदमी.,1
"कांग्रेस एक नया घाटा कम करने की विधेयक पर बहस कर रही है... मेयर सबवे फीस फिर से बढ़ाना चाहता है... आज उच्च 45 था... और-ओह, टीमों ने खेल खेला.",1
"ठीक है, बस, बस मनोरंजन केंद्र ले लो, और फिर जब आप घर पहुँचेंगे, कैनो दूर फेंकें!",1
"हं, ठीक है, ठीक है, देखो.",1
क्या? क्या रहस्य? तुम रहस्य जानते हो? वे क्या हैं?,1
क्या आप जानना चाहते हैं कि जब वह रिचर्ड के साथ अपने भोजन से वापस आया तो उसने पहली बात कही थी?,1
"ओह, इसके सामने एक टूटी अंग के साथ एक पेड़ भी है और ओह, छत में खिड़की है... ओह, मेरे भगवान!",1
चट्टान से ऊपर होना और उसके नीचे गाडना अच्छा होता है।,1
मैं घर में पांडु की अनुमति नहीं देता इसलिए यह उनके लिए एक छुट्टी की तरह है।,2
क्या आप गंभीर हैं?,1
"ओह, तुम सबसे अच्छे दोस्त हो जो किसी को कभी मिला है।",2
शशश!,1
कौन? तुम कौन जानते हो कि सिर्फ दोस्त हैं कि चारों ओर मूर्ख?,1
जन्म तिथि?,1
"क्या?! सभी के साथ क्या है? यह धन्यवाद है, नहीं... सत्य दिवस!",0
"मेरा मतलब है, पिछले साल, मैं थोड़ा आनंद फैला लेकिन वास्तव में पर्याप्त नहीं है।",2
"हम बस उस जगह में नहीं हैं, पता है? लेकिन हम इस के बारे में बहुत उत्साहित हैं.",1
लेकिन मैं हैसियत रखता हूँ!,1
हेलो प्यारा।,1
"ओह, नहीं, नहीं, नहीं, नहीं, नहीं. आप जानते हैं क्या, वह अब उस चीज़ में नहीं है. उसने मेरे लिए छोड़ दिया.",1
ओह! मैं जानता था! मैं जानता था! मैं आज सुबह सचमुच मोटा महसूस किया।,2
क्या आप शनिवार को मुलाकात करना चाहते हैं?,1
क्षमा करें. गलत बोबीज़.,0
"ओह, और उसे इतनी अच्छी दिल है! क्या उसके पास अच्छा दिल नहीं है?",2
चुप रहो!,0
और आपके विवाह पर भी बधाई।,2
क्या?,1
प्लास्टिक आवरण के नीचे एक रिसेट बटन है।,1
ग्लेन के बारे में क्या? वह एक ग्लेन हो सकता है.,1
चंडलर!,1
"हं, मैं तुम्हें पसंद करता हूँ।",0
"ओह, मैंने सोचा कि वहाँ एक दर्पण था. ठीक है, बाई-बाई.",1
"हाँ! अरे, मोनिका और राहेल वहाँ काम करते हैं?",1
"वास्तव में, एक सबसे पहले बातें वे आप को अग्नि स्कूल में सिखाते हैं... उह... उह... ठीक है.",1
यह ठीक है।,1
क्या आपके शरीर के प्रति कोई सम्मान है?,0
मुझे दूध चाहिए।,1
$500 कि बिजली की एक loooot है!,2
blackout के दौरान? वह trampled हो जाएगा!,0
यह बस एक बेंड-एड निकालने की तरह है।,1
ओह! यहाँ हम,0
वे चाहते हैं कि मैं फिल्म में पूरी तरह नग्न हो जाऊँ!,1
मैंने सिर्फ डैनी को एक लड़की के साथ सबवे पर जा रहा देखा था और उसके चारों ओर उसका हाथ था।,0
"ओह, बछड़ा लगता है कि मोनिका सोचता है कि मुझे कूड़ा मिल गया है! हम्म, मैं क्या मैं कूड़ा के रूप में अच्छी है कि मोनिका मिल सकता है क्या सोचता हूँ?",0
"हाँ, ठीक है।",1
"सुनो, क्या आप मुझे वायदा कर सकते हैं कि आप उसे नहीं कहेंगे?",0
जैसे मेरे पास इससे बेहतर कुछ नहीं है!,1
: तुम क्या कर रहे हो?,1
इसे यहाँ पर सेट करें और फिर आप योगदान कर सकते हैं!,0
"चार अक्षरः ""कोष्ठ या चक्र"".",1
"नमस्ते और ईश्वर की गति, होप ब्रैडी.",1
"अरे, यह यहाँ तक पूरी तरह से करने के लिए कभी नहीं जा रहा है, दोस्त!",0
"नू, नू. इसका मतलब क्या है? क्या आप, मेरा मतलब है, आप वापस एक साथ मिलना चाहते हैं?",1
अरे! अगर सिर्फ ज्यादा लोग जानते।,1
मैं सैर करना पसंद करता हूँ!,2
हाय.. खेल कैसे था?,1
Nngghhh!!!!!!!,0
यह कोई रहस्य है या झूठ?,0
"आप समझ नहीं लगते. देखो, मैं डॉ. ड्रेक रेमोरे था.",1
"नहीं नहीं, कैथी।",1
"हाँ, अगर यह वास्तव में कुछ भी नहीं मतलब है, क्योंकि आप जानते हैं कि मैं सिर्फ तैयार नहीं हूँ",1
क्या तुम उस लड़की के साथ नहीं है वहाँ?,1
"आप क्या करते हैं, आप क्या चाहते हैं?",1
आप हमारे टीम में उसे जोड़ने के बारे में क्या सोचते हैं?,1
"मॉन, मैं नहीं समझता।",1
यह काफी स्पष्ट है।,1
क्या है प्यारा?,2
basically this is the first time she's gonna see your underwear—you want it to be dirty?,1
"वेयल, यह रॉम है, और-",1
"नहीं-नहीं, यह यहोशू नहीं है।",0
"ठीक है ठीक है, मुझे लगता है कि मैं एक नौकरी पाने के लिए जाना है. मैं अपने एजेंट देखने जा रहा हूँ जा रहा हूँ.",0
"अच्छी तरह से, मुझे लगता है कि फर्नीचर का टुकड़ा ठीक था जब तक कि एंजेला Delvecchio के साथ आपकी छोटी breakfast adventure",0
मेरे गले में सीमित सेटिंग. चलो देखते हैं जो कट किया है. नमस्ते!,0
यहाँ तुम जाओ।,1
है?,1
"10, 20 मिनट भी अगर आप इसे चाहते हैं।",1
"ठीक है, मैं नहीं जानता था कि आप ऐसा कहेंगे।",1
ऐसा करना चाहिए।,1
"ठीक है, यहाँ आने वाले की एक अनुसूची है।",1
शायद एल. ए. में?,1
"खैर, हं, मेरी माँ का दोस्त, Phoebe, वास्तव में मेरी जन्मी माँ है.",0
लेकिन वहाँ शायद 30 लोग आपके नीचे होंगे तो आप उन पर एक निश्चित मात्रा फेंक सकते हैं।,1
"hey, जोय. क्या हो रहा है?",1
"ठीक है. हम रूट 27 पर एक विश्राम स्टॉप पर हैं. ठीक है. कोई रूट 27 नहीं है. ठीक है, 93 या 76?",1
"और हम बाहर जाने जा रहे हैं, हम एक अच्छा समय करने के लिए जा रहे हैं, और बच्चे के जन्म और सी-सेक्शन और-और विशाल बच्चे के सिर फैलाने से अपने दिमाग को हटाने के लिए जा रहे हैं",2
"एह, पट्टी कसने के लिए है, पट्टी बदलने के लिए.",2
"ओह भगवान, उन्होंने हमें बताया कि यह मसकोट के लिए था!",1
"वास्तव में, कल रात की तरह कैसे रात चलती है पर निर्भर करता है।",1
मांस की इच्छाएँ,1
ठीक है. लगता है कि आप खुद एक छोटा नाटक लिख रहे हैं वहाँ राच. अरे! मुझे पता है कि कैसे कि एक बाहर निकलता है।,2
"मेरा मतलब है, गंभीरता से, यह लगता है कि मेरे साथ कुछ गलत है?",0
"ठीक है, मैं यहाँ से बाहर हूँ!",0
ओह हाँ? क्या उसने पुराने को निकाला था,1
Hmmm... यह बहुत अच्छा है।,2
कोई भी नहीं!,0
"आप जानते हैं, हम कल्पना करने के लिए नहीं है।",1
शायद किसी स्तर पर।,1
जेसन कोई बेवकूफ नहीं है!,0
"ओह-नहीं-नहीं, मैं तुम पर हाथ नहीं था महिला।",1
बस उसे एक गेंद खेल या कुछ पसंद करने के लिए ले जाओ।,1
वहाँ कोई संदेश नहीं है कि तुम मुझे देने के लिए भूल गए हैं वहाँ हैं?,1
लेकिन थोड़ा गारंटी मिलना अच्छा होगा।,1
कौन के साथ बाहर जा रहा है?,1
"हाँ, बड़ा पंखा.",1
स्पष्ट रूप से हैवी अब संपादन कर रहा है।,1
"यहाँ मेरे पास आओ. नहीं-नहीं, तुम यहाँ मेरे पास आओ.",1
"ओह, यहाँ वह trench-कोट है कि आप चाहते थे।",1
धन्यवाद. धन्यवाद. धन्यवाद! और,2
नू..,0
मैं जानता हूँ!,0
"मैं नहीं जानता. आप uh, आप मेरे लिए कुछ मिला है?",1
"अंतिम बार जब मैं ऐसा करता हूँ, मैं वचन देता हूँ।",1
"ओह, वास्तव में मुझे कुछ योजनाएं हैं।",1
यह मत कहो।,0
"उर्सुला! प्रतीक्षा करो! अर-अर, यह मैं हूँ! Phoebe!",1
Uh-oh-okay. Uh-oh-okay. मैं जानता हूँ आप सब क्या सोच रहे हैं. लेकिन चंडलर में है,1
बुनियादी बात यह है कि धूम्रपान अच्छा है और आप जानते हैं।,1
"रॉस, तुम्हें पता है अगर कभी आप तय करने के लिए आप redecorate की जरूरत है-और मैं सोचता हूँ कि आप करना चाहिए।",1
तो आप क्यों जवाब दे रहे हैं? कम से कम आप जानते हैं कि हम किस रास्ते पर हैं?,0
कृपया!,0
"और फिर रॉस और राहेल से चुम्बन करते हैं, और अब रॉस को राहेल और केशरहित लड़की के बीच का चुनाव करना पड़ता है और मैं भी नहीं जानता कि वहां क्या हुआ...",1
यह होम ईसी कक्षाओं में से एक के लिए एक परियोजना थी।,1
तुम ऐसा क्यों करते हो?,2
"ठीक है, कल रात मैं संग्रहालय छोड़ रहा था जैसे ‘लेसर फ्लोइड’ ग्रहालय से बाहर निकल रहा था, मैंने 50 बॉक्स बेचने की कोशिश भी नहीं की!",2
"Hey, uh-hey, क्यों हम तुम पर कुछ जूते नहीं मिलता है, हू?",1
"ओह, अच्छी तरह से वह yummy है. हम एक छोटा-सा चुंबन किया '।",2
"हाँ, हम दोनों भाग के लिए ऑडिशन किया, और ओह, जैसा कि यह पता चला, वे आह, वे मूर्ख गे बात पसंद किया और उसे रंगमंच।",0
क्या पता है?,1
ऐसा लगता है जैसे हम पिता और पुत्र हैं।,2
मैं ईमान नहीं ला सकता मैं अभी भी नहीं पता क्या हुआ है,1
"हाँ! ठीक है, यहाँ तुम जाओ।",2
"ओह, मैं यह अकेले नहीं कर रहा हूँ। मैं Ross है।",1
तुमसे क्या हो रहा है?,1
"ओह, आप इसे पसंद करते हैं? आप जानना चाहते हैं कि मैं इसे कहाँ पाया है?",2
पकड़ो!,0
मैं-मैं-मैं अगले नौ महीनों के लिए आपके गर्भाशय होने की उम्मीद करता हूँ।,2
"ओह, मेरे दिमाग में उसने कुछ बहुत ""न-gay-बदनाम"" किया है!",1
कृपया मुझे बताओ कि आपको संदेश मिला है!,0
लेकिन मैं अभी भी हमेशा इस तरह वापस आएगा।,1
क्या यह चंडलर और उस सोक के साथ है जो वह अपने बिस्तर के पास रखता है?,1
"नहीं कि मैं क्या चाहता हूँ नहीं है। Uh, मुझे खुशी है कि तुम लोगों ने बंधे हुए थे लेकिन मैं",1
"ओह नहीं यह नहीं है, नहीं है यह नहीं है. यह एक पहली तारीख है. मैं हूँ",0
तुल्सा इटली है-कृपया मुझे वहां जाने के लिए मजबूर न करें!,0
Hey! क्या आप नर्सिंग का पुनः प्रयास करने के लिए तैयार हैं?,1
"चलो, मुझे एक अच्छा कारण दीजिए कि तुम क्यों नहीं जाना चाहते।",1
भवन के लिए बिजली की योजनाएं।,1
"नहीं-नहीं, यह मेरे खनिज नमूने का संग्रह है।",1
मैं 40 साल की उम्र में शादी क्यों नहीं करूँगा?,1
क्योंकि जब तुम और मैं शिशुओं को जन्म देंगे तो ऐसा ही होगा!,1
"ओह, और यह बहुत अच्छा है इस छोटी sink यहाँ है...",2
"यह एक गलती थी. कृपया यह कुछ भी मतलब नहीं ले, क्योंकि यह नहीं है.",0
"हाँ, अब, आप अपने आपको क्यों मारना चाहते हैं?",0
यह देखो।,1
"ओह, जोय के पास सबसे अच्छे दोस्त हैं!",2
या फिर कोई फर्क नहीं पड़ता।,1
यहाँ तुम पीहब्स जाओ. अन्य कौन मेरी विशेष homemade ब्राउनी से एक चाहता है?,1
"अरे भगवान, छोटा स्टीवि फिशर? तुम कैसे रहे हैं?",1
"क्षमा करें, मिश्रित. अरे, कैसे फिल्म थी?",1
"ठीक है, मैं महसूस कर रहा हूँ कि यह किसी तरह की शब्द खेल है, क्योंकि आप मुश्किल से नियंत्रित आनंद के साथ गुलाबी हैं।",1
"अच्छी तरह से, कम से कम आप पहली बार अपने पांचवें ग्रेड हैलोविन पार्टी में यह नहीं सुन रहे हैं।",0
"ओह, मुझे कल पोस्ट के मुखिया पृष्ठ को पढ़ने की प्रतीक्षा नहीं है।",2
"ठीक है, ठीक है, अगर आप इस पर जोर देते हैं, कम से कम मुझे आप की मदद करने के लिए।",0
"मुझे अफसोस है कि तुमने अपना पैसा खो दिया, लेकिन मैं यह उचित और वर्गाकार जीत लिया।",2
"ओह, वह अंधेरी तारीख थी कि मैं तुम्हें बताता था कि, उसने फोन किया और इसे आज में बदल दिया।",1
"इसे छोड़ दो, रोस.",1
"ठीक है, लेकिन अगर आप ऐसा करते हैं, यह सुनिश्चित करें कि ऐसा लगता है कि आप उसे देखने के लिए वहाँ हैं, ठीक है, और आप यह मेरे लिए एक सौभाग्य के रूप में करने के लिए नहीं कर रहे हैं।",1
आप एक बैकअप मतलब है?,1
सचमुच! हम कैसे रास्ते पार नहीं किया?,1
"फेब्स, अगर मैं उसे कभी नहीं मिला होता तो ऐसा कभी नहीं होता!",1
मैं यह यहाँ से देख सकता हूँ। यह एक पति तुम्हें लागत है।,2
मेरा हाथ पकड़ो।,1
"ठीक है, ठीक है...",1
कृपया... जाओ! बस मुझे बताओ अगर आप एक हाथ की जरूरत है!,1
है guys. मैं आज सुबह से आप को नहीं देखा है.,1
यहाँ तुम जाओ Phoebe! यहाँ तुम जाओ Phobo! Phewbedo! Phaybobo.,2
आप से भी मिलना अच्छा है।,1
और इसके बजाय मेरे माता-पिता ने मुझे यह छोटा प्लास्टिक चिकन दिया है कि आप चक्कर लगाते हैं।,0
"अच्छी तरह से जोय, हम सभी... हम सभी तुम पर बहुत गर्व है।",2
"वहाँ सिर्फ एक औरत था, वहाँ नहीं था?",1
क्या रात रात हो सकती है?,2
Hey everybody!,1
R-R-Richard ने कहा कि वह आप से शादी करना चाहता है?! और-और चंडलर तुमसे कह रहा है कि वह विवाह से कितना बुरा है?!,1
"हाँ, यह एक है. सुनो, मैं उसे हानि नहीं करना चाहता.",1
आप?! और-और आप?!,1
छोड़ो!,0
आपका ZOO बिल्कुल कहाँ है?,1
"हम खेद है, प्यारे, लेकिन हम सिर्फ यह मान लिया था कि अगर आप 30 वर्ष की आयु के बाद शादी करते हैं तो आप इसके लिए स्वयं भुगतान करेंगे।",1
"ओह, मैं कि उसके लिए मिला।",1
"वे इतने सजावटी और सुंदर थे, मेरा मतलब यह है कि देखो!",1
"जोय, आपका काबल बाहर क्यों है?",0
"चलो, श्री राहेल!",2
क्या मैं एकमात्र हूँ जो यह नहीं सोचता कि वह गर्म है? Ross?,1
"ओह, मुझे खेद है. मैं भूल गया था कि आपके पास सारा Rachel बात थी.",1
"हाँ, Ross महान है।",1
यह किसकी है?,1
क्या हम इस दृश्य को पूरा कर चुके हैं?,1
बैठो।,1
"और तुम्हें पता है क्या, मैं अभी समझ गया है, पिछले साल मैं सिर्फ दो आदमी, रिचर्ड और जुलिओ के साथ बाहर गया है.",1
मुझे विश्वास नहीं है कि तुम उससे शादी कर चुके हो।,1
अंत।,1
जी. आई. जो,1
"मुझे लगता है कि मैं अपने आप की देखभाल कर सकता हूँ, मैं बाद में आप से बात करूँगा।",1
मुझे लगता है कि यह सबसे अच्छा है।,1
मुझे याद है जब हमने पहली बार शादी की थी।,2
"ओह अच्छा, ओह जोय और चंडलर वापस हैं।",2
क्या? छत में खिड़की के लिए क्या हुआ?!,1
"पता है, मैं वास्तव में उसे नहीं जानता।",1
"मैं तलाक़ दे चुका हूँ, और मुझे एक बच्चा है!",2
"ओह, चलो! राच, यह-यह इतना बुरा नहीं है।",1
रोस!,0
"तो चंडलर, आपके माता-पिता को बहुत खुशी होगी जब तुम उन्हें बताया गया था कि आप engaged थे.",2
"भगवान, वह अच्छा है।",2
मैं सिर्फ सोचा कि अगर मैं तार का अनुसरण कर सकता हूँ तो मैं पता चल सकता है कि यह क्या करता है।,1
"अच्छी तरह से, शायद हम फिर से पहचानने के बाद uh, आप मुझे कर सकते हैं।",2
"मैं नहीं जानता, साफ जगहें?",1
आप निश्चित हैं?,2
"ठीक है, और-और मैं वचन देता हूँ कि मैं तुम्हें सुरक्षित और गर्म रखता हूँ जब तक आप तैयार हैं कि वे तुम्हें घर ले जाएँ, तो... ओह!",2
"रॉस, धन्यवाद. अरे, आप लोग एक फिल्म देखने के लिए जाना चाहते हैं?",1
पता है क्या काम करेगा?,1
"माँ, चलो, चिंता करना बंद करो.",0
मैं लंग आइलैंड से हूँ।,1
क्या हम इस बारे में डिनर के दौरान बात करते हैं?,1
निश्चय ही मैं करता हूँ! और मैं इसे तुम्हें वापस देने के लिए जा रहा हूँ जैसे ही वे इस कुंजी चमकी हुई जगह से कर रहे हैं।,1
"इसके अलावा, तुम जानते हो मैं तुम लोगों को प्यार करता हूँ और-और यह वास्तव में मेरे लिए बहुत कुछ मतलब होगा।",2
"देखो, मेरी सारी चीजें सुरक्षित और सूखी हैं और उसकी सारी चीजें नई चीजें उग रही हैं!",0
मुझे अपना पाकीज़ा दे!,0
"हे, श्री ट्रिब.",1
"हाँ लेकिन जब आप ने कहा था कि यह ठीक है, तो मैंने सोचा, ""क्यों नहीं?!""",2
मुझे लगता है।,1
अब मैं सावधान होना चाहिए?,0
"धन्यवाद, लेकिन मैं एक तरह से एक समस्या यहाँ से निपटने के लिए है।",0
वे अच्छे आदमी हैं।,1
हाँ! ओह!,2
बाहर जाओ!,0
"हाँ, हम जा रहे हैं।",1
"ओह, हाँ! बहुत धन्यवाद! ओह, यह-यह वास्तव में फ्रांसीसी इसे पीते हैं।",2
सुबह!,2
मैं उसे बता सकता हूँ कि मैं कैसे महसूस करता हूँ।,1
"हाँ, ठीक है।",1
"और यह सब तुम्हारे कारण है, अद्भुत, अद्भुत आप।",2
"हाय! हाय, मैं रोस हूँ, आप मुझे नहीं जानते हैं, लेकिन मैं एक बड़ा, बड़ा तुम्हारा फ़ैन हूँ. मेरा मतलब है,",2
"तो तुम यहाँ क्या कह रहे हो? मैं फिर से शौहर करना चाहिए, कुछ शराब उठाना, क्या?",1
"सुनो, रॉबर्ट यहाँ किसी भी सेकंड में होगा तो, आप में से एक तो बस उसे बता देगा?",1
"कोई खिलाना नहीं है, hmm.",1
ओह।,1
"हाँ, टोस्ट, ऑटमील... कुछ भी नहीं जो फटता है.",1
आह!,0
"राहेल, यह आपका घर है।",1
"ओह, तो नहीं।",1
"Hey! मैं, वे मुझे ऑडिशन करने के लिए जाने जा रहे हैं में हूँ!",2
ओह हाँ? अगर आप मुझे आप और टोपी के बीच चुनने के लिए जा रहे हैं? मैं टोपी चुनता हूँ.,1
"क्या आप, जैसे, यह एक साथ खरीदने का मतलब है?",1
क्या आप गंभीर हैं?,1
"उम्, यह ठीक है! ठीक है. ठीक है. अब हम एक धार्मिक आदमी की वीर्य की जरूरत है.",2
हा-हा!,2
"ठीक है, लेकिन अगर वह पूछता है, मैं झूठ नहीं कहूँगा।",1
लेकिन तुम जानते हो क्या?,1
": हाँ, अच्छी तरह से तुम्हारे दोस्त इस का उल्लंघन कर रहे हैं।",1
यह शक्ति है कि आप अंदर है कि मेरे लिए सबसे अधिक मतलब है।,2
"हाँ, और वह बहुत मददगार है।",1
क्रैप!,0
"देखो, इसके बारे में भूल जाओ, ठीक है?",0
"मैं करता हूँ! एक संकेत चाहता हूँ? हू? ""मैं करता हूँ"" ""मैं करता हूँ"".",2
वह सो रही है।,1
"भगवान, आपको मुझे बताना है कि कल क्या होगा!",2
"अरे, मैं एरिक हूँ, मैं चंडलर के नए कमरे में पड़ोसी होने जा रहा हूँ।",1
"खाली Vase आप के बारे में नहीं है. मेरा बच्चा, आप मुझे इतना दुख देता है कि आप यह सोचेंगे.",0
"यह सिर्फ उसके पानी टूट रहा है. शांत हो जाओ, आप कर सकते हैं?",1
नहीं... पर्याप्त विशेष नहीं है.,1
हाँ और हम इसे नीचे नीचे छोड़ देंगे ताकि हम आकर्षित नहीं होते।,1
"ओह, जोय, मेरे पास एक ऐसी समस्या है!",0
मैं एक कार्ड ले जाऊँगा।,1
"नहीं, नहीं, मेरा मुंह शब्दों को कहता है, मेरे दिमाग में राक्षस ट्रक सोच रहा है!",1
मैं भी नहीं! हमें अंदर जाना है!,1
हम एक दूसरे की मदद कर सकते हैं!,2
ठीक है.,1
"क्षमा करें, यह वाश था।",1
और बीच में आप उसे ड्राइव करने के लिए बेहतर है. क्या उसके पास लाइसेंस है?,1
"राच, तुम ठीक हो?",1
क्या आप निश्चित हैं?,2
रेड रोस! ठीक है।,2
मैं एक साइकिल पर सवार था!,2
"हाँ, यह हमारे कैटरिंग व्यवसाय के लिए है!",2
नहीं हम,1
ठीक है सभी! हर कोई अनुमान क्या है? मैं सिर्फ पॉल हमें अगले सप्ताह एक परीक्षा देने के लिए आश्वस्त किया!,2
सही है. रेचेल दावा करता है,1
मेरे पास एक सवाल है।,1
मिस्टर मेजर कैपेड्स आदमी.,1
"ठीक है, इसलिए आप नहीं चाहते थे कि मैं उसे छूना ठीक है?",1
"आप यह करते हैं, आप मुझे महान सलाह देते हैं, और हे सुनो, मैं सोच रहा था कि क्या आपने कल एक महिला पर ध्यान केंद्रित करने के बारे में कहा था, मैं ऐसा करने के लिए जा रहा हूँ।",2
क्या तुम मुझे हॅसी कर रहे हो?,0
"और वहाँ, वहाँ जगहें हैं कि तुम उन चीज़ों को प्राप्त करने के लिए जाना जा सकता है।",1
मैं भी! उनके लिए बहुत खुश हूँ!,2
गर्म दूध और,1
अफ़सोस क्यों है?,1
"जोए, उस कागज की एक साल की तरह है!",1
"अच्छा लगता है, हं?",0
अरे. लेकिन अभी भी नहीं.,1
ओह. ओह-ओह.,1
"ठीक है, मैं तुम्हें कल देखता हूँ!",2
और आप का वायदा है कि आप इस पर तुरंत ध्यान दिया जाएगा?,1
"ठीक है, तो अगर एक आठ ऊपर आता है, हम इसे एक चिह्न के रूप में लेते हैं और हम करते हैं!",2
कुछ भी नहीं।,1
तुम कैसे हो रहे हो?,1
"ठीक है, देखो, मैं गंभीर हूँ, ठीक है? कल 3:30 मैं अदालत में नीचे जा रहा हूँ।",1
"हाँ, यह है।",1
"नहीं, नहीं, बिल्कुल नहीं, यह-यह हास्यास्पद है।",0
ओह! ओह! ओह!,1
"तुम उस किताब को उन दो महिलाओं के साथ पढ़ रहे हो, जो बर्फ से स्काटिंग कर रहे थे और पहन रहे थे, उन फूलों के साथ उन टोपी पहन रहे थे?",1
देवियो? रोस का भाषण 45 मिनट में होगा.,1
लगभग उसी तरह अच्छा है जितना कि सीन-सा पर दो नंगे लड़कियों के साथ खेलना है।,2
"आप जानते हैं तो हं, वह वहाँ drapes बंद कर दिया है तो वह अपने छोटे बहन के साथ एक अच्छा, सुखद वार्तालाप कर सकता है।",1
मैं-मैं-मैं दस साल से उससे बात नहीं की है और वह मुझे एक फ़रियाद के लिए पूछता है।,1
"तुम्हें पता है क्या, मैं इस बारे में आप से इतना अधिक बात करना चाहता हूँ, लेकिन हम शायद ऐसा करना चाहिए जब हम वास्तव में इसमें प्रवेश कर सकते हैं, आप कल रात भोजन के लिए मुक्त हैं?",1
या नहीं.,1
ठीक-ठीक यहाँ ऊपर।,1
मैं क्या करूँगा?,0
"ओह, मुझे क्षमा है, कि आपके टोकरी है? यह वास्तव में बहुत सुंदर है. दुर्भाग्यवश, मैं suds नहीं देखता.",0
"यह सही है रोस, मैं तुम्हें अपने नए फ्लैट में देख सकता हूँ!",1
पुरातत्वविज्ञान के बारे में।,1
यह तुम्हारे साथ हुआ है?,1
तुम क्या कर रहे हो?,1
"क्या पता है? वह हमसे नाराज होने के बारे में बात नहीं करना चाहता था, ठीक है, शायद हम उससे बात नहीं करते हैं",0
जोसेफ फ्रांसिस ट्रिबिआनी क्या आप अभी घर हैं?!!,1
मैं एक विदेशी हूँ। मैं एक विदेशी हूँ।,1
"मैं जानता हूँ, मुझे क्षमा है! लेकिन तुम जानते हो, यह रिंग बेहतर है! मोनिका कभी भी दूसरा रिंग नहीं देखा।",0
"मुझे आप से कुछ पूछना है, क्यों जब मैं आपके कंप्यूटर समर्थन लाइन को बुलाता हूँ, मैं एक घंटे और आधा प्रतीक्षा करना है?",0
मैंने उससे पूछा।,1
मेरे भगवान. ठीक है. हा-हा-हा तुम से पिट! शूकर!,1
एचएम-एमएम,1
क्योंकि तुम उसके साथ नहीं होना चाहिए. तुम मेरे साथ होना चाहिए.,0
"यह कैसे हुआ, कैसे हुआ?",1
ठीक है!,1
मुझे लगता है कि चेक इन इस तरह है।,1
लेकिन,1
आओ.,1
वह मुझे हिलती है।,2
रोस ऐसा क्यों कर रहा है?,1
यह सिर्फ ड्रम शोर नहीं है।,1
आप कमरेmate खोज को बंद कर सकते हैं! मैं यहाँ रहने जा रहा हूँ।,2
"सचमुच, आप इसे कैसे देख सकते हैं?",0
"ओह, एक कमरा ले जाओ।",0
आह!,1
हाय! मुझे देर हो गई है। क्या तुम सो रहे थे?,1
क्या पता है? इसे भूल जाओ!,0
देखो!,0
"सचमुच, मैं, नहीं, मुझे लगता है कि लड़कियों की रात बाहर एक महान विचार है।",2
"ओह, अब, उसे नहीं सुनो, फीब्स, मुझे लगता है कि यह प्रिय है।",1
आह?,1
ठीक है. इसे फिर से करते हैं.,1
मैं अभी वहाँ जाकर उनके सामने जा रहा हूँ!,0
"ओह. ओह, क्या-क्या-क्या मैंने तुम्हें जगाया?",1
"लेकिन मुझे विश्वास करें, कि आज नहीं होने जा रहा है।",1
"ओह, मैं इस कहानी से नाफरमानी करता हूँ।",0
यह मेरा काम है!,0
Phoebe!,1
क्या मेरे बच्चे को उसका चाचा जोय होगा?,0
"अगर यह दूसरी इमारत में होता है कि मैं प्रबंध करता हूँ, लोग सवाल पूछना शुरू कर देंगे.",1
अरे रॉस! बच्चा कूद रहा है!,2
"पांच? ठीक है, जहां मैं जन्म देता हूँ, एक अस्पताल या सीढ़ियों के नीचे एक बड़ा बॉक्स?",1
"ठीक है, वे सुन रहे हैं?",0
जोय! ये मेरे मातृत्व पट्टे हैं!,1
तुम बहुत प्यारी हो।,2
प-हह! मैं तुम्हारे साथ जाना चाहता हूँ।,2
क्या हुआ?!!,1
"तुम कैसे एक हिचहीकर उठा सकते हो! वह एक बलात्कार हो सकता है-, एक बलात्कारी या एक हत्यारा या कुछ!",0
मैं बाहर नहीं जा रहा हूँ।,1
"ठीक है, यह सिर्फ मैं और उसके साथ ट्रेन के पीछे था, और मैं दरवाजे के पास बैठा था, तो अगर वह कारों को बदलना चाहता है तो उसे मेरे पास जाना होगा।",2
"नहीं, मैं उसके उन्नत कक्षाओं में से एक को पढ़ाने के लिए मिलता है! मैं विभाग के प्रमुख क्यों नहीं मिला?",2
हाँ. शायद यह सबसे बेहतर के लिए है. आप उसके जैसा ही गंध है.,0
"हमारे पास है. सिर्फ अब, हम इसे तट घर कहते हैं.",1
"ठीक है लोगों, अब सभी एक साझीदार पकड़ें।",1
"आओ राच, आपके पास क्या नहीं है, दस मिनट?",1
तो चलो खर्च सीमा पर निर्णय करें,1
तुम्हें क्या हो गया है?,0
नहीं।,1
और मेरे पिता के पास कोई अतिरिक्त नकद है वह अपने वार्षिक यात्राओं के लिए बचाता है,1
मार्क एक प्रतिभावान है!,1
नौ बार!,0
वाई-हू! हारून लिटमैन-न्यूरोलिक अपने भावी बहू को नमस्ते करना चाहते हैं।,2
ठीक है! लेकिन कृपया ईश्वर.. मुझे बताने के लिए कैसे उन्हें छोड़ने से रोकने के लिए!,0
"हाँ, मैं करता हूँ।",1
"ओह, लेकिन वह मेरे सूअर आदमी था... कैसे मैंने यह नहीं देखा?",0
"ओह! ठीक है! आप, ठीक समय में ठीक जगह मिस्टर, मुझे कॉल!",2
हम अभी भी शादी कर रहे हैं! रेचेल से मत कहो. आप बाद में मिलेंगे.,2
शायद?,1
"हाँ, मुझे उस शब्द को पसंद नहीं है।",0
"नहीं, नहीं हैब्स आप-आप गलत हो सकते हैं, क्योंकि मैं जानता हूँ कि आप एक दोस्त के साथ एक ही रात आप की योजनाओं के साथ एक तारीख न आरंभ करेंगे!",1
"ओह नहीं, मैंने सोचा था कि आप ने कहा था कि वे बिना आप के स्थान पर गोली चला सकते हैं.",1
"हाँ, मेरा नाम कहो. यह कहो! और अब मैं तुम्हें वापस ढकने के लिए जा रहा हूँ, और हम कभी भी ऐसा नहीं कर रहे हैं.",2
"ओह, यह एक नेत्र निकालने की मशीन है।",1
मेरे सिनोमन की चिड़ी में मिटाने वाला क्यों होता है?,1
"जान लो, पक्षियों के पास दिशा की एक बहुत अच्छी भावना है, और मैंने सोचा कि शायद वे हमें पता लगाने में मदद कर सकते हैं जहां वर्तमान छुपे हैं।",1
मुझे लगता है कि क्या यह समय है कि आप संग्रहालय में हमारी टीम में पुनः शामिल हो जाएँ?,1
अफ़सोस!,1
आगे बढ़ो!,0
यह हास्यास्पद है. हं.... यह हास्यास्पद नहीं है.,0
"तो, क्या आप लोग आना चाहते हैं और अगले कुछ हफ्तों में किसी समय रेस्टोरेंट में खाना खाना?",1
"चचेल्डर देखो, यह आंतरिक था! ठीक है? मैं सिर्फ इसके लिए गया!",0
"नहीं, मैं वास्तव में अपने बटुआ भूल गया था।",1
"चंडलर? यह एलन है, वह आप से बात करना चाहता है.",1
"कृपया, संगीत न बजाएँ. बस uh एक और.",2
कि है,1
"अच्छी तरह से, मैं तरह से... मैं तरह से उसे खो दिया.",0
आप मुझे दो और बक्सों के साथ बाहर मदद करने के लिए ہوگا!,0
"1, 2, 3, 4, 5, 6, 7, 8",1
कह दो!,2
"हाँ, सही!",2
"ओह ठीक है, आपकी एलर्जी. उसके सभी, वह तुम्हें घृणा है.",1
"ओह-हो-हो, हाँ!",2
"ठीक है, मैं-मैं-मैं ठीक खत्म हो जाएगा।",2
Phoebe है! Phoebe!,2
"ठीक है ठीक है अगले बात तुम्हें पता है, वह तुम्हें बता देगा कि अपने उच्च Heels अपने पद के लिए अच्छा है!",0
"मेरा मतलब है, पूरे सप्ताह तक जहां भी मैं देखता हूँ वहाँ तुम हो।",1
"तुम जानते हो, वास्तव में मैं-मैं-मैं जा जाना चाहिए।",0
"ऐसा है. भूरे बालों, हरी आंखें...",1
तो क्या?,1
रॉस फिर से शादी कर लिया-नोओओoooo!!!!!!!!!,1
"अब, यह अंतिम मिनट है तो मैं इस अव्यवस्था के लिए क्षमा करना चाहता हूँ। ठीक है?",2
"महान है, अब वह वापस हिल रहा है।",0
ओह. ओह मैं सिर्फ ईमान नहीं ला सकता क्लार्क मुझे खड़ा किया!,0
"हाँ. वह अब उसे नीचे डाल रहा है, वह है।",1
"हाँ, 'क्योंकि यही कारण है कि आप Isabella Rosselini, भूगोल नहीं मिल जाएगा।",1
क्योंकि तब हम उन लोगों के होंगे जिन्होंने निःशुल्क पोनून को बंद कर दिया।,1
"Hey, कोई रास्ता नहीं, मैं शॉटमैन में हूँ.",0
"Phoebe, मैं engaged हूँ!",1
अगर आप के पास बड़ा फ्लैट है तो आपको हमेशा आने वाले लोगों के साथ काम करना होगा।,1
"लेकिन कैसी, मेरा मतलब है मैं सिर्फ उसके सिर के पीछे देखा है, लेकिन मैं यह भावना है कि वह है-वह स्मार्ट, और हास्यास्पद है, और तुम्हें मिलता है।",1
"हाँ, मैं समझता हूँ.",1
ठीक है! चलो! चलो! ठीक है!,2
बहुत नहीं।,1
"ओह, मैं भी।",2
"ठीक है, लेकिन वहाँ",1
निश्चय ही! केवल एक मूर्ख इस सामान पहनेगा यदि आपके पास कार नहीं है! ठीक है?,0
"ओह-हो-ठीक, मैं राजा से बात कर रहा हूँ।",1
"अरे जोय, इसे चखाओ।",1
"प्रतीक्षा करो, अब, मैं फिर क्या कर रहा हूँ?",1
"देखो, मुझे बहुत बुरा लगता है कि मैंने तुमसे पहले कैसे डराया, इसलिए मैंने पिता को बुलाया और उससे कहा कि आप यहाँ आप से मिल जाएँ ताकि आप उसे बता सकें.",0
"अरे, यह ठीक है।",1
ओह. और मैं भी एक तारीख नहीं है.,0
अल्लाह! वह उन महिलाओं पर क्यों चढ़ता है!,1
यह गलत है।,0
"ठीक है, लेकिन फिर मुझे याद आया कि मैंने इसे शुरू किया था और वहाँ एक उत्साह प्रदर्शन था और मैं था, मैं पिरामिड के शीर्ष पर था लेकिन वैसे भी-umm, इस पुस्तक के बारे में क्या है?",1
आप यह चल रहा है!,2
वह जानता था कि हम उससे छुटकारा पाने की कोशिश कर रहे थे. वह जानता था! आप सोचते हैं कि हम हमारे रसोईघर में एक बाथ टब मिल सकता है?,1
"हाँ, ठीक है, वह शायद रिचर्ड से बात कर रही है।",1
हम प्राप्त कर सकते हैं--ये क्या हैं-ये पैच!,1
"चलो, कोई छानबीन नहीं!",2
और हम यहाँ जा रहे हैं,1
...वहाँ है.,1
"मैं जानता हूँ! मैं जानता हूँ! यह पता चलता है कि एक casting महिलाओं ने वास्तव में एक नाटक में मुझे देखा है, तो मैं उससे दूर चला गया",2
तुम्हें पता है क्या कैटी? मैं आपको बताने के लिए मैं-मैं-मैं-मैं सोचता हूँ कि आप एक है जो बहुत है.,1
ओह-है-है-है! यहाँ तुम हो!,2
"यह तुम्हारी दादी की engagement ring है, मैं चाहता हूँ कि तुम इसे राहेल को दे दो.",2
ओह हाँ! किस के साथ?,1
"ओह, कृपया! यह एक बड़ा क्लास था! तुम कभी भी मुझे ध्यान नहीं दिया!",2
"चाइ, मैं सोच रहा था कि क्या यह संभव है कि पालेंटलॉजी सेक्शन में सुरक्षा बढ़ाया जा सकता है?",0
"हाँ. हाँ, मैं एक से Evander Holyfield का एक कार्डबोर्ड कटआउट चोरी करने की कोशिश याद है",1
क्या आप सोचते हैं कि यह काम करेगा?,1
"ठीक है, मैं सिर्फ इस बार वास्तव में निश्चित होना चाहता हूँ. एण्डी McDowell से लड़की है",1
क्या आप और मैं उस विषय को शामिल नहीं किया है?,1
"ठीक है, वह टर्की कहाँ है!",1
"नहीं, मैं जा रहा हूँ!!",0
...क्योंकि मेरे पास पांच मूर्ख कॉफी हाउस के आदमी की सूची है और कल मैं उस आदमी के लिए वहाँ पर तुम्हें बुम किया.,1
"हाँ, हाय, मेरे पास कपड़े हैं, मैं उन्हें भी उठाता हूँ।",1
"वहाँ एक सेकंड, श्री Kissey पर हो-हो-hold!",1
हाँ! मुझे यहां ठहरने के लिए बहुत धन्यवाद।,1
"सचमुच, हमारी यौन जीवन... मैं सोच रहा था, शायद मैं नहीं जानता, हम कुछ-कुछ नए चीजों का प्रयास कर सकते हैं।",1
है?,1
"ओह, देखो, देखो, वह अपनी आंखें बंद कर रहा है. देखो, वह अपनी आंखें खोल रहा है.",2
मोनिका!,1
"ओह, हाँ, उस उछलने बहुत क्रूर लग रहा था।",1
ठीक है?,1
"ठीक है, यह है. मैं कर चुका हूँ. हू! वहाँ आ गया मांस पसीना.",2
"अरे, महान, तुम ऊपर हो. रिएकल, यह मेरी बहन क्रिस्टा है. क्रिस्टा, यह रिएकल है.",1
खतरा,0
वाह! आप कर रहे हैं?,1
"ओह, आप को एक अँगाड़ की जरूरत है? आप मुझे कुछ भी नहीं लाना है!",2
"मैं सिर्फ कह रहा हूँ, सिर्फ इस मामले में उसकी संख्या प्राप्त करें।",1
एलेन कौन है?,1
देखो? मैं इसे कर रहा हूँ. मैं पूरी तरह से इसे कर रहा हूँ. मैं इसे खो गया है.,0
हू! मेरे एलर्जी के बारे में क्या?,1
"Guess who's here. It's the toughest guy in toy land, बेन. 'एक असली अमेरिकी नायक. मैं हूँ",1
मैं Joey Tribbiani हूँ और सभी सम्मान के साथ मैं कुछ तरल पदार्थ दान करना चाहता हूँ।,2
आप सोचते हैं कि हम ऐसे कुछ के लिए तैयार हैं?,1
"आप कहाँ जा रहे हैं, श्री सुइट-मैन?",1
"हं, noodle soup.",1
"Phoebe पर चलो, उस पर देखो!",0
"अरे, राच, काम कैसे था?",1
"अरे, यह छोटा-सा नंगा आदमी कौन है?",1
उसने मेरी ओर एक कदम उठाया।,0
"एक बार एक गर्भवती महिला, कृपया! मैं सिर्फ चाहता हूँ कि तुम ठीक हो.",0
Helloooo? हाँ. ओह भगवान्. धन्यवाद.,2
मैं भी नहीं।,1
"लेकिन कभी-कभी जब आप, जब आप खेल से मुझे इस तरह से गोली मारती है कि यह लगता है कि कोई मुझे एक बहुत छोटी लेकिन बहुत से से से मार रहा है",2
"मैं कुछ लेकर आया हूँ जो मैं आपको देना चाहता हूँ, यह मानते हुए कि आप इसे चाहते हैं।",1
"क्षमा करें, फीब्स.",0
लगता है एक मजेदार गैंग.,1
एमीली!,2
"Hey, hi, मैं एक लैडल की जरूरत है. आप एक लैडल है?",1
"नहीं! नहीं-नहीं, मैं इसे पसंद करता हूँ. धन्यवाद.",2
"चूंकि आपके पास मैं क्या की जरूरत है की इतनी अच्छी भावना है, ओह, यहाँ है-यहाँ 60 डॉलर है, क्यों आप Phoebe को अपने कोलोनियल फ्लेयर बाजार में ले नहीं जाते और मुझे कुछ सामान मिलता है.",1
"अच्छा, हमने सोचा कि हम सब एक पिकनिक के लिए, सेंट्रल पार्क में जाएँगे!",2
"हाँ, हाँ, हाँ।",1
"ओह हे, मुझे धन्यवाद नहीं है, अपने आप को धन्यवाद. आप एक है जो उसके भयों का सामना किया और अंत में उन पर विजय.",2
हे,1
शायद हम एक साथ उन पर आक्रमण कर सकते हैं?,1
आप कैसे हैं?,1
यह मेरे पास से है।,1
मैं उन स्त्रियों की तरह हूँ जो तुम देखते हो जो चैड नाम के चमकदार लड़कों के साथ हैं।,0
"तो मैं आप से अनुरोध कर रहा हूँ, आप मुझे निर्णय करने से पहले एक क्षण ले लो।",1
महान! महान! आप सायकल बहुत खुश कर रहे हैं।,2
"डाक्टर, मैं आप को एक मिनट के लिए कृपया देख सकता है? मेरे भाई के बारे में एक हल्का भ्रम है needles.",1
"ओह, अच्छा।",2
"ठीक है,",1
मैं बस...,1
यह बोनी है? यह बोनी है? तुम बोनी हो?,1
"हा, अच्छी तरह से, विज्ञापन में सैटिन नाइट्स में लड़कियों को लगता है कि यह इतना बुरा है नहीं लगता है।",1
"ओह-ओह-हो, हाँ!",2
"अच्छी तरह से, हम एक खराब के लिए जाएँ और बाहर करने के लिए।",1
और क्या उसने?,1
"आप इसे पसंद करते हैं, हू?",1
आज हम बस में एक कारसीट खो चुके हैं।,1
"उस आदमी के बारे में चिंता मत करो, ऐसा होता है।",1
"ठीक है! ओह भगवान, आप जानते हैं क्या? यह वास्तव में बुरा है।",0
"खैर, मुझे यह खरीदने के लिए नहीं है, ""मैं मूर्ख"" टी-शरीर अब है।",1
नहीं?,0
नहीं. मैं अपने को व्यस्त रखा था.,1
अल्लाह!,1
"मैं इसे थोड़ा सुगंध कर सकता हूँ, पकाने के लिए पी।",2
"ठीक है, आप यह कर सकते हैं।",1
मुझे जाना है।,1
"हाँ, निश्चित, निश्चित मैं कुछ सैंडविच ला सकता हूँ।",1
"लेकिन मैंने तुमसे कहा था, मेरे पास समय नहीं था!",0
आप कृपया सरजी को बता सकते हैं कि मैं न्यूयार्क टाइम्स में बुट्रोस बुट्रोस गाली ने क्या कहा था उससे मोहित हुआ था।,1
"नहीं, नहीं, यह सिर्फ हमारे माता-पिता और 1 या 2 मित्र थे. यह एक छोटा विवाह था.",1
"ओह, तुम बहुत भाग्यशाली हो. मेरी fiancé wants the heavy metal band Carcass.",0
अटलांटिक सिटी में क्या हुआ?,1
"ओह, आपने पोस्ट नहीं देखा?",1
मैं इस पर विश्वास नहीं कर सकता। मैं तुम्हें कुछ कह सकता हूँ? मैं अब उस पर थोड़ा पागल हूँ।,0
"ओह लेकिन ऐसा नहीं है. मेरा मतलब है... मेरा मतलब है मैं उसके साथ प्रेम नहीं हूँ. मैं उसे एक, एक दोस्त की तरह प्यार करता हूँ.",2
"हाँ है! अब से, मुझे कोई पहला नाम नहीं है।",0
"हम मंच पर थे, नई सहस्राब्दि में दुनिया को नाचने के लिए तैयार थे, और आदमी ने चिल्लाया, ‘CUT!’",0
भगवान. मैं उल्लंघन महसूस करता हूँ.,0
मुझे दे दो!,0
"ठीक है, आप लोग, बस आराम करें. मैं doooo.",1
"मुझे विश्वास नहीं है कि यह फिर बारिश हो रही है! ओह, यह इतना अन्यायपूर्ण है!!!",0
"ओह, यह माँ-बाप के घर जैसा लगता है।",1
"हाँ, वे सोचते हैं कि वे मुझे कुछ दूषित फिल्म और Mashuga नाटों की एक बैग के लिए आरोपित कर सकते हैं, वे एक और विचार आ रहा है.",0
"एक, मेरे मित्र मेरे जीवन में सबसे महत्वपूर्ण बात हैं, दो, मैं कभी झूठ नहीं बोलता, और तीन, मैं दुनिया में सबसे अच्छा ऑटमील रेसिन कुकी बनाता हूँ।",1
आओ!!,0
"तो Phoebe, तुम ah, फोन पर एक तरह से गंभीर लग रहा है, है ah, क्या कुछ गलत है?",1
मैं जानता हूँ!,1
"मेरा मतलब है, वे तुम्हारे मित्र हैं, वे सिर्फ तुम्हारी देखभाल कर रहे हैं।",1
"ठीक है, मोन, यहाँ मुझे वापस.",1
अब सिर्फ एमीली से कह दो कि मैं उसे प्यार करता हूँ और मैं किसी और के साथ अपना जीवन बिताने की कल्पना नहीं कर सकता है।,0
"ओह, तुम क्या हो, मूर्ख? यह तीन घंटे हो गया है.",0
"तो हं, वह कौन था?",2
मैं जानता हूँ. मैं कल धो रहा था. यह मुझे हो सकता था.,1
यही मैंने कहा था।,1
मैंने उस कंपनी को बुलाया जो भेजी थी और उन्हें चिंता नहीं है!,0
"मैं नहीं जानता, मेरा मतलब है आप बहुत बड़ा था, मेरा मतलब है, उस समय मजबूत।",2
निश्चित रूप से।,1
"हाँ, लेकिन यह नहीं हो सकता है यह, मेरा मतलब है।",0
मैंने महसूस किया कि पति और बच्चों के न होने से परेशान होना मूर्खता है।,2
Hey! उस Joey बात पर महान सलाह!,2
और मोनिका के लिए एक अच्छा गर्म सिडर।,1
"क्यों, आप बाहर जा रहे हैं?",1
हम हर समाचार स्टैंड पर रूकेंगे और उनके टाइम्स और पोस्ट की हर प्रति लिखेंगे।,0
मेरी छोटी बहन दीना!,2
आप पहले वर्ग टिकट पहले से ही मिल गया है.. आप लैंग है!,0
"यहाँ तक कि जब आप एक बच्चे थे... और आप बड़े थे, और आप कोई दोस्त नहीं था, आप ठीक थे!",1
आप कैसे कर रहे हैं? आपका स्वागत है. आप को देखकर अच्छा है!,2
"Hey uh, यह आना ठीक है?",1
अब जाओ!,0
"अब, तुमने किसी और को भी बताया है?",1
ठीक है! और आप क्या नहीं कर रहे हैं?,1
"मैं जानता हूँ. यह वास्तव में, वास्तव में बहुत बड़ा है.",1
एक आदमी को क्या करना होता है,1
Hey guys!,1
"अरे, दोस्त।",1
अच्छी तरह से यह महत्वाकांक्षी है।,1
"पता है, वे वैसे भी शादी नहीं कर रहे हैं!",0
जल नियम!,2
"हाँ, मैं जानता हूँ, लेकिन मैं सोचा था एक गोली तुम्हें पता है?",1
"ठीक है, क्या आप कर रहे हैं रोकें, मुझे envelope stuffers की जरूरत है, मुझे स्टैम्प lickers की जरूरत है.....",1
"ओह, मैं किसको दोष देना चाहिए? एक अच्छा घण्टी आदमी जो 10 भिन्न कमरे में सामान लाने के लिए था?",0
तुम! चक्कल्स! तुम्हारा नाम क्या है?,1
मैं मोनिका हूँ।,0
"हाँ uh, मैं क्या करने जा रहा हूँ?",1
मुझे आश्चर्य क्यों नहीं होता?,0
"ठीक है, छिद्र खोला गया।",1
तो-यदि आप इसे पहनते हैं तो आप मेरा कम विशेष बना देंगे।,0
"मैं बहुत शर्मिंदा हूँ, मैं वह एक है जिस पर हाला गया!",1
"हम तीनsome हो सकता है, हम कर सकते हैं.",1
"मैं बस इसे बाहर फेंकने के लिए जा रहा हूँ, यह शायद सिर्फ शम्पू की एक गुच्छा है और...",1
"मेरा मतलब है, मैं उन सभी उपहारों को ऐसे लोगों से बात करने के बिना प्राप्त करता हूँ जिन्हें मैं पसंद नहीं करता!",2
मैं इस सूची में नहीं हूँ!,1
"जब मेरी बहनें गर्भावस्था में थीं तो वे किताब में हर अजीब बात महसूस करते थे, यह हमेशा कुछ भी नहीं था।",1
"हाँ, या तो यह, या वह एक सचमुच बड़ा बिल्ली है।",1
"अच्छी तरह से, जेमी Susan का पहला girlfriend का नाम था, तो हम वापस Jordie के लिए चला गया.",1
तुम्हें याद है कि मैं उस रोस्ट चिकन था कि दूसरे दिन कमरे से बाहर निकलने के लिए था?,1
"बेन, मैं तुम्हें जानना चाहता हूँ कि कुछ समय हो सकता है जब मैं यहाँ नहीं हो सकता है, इस तरह.",0
ता-डा।,2
गाओ!,0
मुझे बहुत अफसोस है...,0
"हाँ, बहुत कुछ।",2
"हमने पिछले दो घंटे इन और आउट और इन, फिर देखने में बिताए।",1
"है. टैग, मैं आज एक सम्मेलन कॉल है कि सही है?",1
अच्छा काम जो! अच्छी तरह से किया गया! शीर्ष स्तर!,2
आप जानते हैं कि कैसे लोग सिर्फ क्लिक करें?,2
हमारे लिए कोई टांग चूसना नहीं है।,1
"ओह, मैं ऐसा ही करूंगा, mine को भूल जाऊँगा।",1
"ठीक है, मैं सिर्फ समय नष्ट करने का एक तरीका नहीं हो सकता जब तक आप किसी बेहतर से मिलते हैं!",0
"हाँ, अच्छी तरह से यह $112 के बारे में आया, लेकिन क्या है, बस इसे एक 110 कहना है?",1
"आप जानते हैं जब लडकियाँ अपने शरीर पर विचित्र चीजों के साथ लडकियों के साथ सोती हैं, तो वे अपने दोस्तों को इस बारे में बताते हैं।",1
यह कितना गर्म है!,1
मैं इस के लिए एक महीने के लिए देख रहा हूँ!,1
"अगर-यदि हम नियमों का पालन करें, यह अभी भी खेल है और यह कुछ मतलब है!",0
यह स्क्रिप्ट में नहीं कहता है।,0
हो?,0
"तो तुमने अपने जीवन को जोखिम में डाला, एक सैंडविच के लिए!",2
नहीं-नहीं-नहीं-नहीं हम एक साथ आए!,2
हो?,1
रिंग गायब हो गई है!,1
मेरे पास दस मिनट नहीं हैं!!,0
"ठीक है, अब हम सिर्फ कुछ उधार की जरूरत है!",2
हाँ.,1
"तुम कहाँ जा रहे हो, जो?",1
और उन्हें तूफान से बचाया?,1
"हाँ, हाँ, वहाँ है, वे रविवार और सोमवार की रातों में खेलते हैं।",1
मैं कॉफी ले जाऊँगा।,1
ओह!,0
Hey! I,1
हां,1
"ओह, हाँ. ओह, याद है कि दिन जब आप खरगोश के बाहर जाने के लिए जाने के लिए, अपने कुर्ता उठाने के लिए, और घुटने के लिए जाता था?",2
धन्यवाद! आपने कुछ नहीं कहा है...,2
"हाँ, हम मिल गया, um-हmm.",1
"खेद है कि मैं देर से आया हूँ, लेकिन मैं देर से चला गया।",1
मैं खाता संख्या 7143457 हूँ.,1
"कदापि नहीं, भूल जाओ।",2
"तो इस साल, मैं पूरे शहर को करने के लिए जा रहा हूँ।",2
"नहीं, बस, बस, बस, सिर्फ दो और बॉक्स।",0
लगता है कि मैं अंतिम से दूसरा था.,1
लड़कों बहुत धन्यवाद लेकिन आप में से कोई भी हम से शादी नहीं कर रहा है।,1
लेकिन यह एक बड़ा मामला है!! मैं किसी को बताना है!,1
"वह ठीक है वहाँ, वह नीली जाकेट पर है, मैं... मैं जा सकता हूँ...",0
क्या तुम्हारे पिता तुम्हें पंपकी नहीं बुलाते थे?,1
मुझे ऐसा नहीं लगता है। नमस्ते? जब आप वहाँ पहुँचेंगे,1
आना ठीक है?,1
"नहीं-नहीं, मैं जानता हूँ कि, लेकिन मैं सिर्फ अपनी योजना के दूसरे भाग के लिए पर्याप्त पैसे बनाना है।",1
आप आज रात एक पार्टी कर रहे हैं??,1
"... मैं उन सभी दोषों को स्वीकार करता हूँ, क्यों आप इस के लिए मुझे स्वीकार नहीं कर सकते?",0
"और टिम मैं सिर्फ कहना चाहता हूँ, यहाँ सौभाग्य।",1
"wow, uh, मैं जानने के लिए अन्य कुछ भी है?",1
"हम वास्तव में हमारे अनुसंधान चक्रों में से एक के अंत में हैं, तो हम अभी आवेदकों की खोज नहीं कर रहे हैं।",1
"आपने मेरी बहुत बड़ी मैथुन को देखा है, ठीक है?",1
मैं तेज नहीं करूंगा।,1
"रॉस, तुम मुझसे क्या चाहते हो?",0
"सुनो, मैं Roger के साथ उस पूरी बात के बारे में माफी चाहता हूँ.",0
प्रकाश अभी भी बाहर है?,1
"हाँ, वहाँ सिडनी है? ओह, यह है? सिडनी एक महिला है.",1
ओह चलो! सुबह यहाँ है! सुबह यहाँ है! सुबह यहाँ है! सूर्य यहाँ है!,2
ओह! आपके पास एक खिड़की है!,1
"नहीं, जा रहा है",1
वह चश्मा नहीं मिला!,1
हाँ यह वास्तव में एक बहुत अच्छा विचार है।,1
"भाई, आप चालू करने के लिए है",1
तो तुम मुझे तीन सुंदर चीजों की ऋणी हो.,1
"नहीं, क्योंकि मैंने लासान बना दिया था।",1
तो आप नहीं है. आप अपने टमाटर जला रहे हैं.,1
यह मेरा नहीं है।,1
कोई कॉलेज गया था. वाह. यह क्या है? मुझे क्षमा है.,1
ओह. हेल-लो!,2
यह अभी Kicking नहीं है. हालांकि हम देखना चाहते हैं कि आप फिर से ऐसा करते हैं.,2
मैं डिजाइनरों के साथ काम करना पसंद करता हूँ!,2
ऐ मेरे भगवान! तुम कैसे यहाँ वापस आ गए?,1
"तुम रोना बंद कर सकते हो? तुम मुझे चिंतित कर रहे हैं, और जब मैं चिंतित हूँ तो मैं नहीं जा सकता.",0
"ठीक है, आप जानते हैं क्या uh, वास्तव में, यह महान है. यह बहुत मदद करता है. धन्यवाद.",1
तो किसने सोचा था कि सभी को स्कीटों पर खाना पकाने में लाना है?,1
"देखो, मैं-मुझे सचमुच खेद है कि मैं सायकल छोड़ दिया।",0
"ओह, ठीक है, मैं मोनिका से पूछ सकता हूँ।",1
"खैर, मूल रूप से, हाल ही में, मैं है, मैं है, मुझे है, तुम्हारे लिए भावनाओं की तरह है.",1
"नहीं, नहीं ""आप कैसे कर रहे हैं?"" आदमी, मेरा मतलब है, पहले एक कप भी कॉफी नहीं!",0
"ओह, मुझे धन्यवाद नहीं करता है, जो कभी नहीं आ गया है कि पागल धन्यवाद. ठीक है, मैं काम करने के लिए मिल जाना है.",0
नहीं!,1
"अच्छा, तुमने मुझे एक मजेदार सड़क यात्रा का वादा किया था!",2
"वह बहुत कुछ नहीं करता है, क्या है?",1
"मुझे जानिस की याद है. ""हेलो, चंडलर बिंघिंग.""",1
आह!,1
हाय Phoebe.,1
मैं मजाक कर रहा हूँ।,1
"हं, यह Cutie McPretty है।",1
"ठीक है नहीं, अभी नहीं. लेकिन ऑडिशन बहुत अच्छी तरह से चला गया.",2
"Hey, this-Heyy...",2
मैं-मुझे सचमुच खेद है।,0
"नहीं, मोनिका कुछ खाना बनाने का कार्यक्रम देख रहा है. चलो, मैं नहीं जाना चाहता जब वे कमज़ोर थे।",1
"तो, क्या लगता है जॉर्ज की तरह है?",1
भगवान. मैं अपने पूरे जीवन में इतनी तकलीफ नहीं हुई है!,2
"जरा आराम करो, कोई भी चिल्लाया नहीं. जैक सिर्फ सुनिश्चित करने के लिए बुला रहा था कि",1
"ओह हाँ अच्छी तरह से, आप मुझे जानते हैं, बच्चे, जिम्मेदारियाँ, आह!!!",0
रोस! तुम पागल हो! मैं हूँ,0
"देखो देखो! वह यह फिर कर रहा है, दूरदर्शी के साथ आदमी!",1
चमकदार।,1
"नहीं, वह एक बेहतर नौकरी के लिए जा रहा है।",1
"ठीक है, जेनिस. जेनिस. आप मुझे जेनिस देनी चाहिए. यह चुने हुए होने के बारे में नहीं था.",1
"ठीक है, अच्छी तरह से मैं तुम्हें जानता हूँ।",1
"ओह यहाँ, मुझे लगता है कि यह हम है। हाँ।",1
"हाँ, रिचर्ड!",0
"आप मेरे कॉल वापस नहीं देते थे, आप मेरे पत्र वापस भेजते थे....",0
"नहीं, नहीं, नहीं, यह दीना है।",1
मेरा मतलब है कि अविश्वसनीय है।,2
एनएच,1
और मेरी पत्नी के रूप में मैं सोचता हूँ कि आपको मुझे यह अनुग्रह देना चाहिए।,1
"ओह, तुम महान हो! और, उस पिछले भाषण में? तुम मुझे डुबो दिया.",2
ओह यह है!,2
"ओह, मेरी नई माँ, जो एक बड़ा, मोटा छोड़ने वाला है!",0
हम अर्धनाम आधार पर हैं।,1
"हाँ, हम-हम कुछ जिम्मेदार महसूस करते हैं।",0
"अच्छी तरह से, आप अद्भुत हैं।",2
सचमुच? वे उसे छह पर नीचे प्यार करते हैं.,1
क्या आप उसे देखेंगे? वह बहुत शांत है।,2
"नहीं, मैंने उसे नहीं देखा है।",1
हा!,2
"ठीक है, देखो मैं सिर्फ एक अच्छी पहली छाप बनाने के लिए प्रयास कर रहा था।",0
"मैं स्वयं नहीं था. मैं एक डॉक्टर, एक नर्स, और एक सहायक आदमी था. तो, तुम देखते थे कि जो खेल जीत गया?",1
"अच्छी तरह से, दोपहर के लिए धन्यवाद।",1
मुझे मिला.,0
देखो!,1
"ओह, नहीं, नहीं. मैं सिर्फ hypothetically मतलब था.",1
आप क्या कहते हैं?,1
हं.,1
"ओह रोस, चलो! यह नहीं है, यह एक विवाह नहीं है! यह दुनिया की सबसे बुरी हैनॉवर है! रोस, सुनो, अगर",0
मैं उन लोगों में से एक हूँ जिन्होंने अपार्टमेंट के लिए आवेदन किया है।,1
"ठीक है, मैं-मैं अंग्रेज नहीं हूँ।",0
"हाँ, मुझे जाना है।",0
वो-हो-हो!,2
"हाँ, यह एक खेद है कि तुम आज रात उस एक-महिला शो में नहीं जा सकते।",0
"ठीक है कि है, यह है कि यह है! उससे दूर हो जाओ!",0
लोग गलतियाँ करते हैं!,1
जोए यह बहुत मीठा है।,2
आगामेमोन के बारे में क्या?,1
"कैसी, आप वहाँ में सब कुछ ठीक पा रहे हैं?",1
"वह पीछे की चीज़ों के साथ अच्छा है, उसे भी लाओ।",1
मुझे लगता है कि यह मेरे देर से काम करने से संबंधित है।,1
"Hey, जब-कभी यह Kicking था? क्या हुआ?",2
"ओह नहीं, उन गीतों में से एक ‘छिपे अर्थों को देखो’।",1
"Joey एक महान आदमी है, लेकिन हम सिर्फ... इतना अलग है! मेरा मतलब है, आपके भाषण के दौरान वह होमो erectus पर हँसते रहे!",0
मेरे भगवान! क्या आप ने आदेश दिया था!,1
"बेशक, बेशक उनमें से एक माँ है. आप के साथ क्या मामला है.",1
प्यारे! डिनर तैयार है!,2
Whoooaa!,1
"हाँ, मुझे लगता है कि मैं यहाँ कहीं आसपास कुछ है. क्यों?",1
"एक ऐसे व्यक्ति के रूप में, जिसने अपने अच्छे हिस्से से अधिक bad beef को देखा है, मैं आपको बता दूँगा कि यह कोई भयानक बात नहीं है।",1
"जान लो जोय, मैं तुम्हें नौका चलाना सिखा सकता हूँ अगर आप चाहते हैं।",2
कि लॉक नहीं करता है यह करता है?,1
"मेरा मतलब है, मैं आप के बिना क्या कर रहा हूँ?",0
"हाँ, और वे पूरे दिन से आ रहे हैं. वे इसे पसंद करते हैं!",2
नहीं।,0
"हम पहले से ही उस पर परिणाम वापस मिल गया है, और वे अच्छे नहीं हैं।",2
"ओह, बहुत नहीं. मैं एक नौकरी है.",2
"हाँ. Uh, हाँ, मैंने किया. यह मेरे दोस्त था, एडी मोस्कोविज. हाँ, वह इसे पसंद करता है. अपने विश्वास को पुनः पुष्टि करता है.",1
इंतजार नहीं कर सकता।,1
"हे, यह खोखला है।",1
"ठीक है मिस ग्रीन, सब कुछ ठीक दिखता है... हाँ, मुझे लगता है कि हम यहाँ कुछ वास्तविक प्रगति देखना शुरू कर रहे हैं.",1
"इसमें एक मोटी, टूटी हुई, ग्रेहम क्रैकर क्रॉस्ट था, जिसमें एक बहुत समृद्ध और हल्का, क्रीम पनीर भरा हुआ था... वाह!",1
यह पूरी तरह से संवेदनशील बात है।,1
"Phoebe, क्या? umm... क्या?!",1
"अच्छा तो, यह क्या है?",1
"ओह, मेरे पास कुछ है जो तुम पहन सकते हो।",1
हमारी आँखें बंद हैं और हम सड़क पार करने के लिए जा रहे हैं. बहुत अच्छा है.,2
"Joey. Hey Jake, आप केनिक्स पसंद करते हैं?",1
"नहीं, चंडलर.",1
मैं इसे रोज पहनना चाहता हूँ।,2
"मैं जानता हूँ, मैं शायद तुम्हें यह भी नहीं बताना चाहिए, लेकिन मैं लगभग पूरी तरह से तुम से भयभीत हूँ।",0
"यह महान है! वाह आदमी, तो जोई वास्तव में तुम्हें कुछ बातें हुह दी है?",1
"क्या आप सिर्फ जोय पर नजर रख सकते हैं, सुनिश्चित करें कि उसके और मोली के बीच कुछ नहीं होता है?",1
"मेरा मतलब है, क्यों अचानक तुम इतना... ओह.",1
मैं-मुझे क्षमा है!,0
मैं सिर्फ सोचा था कि हम दोनों कुछ समय के लिए बाहर hang-out होना चाहिए।,1
"वह समझता है कि मोनिका खाली है, वह खाली थाश है!",1
"तुमने कहा, आप कुछ लिमोनाड के लिए आना चाहते हैं?",1
वह विवाह के खिलाफ है और हमेशा होगा!,0
मैं तुम्हारी माँ हूँ।,1
"हाँ, यह मेरा नहीं है।",1
मुझे विश्वास नहीं है कि माँ और पिता घर बेच रहे हैं!,0
"हम कर सकते हैं, हम अरूबा जा सकते हैं!",2
"खैर आह, वास्तव में...",1
"हाँ, बहुत. बहुत, बहुत!",1
"हाँ, अच्छी तरह से, अब आप एक तरह से नहीं कर रहे हैं।",0
"हाँ, हम उसे वापस मिला. सब कुछ ठीक है.",1
क्योंकि! तुम मेरे कल्पना का जीवन जी सकते हो!,2
"ओह, यह नाना है, ठीक बीच में है. 'मैं और जावा जो के गैंग'.",1
"मेरा मतलब है, मैं इस छोटे आदमी से प्यार करता हूँ!",2
"देखो, उसका कोई भाई या बहन नहीं है, किसी को उसे यह सब सिखाना होगा!",0
"ओह, यह सिर्फ भयानक है।",0
ये बातें हो जाती हैं!,1
"ओह भगवान, यह है कि विक्टोरिया की Secret मॉडल. कुछ... कुछ Goodacre.",1
"तुम निश्चित रूप से सेक्स को स्थगित करने के लिए कई तरीके नामित कर रहे हैं, मैं तुम्हें बता दूँगा",1
नहीं मैं नहीं हूँ।,0
"नहीं, यह ठीक है! मुझे एक रॉक स्टार की तरह महसूस किया!",2
बिल्कुल ठीक है!,1
"उसे तुरंत मारने के बजाय, वह उसका विश्वासी बन रहा है।",0
"अगर मैं, आपके लिए एक स्थिति बनाता हूँ?",1
"तुम मेरे पति से इस तरह बात मत करो, बेवकूफ!",0
ठीक है ठीक है! अगर यह आप के लिए इतना मतलब है! लेकिन बस-यह एक टन छोड़ दिया जा रहा है जा रहा है.,0
"हं, आप एक दूसरे के घरों को जानते हैं?",1
क्यों आप नहीं... हू-क्या हो रहा है?,0
स्टीविन्स!,2
हाँ! पूरी तरह से!,2
हम ऐसा क्यों करेंगे?,1
"मूल रूप से, राहेल और मैं वेगास में थे और हम शराबी हो गया",1
"ठीक है, आप जानते हैं क्या? हम वास्तव में देर कर रहे हैं! चलो चलो! चलो चलो! चलो! चलो!",0
"नहीं, यह काफी है।",1
"अरे, गीपेटो, 5,000 डॉलर? क्या तुम पागल हो?",1
टैग पिता नहीं है! और जोय अब जानता है?,0
महान है।,0
"मैं जानता हूं कि आप शायद यह सोचते हैं कि यह सब उस बात के बारे में है जो मैंने एक दिन कहा था कि आप अपने मोजे पर से प्रेम करने के बारे में है, लेकिन यह नहीं है... यह नहीं है, यह मेरे बारे में है, और मैं जु-हू, मशीन मुझे फिर से काट गया... वैसे भी...",0
तुम बस उस झिल्ली के सिर से बाहर निकलने के लिए प्यारा हो गया है।,1
क्या अलग है?,1
"ठीक है, मैं लोशन लगाना था!",1
"हाँ-हाँ-हाँ! लेकिन, मैं-मैं करता हूँ",1
हाँ है।,1
यहाँ तुम जाओ.,1
"क्या आप के बारे में बात कर रहे हैं?! मनी, आदमी शैतान है! वह एक धुंध में शैतान है!",0
"मैं नहीं जानता... ठीक है, वह सूअर है!",0
"आप यहाँ मुझे मदद करने के लिए, आप मुझे सेटअप करने के लिए, आप मुझे खेल में वापस ले जाना है।",0
"सुनो, आज रात के बारे में...",0
"अच्छा, अगर आप सुनते रहे होते, आप-आपने मुझे सुनते थे कि उसे मिस्टर बिग......ओट कहते हैं।",1
"अपना कुर्ता उतारो, और चलो देखते हैं हम यहाँ क्या कर रहे हैं. आप क्या कर रहे हैं?",1
आप जोय के साथ खेलना चाहते हैं?,1
ओहहहहहहहह।,1
"उसके गले में कुछ प्लास्टिक फंस गया है, हम अस्पताल जाना है.",0
बाहर जाओ!,0
क्या उसने तुम्हें बताया था?,1
सुनौतों के लिए चुने के लिए धन्यवाद आदमी।,1
"चिंता मत करो, चंडलर, यह संयुक्त राज्य अमेरिका का एक भूमंडल नहीं है।",1
"आप जानते हैं, यह अभी भी वहाँ बंदर की तरह गंध है।",0
मुझे बहुत खेद है कि मैं थोड़ा देर हो गया हूँ।,1
"मेरा मतलब यह है-यह आप के लिए स्पष्ट रूप से बहुत, बहुत महत्वपूर्ण है, हम के लिए!",2
क्यों हम सिर्फ 'छोटे गरीब टॉयटी' को हॉल में नहीं डालते?,0
मैं आप से कुछ पूछ सकता हूँ?,1
मेरे पास कुछ नहीं है।,1
"नहीं-नहीं-नहीं. मेरे पास जोर्डी नाम का कोई बेटा नहीं है. हम सब सहमत थे, मेरे बेटे का नाम जेमी है.",0
"मैं Rhonda हूँ, और ये असली नहीं हैं!",1
"और इससे पहले कि तुम्हें पता हो, वह उसके साथ है।",0
मोनिका।,1
"और-और मैं वचन देता हूँ, मैं एक गिटार तक नहीं छुएगा जब तक आप कहते हैं कि मैं तैयार हूँ।",1
बाइ. क्या एक यंत्रकारी बतिया.,0
क्योंकि ब्रह्मांड को चिंता होती है!,2
"हाय, रोस.",1
और यह है पिता!,2
"ओह, ठीक है!",2
चंडलर कहाँ है?,1
यहाँ से बाहर जाओ!,1
"अब, प्रतीक्षा करो!",0
जानना अच्छा है।,1
"अरे जोय, तुम मुझसे बात करना चाहते थे?",1
"क्या पता है, चैंप? मुझे लगता है कि मैं पास होगा.",1
अच्छी तरह से तुम क्या करने के लिए जा रहे हैं जब वह पता चलता है कि वह भी नहीं पूछा गया था?!,0
ओह. रोस!,0
"ठीक है, ठीक है, अब मेरे साथ क्या गलत है",0
नहीं! नहीं! यह-यह uh एक वास्तविक बात है! कोई भी इंटरनेट पर ordained हो सकता है और वैवाहिक समारोहों और सामान की तरह प्रदर्शन कर सकते हैं!,2
"मैं यह कर सकता हूँ, ठीक है? चलो, चलो।",1
"मेरा मतलब है, अगर यह सिर्फ मनोरंजन है तो किसी के साथ समय बिताने में कोई मतलब नहीं है।",1
"आह, फिर 13 हो जाना।",1
आप क्या जानते हैं?,1
तो राच!,2
"ओह, मैंने!",1
मैं क्यों करूँगा जब आपका नाम एलेन है?,2
मैं ठीक नहीं हूँ. यहाँ वह आता है.,0
"निस्संदेह, तुमने किया था।",2
हाँ यह काम करता है।,1
"हाँ, ठीक यहाँ मेरे जेब में. फीब्स?",1
यह अविश्वसनीय था!,1
मैं तुम्हारी बात नहीं सुन रहा हूँ!,0
आप खेलना चाहते हैं?,1
"हाँ, मेरा मतलब है जो भी हो।",1
हूहू!,2
आह! क्या आप अभी तक कपड़े नहीं पहने हैं?,1
मैं हैमिल्टन के साथ हूँ!,1
आप क्या सोचते हैं?,1
"ओह हाँ? अच्छी तरह से, मैं रबड़ हूँ, तुम चिपक कर रहे हैं, जो भी-यह नहीं कर सकता है. सुनो, uh-मेरे puck वापस gimme.",0
"perfect, हम सिर्फ देखना चाहते थे अगर आप जाना चाहते थे.",1
"मोनिका, मैं अपने मेनू के पीछे आप से बात कर सकता है, कृपया. आप क्या कर रहे हैं?",1
"क्या आप सिर्फ एक चुन सकते हैं ताकि मैं देख सकता हूँ-तुम्हारे साथ एक पूर्ण, जादुई सप्ताहांत है।",0
"ओह, फीब्स, फीब्स...",2
अरे!,2
"हं, मैं कल रात मुक्त हूँ।",1
"ठीक देखो, मुझे लगता है कि यह समय है कि आप के लिए तय करने के लिए है. तुम्हें पता है? एक विकल्प बनाओ, एक लेन चुनें.",1
"मैं आज सुबह जागता हूँ, स्ट्रिपपर चला गया है और रिंग चला गया है!",0
इस खेल का कोई अर्थ नहीं है!,0
मैं मजबूत हूँ! मैं तुम्हें दिखा दूँगा!,0
"बॉब? ओह, हमारे साथ यहाँ काम कर रहे हैं? हर दिन? हाँ, मैं नहीं जानता है अगर वह क्या लेता है.",1
यह कुछ नहीं तुम हो! यह कुछ है कि आप कर रहे हैं!,0
दोगुना!,2
"ओह, मुझे क्षमा है, क्या मैं सारे कमरे में खेल बदलने के रास्ते में जा रहा हूँ?",0
"नहीं Phoebe, न देखो! आप नहीं देखना चाहता है कि वहाँ नीचे क्या है!",0
"लेकिन यह ठीक है, कोई समस्या नहीं है।",1
वह है,1
ओह. यह सिर्फ इतना अप्रत्याशित है! मैं... मैं uh... लड़के मैं तुम्हें बता दूँगा कि यह सिर्फ एक ऐसा सम्मान है कि एक के लिए नामांकित किया जाता है,2
इसके बजाय...?,1
हाँ! महान! मुझे उन सिग्स दे दो! इसे दे दो! इसे दे दो!,2
"हाँ-नहीं, क्षमा करना बंद करें, यह ठीक है।",1
मैं पागल हो जा रहा हूँ! ठीक है? क्या आपके पास कोई चीज़ है कि यहाँ पर homemade लगता है?,0
"लेकिन पैर वशिंग पर यह सामान था, यह सिर्फ, यह बहुत आश्चर्यजनक लग रहा था....",2
"हाँ, लेकिन, देखो मैं इसे संभाल सकता हूँ।",1
"ओह नहीं, Baby Girl Geller-Green.",1
Hey-Hey-Hey! वह कौन था?,1
"ठीक है, मुझे मेरे पैसे वापस जीतने के लिए एक मौका दें. ठीक है? अचानक मृत्यु, एक लक्ष्य, 1,000 डॉलर.",1
तुम्हें क्या पता है? मैं इस का आनंद करने के लिए सक्षम नहीं हो रहा हूँ.,0
मुझे सात मिनट में उठना होगा।,1
आप लोग मेरे साथ किसी व्याख्यान में जाने के लिए कभी नहीं चाहते थे।,1
"निश्चित रूप से, हाँ, नहीं मैं ऐसा कर सकता हूँ, हाँ, क्योंकि हं, आप जानते हैं, sitic क्षेत्र में मांसपेशियों को मिल सकता है, वास्तव में अच्छी और कस कर.",1
यह वास्तव में सिर्फ परिवार होने जा रहा है।,1
"तो, राहेल ग्रीन आप मुझे शादी करेंगे?",2
"मैं अकेले नहीं होना चाहता, ठीक है? मैं सिर्फ... मैं सिर्फ-मैं सिर्फ फिर से शादी करना चाहता हूँ!",0
"ठीक है, नहीं. लेकिन, हं, मुझे लगता है कि वह शायद करता है.",1
वे केवल कुछ सप्ताहों के लिए बाहर जा रहे हैं और Phoebe पूरी तरह से माइक पर लटकाया है!,0
"आदमी, यह एक तरह की अजीब हो जाएगा।",0
"वा! आप यह महसूस कर रहे हैं कि हम एक घंटे के लिए यह गेंद डालने के बिना, फेंक रहा है?",1
"तो आप वास्तव में यह कर रहे हैं, हू?",1
मैं तुमसे नहीं माँगता!,0
वाह! सही!,2
"ओह भगवान, रोस मुझे बहुत खेद है।",2
फूलों की दुकान से काफी दूरी पर थी और मैं कमजोर महसूस करने के लिए शुरू कर रहा था,1
यह बहुत मधुर है!,2
यह क्यों है?,1
"ओह, ठीक है, मुझे क्षमा है।",0
(किसी बच्चे को देख रहा है जिसने,1
"जाओ, जाओ, जाओ!",2
क्या तुम सो गए?,1
"हाँ, मैंने भी ऐसा सोचा था लेकिन, उसने कहा कि casting लोग मेरे साथ कुछ समस्याएं थीं.",2
लड़के?,0
नहीं नहीं! दोबारा करने के लिए वापस जाओ!,0
एरिन के साथ क्या हुआ?,1
फीब्स!,2
"वहाँ एक शादी होने जा रहा है, आप बquet फेंकने के लिए जा रहे हैं, और",1
"देखो, मेरे साथ कुछ गलत है?",0
अपने drapes खोलें! अपने drapes खोलें!,2
तुम कहाँ थे?,1
और आपके द्वारा।,2
लेकिन ऑडिशन दो घंटे में है और मैं भी खेल नहीं समझता है।,0
"मैं जानता हूं कि हम अलग हो गए क्योंकि तुमने सोचा था कि मैं पर्याप्त परिपक्व नहीं हूँ, लेकिन मैं वास्तव में बड़ा हो गया है और हम एक साथ वापस मिल जाना चाहिए लगता है.",2
पॉल के कैफे. वे बहुत अच्छा खाना मिल गया है और यह वास्तव में रोमानी है.,1
तुम मेरी ओर देखते हो और कुछ भी नहीं।,1
"वैसे, आपकी शादी से पहले एक सप्ताह में आप मुझे बहुत नहीं देख सकते।",1
मैं आप से मुलाकात नहीं कर सकता या मेरे कार्यालय में एक गर्म प्लेट है।,1
"हं, यह अच्छा है।",1
यह आदमी सो गया!,0
"Phoebe, यह क्या है?",1
"नहीं, मैं आप हमारे डेट के लिए उठा रहा हूँ. ये आप के लिए हैं.",1
बाहर,0
"हाँ, यह मैं मिल गया कोई और है, और मैं-मैं दोनों के बीच फैसला नहीं कर सकता है।",1
"ओह भगवान, ओह।",0
४:०० बजे,1
"ओह हाँ, यह कठिन होगा कि आप उसके हाथ रखने के लिए है, हू?",1
हम नहीं देख रहे हैं?,0
"ठीक है, मुझे लगता है कि हम किसी अन्य समय जूनियर हाई लड़कियों को खो सकते हैं।",1
मुझे विश्वास नहीं है कि हमें एक-दूसरे को देखना बंद करना होगा।,0
क्या?! ठीक है-हे! मुझे नहीं देखो! तुम एक है जो ऊपर आना चाहता था और कुछ मूर्खों के लिए देखना चाहता था,0
उसने शुरू किया!,0
"यह-यह, नहीं, ओह, नहीं, नहीं-नहीं, यह नहीं है-ऐसे-ऐसे नहीं है क्या यह है।",2
"ठीक है, महामहिम।",1
प्रतीक्षा करो! तुम Kathy के साथ बाहर जा रहे हैं!,1
अरे मेरे भगवान! आप क्या कर रहे हैं?!!,1
"हाँ, मैं बस, मैं बस एक सम्मेलन के लिए शहर में हूँ. हं,",1
ओह हाँ.,0
लेकिन फिर कौन? मैं पिछले महीने के साथ बाहर गया था रेस्तरां?,1
"बाय, फीब्स!",2
लेकिन मैं आपको नहीं बता सकता।,1
"तो क्या आप सोचते हैं, uh, जोय मुझे से अधिक आकर्षक है?",1
"हाँ, तो?",1
हम-हम मेरे से सामान ले लेंगे और जो भी हम अपने रूप में छोड़ सकते हैं हम करेंगे-हम वहाँ डाल देंगे.,2
एक बार मैं एक शिक्षक से प्रेम करता था और यह बहुत कठिन था!,2
भाषण! चलिए मोनिका!,2
"ओह हाँ, वह उन गुलाबी लैसी में एक असली lumberjack की तरह लग रहा था.",0
और आप चाहते हैं कि वह अपने दिल को बाहर खा जाए तो आप fabulous लगना होगा!,1
"ठीक है, पकड़ें... कुछ खाली बक्से पकड़ें.",1
एक स्कोटर!,1
तुम रिंग खो गए!,2
आप मिल गया,1
धन्यवाद! आप भी।,2
"अच्छा है, बैठो।",1
"हाँ, मैं सिर्फ घर जा सकता हूँ और अपने आप से उसके पास वापस मिल सकता है।",1
"ठीक है, मैं किसी भी व्यक्ति को देख सकते हैं जो आप सोच सकते हैं?",0
"नहीं, आप इसे बिगाड़ दिया है. आप मूर्ख हैं.",0
"ओह, यह मुझे अपने खोखले सीने में इतना गर्म महसूस करता है।",1
मैं यहाँ से बाहर हूँ।,0
"मैं नहीं जानता, क्या नाम मैंने अभी कहा था?",1
मुझे विश्वास नहीं है कि तुम मेरे शादी निधि को तट के घर पर खर्च किया!,0
"देखो, यह बिल्कुल ऐसी चीज़ है जो उसे लगता है कि तुम लोग मुझे उससे अधिक प्यार करते हैं कि तुम उससे प्यार करते हो.",0
"मछली के सिरे थे, हं?",1
"बस, y'know बाहर।",1
"बिना, बिना इन हथियारों, और अपने चेहरे, और इस हृदय.",0
अरे महिला! मैं तुम्हें कितना यह चाहता है परवाह नहीं करता! ठीक है! मैं हूँ,0
"ठीक है, हं, ओह, जूआ विज्ञापन।",1
"अगर तुम कभी मोनिका के साथ बाहर जाना चाहते हो, तो मेरी कृपा है।",1
मैं सिर्फ यह कर रहा हूँ रॉस पर वापस आने के लिए।,0
ओह जोय नहीं!,0
"नहीं धन्यवाद, मैं भी एक अच्छा एक है। मैं बस, मैं, मैं उसे नहीं देख सकता।",0
महान!,2
मैं नहीं कर सकता,1
"मेरा मतलब यह है कि यह काफी बुरा है कि मैं अपने कमरे के साथियों के girlfriend से प्रेम कर रहा हूँ-जो वैसे ही, मुझे लगता है कि वह जानती है।",1
"शायद, तुम चाहते हो कि मैं इस तरह घूमता हूँ, ताकि तुम बछड़े मेरे पीठ के सामने टपक सकते हो।",1
यह बहुत अच्छा है।,2
"ठीक है. वह प्यारा है, वह हास्यास्पद है, वह-",1
उसने मुझसे व्यक्तिगत रूप से कहा।,1
नहीं रेशेल! वे पहले यहाँ पहुँचे!,0
"Uh-huh, पहले आप हमें बताओ कि आप सभी देश में सबसे सुंदर लेस कहाँ है.",1
"अरे, रोस! मैंने तुम्हें बताया था कि मैं नहीं हूँ!",0
"नहीं, नहीं, आप नहीं कर सकते, आप नहीं कर सकते, ठीक है, आप नहीं कर सकते, आप उसके मोती खरीद नहीं सकते, आप बस नहीं कर सकते, आप नहीं कर सकते, आप नहीं कर सकते.",0
मैं वहाँ गया जहां मैंने एक बैंड यूनिफर्म पहना था जो उन्हें विशेष रूप से बनाया गया था।,0
किया गया.,1
"हाँ, um, ठीक है, देखो, आप थे, आप सूची पर थे लेकिन मेरे दोस्त, चंडलर ने बहुत अच्छा बिंदु उठाया कि आप अंतरराष्ट्रीय हैं, तो मैं तुम्हें विनोना राइडर, स्थानीय के लिए बुमपे.",1
"ओह, मुझे लगता है कि मैंने कभी उस कहानी सुनी नहीं है।",1
तो यह दो साल में आपका दूसरा विवाह है।,1
"हाँ, यह एक बहुत बड़ा हवाई जहाज है।",1
नहीं।,1
"ठीक है, महिला मैं बातचीत के साथ बहुत कठिन था, लेकिन आप जानते हैं ईश्वर की धन्यवाद मार्क मुझे प्रशिक्षण दिया था, क्योंकि एक बार मैं झरना रेखा के बारे में बात शुरू करने के लिए, वह सब खुश हो गया और चुप नहीं होगा।",2
"मेरे पास--और मैं इस भाग को जीवंत रूप से याद रखता हूँ--पम्पकिन पी का मुंह भरा है, और यह वह क्षण है जब मेरे माता-पिता मुझे बताने के लिए चुने हैं कि वे तलाक़ दे रहे हैं.",0
यह लगभग 500 डॉलर है कि आप मुझे दे रहे हैं!,2
यह उस पर निर्भर करता है जिसने पूछा।,1
"मेरा मतलब है, मैं नहीं जान सकता था, मेरा मतलब है, यदि, यदि डॉक्टर जानता है, और कैरोल जानता है, और सुसन जानता है...",2
सचमुच?,1
तुम कैनो ले जाओ!,0
"लगभग! लेकिन पहले, हमें शुरू करना है।",1
"हाँ, बहुत धन्यवाद. और फिर से, हम बहुत खेद है. हम इस बारे में बुरी तरह महसूस नहीं कर सकते थे.",2
"ओह, नमस्ते, कीटल? यह मोनिका है. तुम काला हो.",1
ओह! मुझे सौभाग्य है! ओह मेरे भगवान! कि,1
हे फीब्स!,2
"आप जानते हैं कि सबसे दुखद हिस्सा है, जब हम एक साथ खेल रहे थे, कि तरह से सबसे अधिक आनंद मैंने अपने जीवन में कभी किया था।",0
"सांता को क्या हुआ है, होली अर्माडिल्लो?",1
"अच्छी तरह से, goodbye चंडलर. मैं एक महान blackout था. तुम्हें देखते हैं.",1
दूसरा क्या है?,1
"धन्यवाद, मोनिका।",2
मुझे अचानक यह महसूस हुआ कि मैं गिर रहा हूँ। लेकिन मैं नहीं हूँ।,1
"ओह, तुमने किया, यहाँ बीस हैं।",1
"आपको यह जानना चाहिए कि हम यह फ्रैंक और एलिस के लिए कर रहे हैं, जिन्हें आप जानते हैं, आप वहाँ थे!",2
ठीक है लेकिन तुम्हें पता है कि मेरे पिंचनीय कूल्ले और मेरे उभरने वाली बीसेप्स के बारे में क्या-उसको पता है!,0
मैं तुम्हें नहीं कहूँगा कि वे उस शादी पर खर्च किया था... लेकिन चालीस हजार डॉलर बहुत पैसा है!,1
अरे! कौन मेरी टर्की बर्बर है?,1
श्री हेकल्स.,1
"ओह! और उस साल से पहले, जब आप उस बटन फैक्टरी की रात की यात्रा शुरू की?",0
"मैं राच करता हूँ. मैं करता हूँ, और मैं तुम्हारे लिए बहुत खुश हूँ.",2
"हाँ, अच्छा! ठीक है...",0
पिज़ा बॉक्स।,1
"सबसे पहले, यह आपके गले पर है।",1
मैं यहाँ आऊँगा।,0
"ओह, प्रतीक्षा करो और उन्नीसवें दिन एक रहस्यमय क्रैश अपने आप को घोषणा करता है।",1
"ओह, मैं करना चाहता हूँ, लेकिन मुझे अगले दिन इतनी जल्दी उठना है और इसलिए, आप मुझे जानते हैं, काम सबसे पहले होता है",1
ठीक है- जहां हम सारी रात देख रहे हैं!,2
मैं समझ नहीं पाता कि मोनिका को क्या बनाना है।,1
जानिस!,1
क्या वह अन्य जानवरों से लड़ता है?,1
अगर मैं पूछें तो क्या होगा?,1
"हं, हं, रेचेल हम एक सेकंड के लिए बात कर सकते हैं?",1
नहीं. और मैं नहीं सोचता कि मैं करना चाहता हूँ.,1
"अच्छा, शायद यह एक प्रतियोगिता है, तुम्हें पता है? जैसे, सभी पांच इकट्ठा?",1
हाँ-हाँ मुझे यह पसंद है लेकिन सिर्फ एक और दिशा में जाना,1
"नहीं, मैं आप पर प्रहार नहीं करना चाहता।",1
तू?,1
"सावधान. प्रकाश. ठीक है, आप कैसे जानते हैं, बस इसे ढलाने के माध्यम से छिड़काएँ. ठीक है? बस इसे छिड़काएँ.",1
"ओह-हू, बहुत आकर्षक, क्षमाशील।",1
मैं अब इसे नहीं ले सकता।,0
और मैं समझता हूँ कि आप के लिए एक रिंग डिज़ाइनर का उपयोग किया है।,2
"तो, क्यों आपने कुछ नहीं कहा?",1
"तुम्हें क्या पता है? मैं नहीं, मैं नहीं सोचता है Phoebe वास्तव में आना चाहता है।",2
"हाँ, मैं ठीक हूँ. मैं सिर्फ बैंक में, एक एटीएम द्वार में फंसा हूँ.",1
"ठीक है, जो भी हो।",0
"हाँ, हू. मैं बस uh हूँ, आप जानते हैं मैं सिर्फ एक पार्टी के लिए कुछ चीजें उठा रहा हूँ.",1
तुम कौन हो?,0
जोय.,1
"वह सही है, यह Jill है. Jill Goodacre. ओह भगवान्. मैं एक एटीएम द्वार के साथ Jill Goodacre में फंसा हुआ हूँ!",1
यह वास्तव में मेरे लिए एक अच्छा समय नहीं है।,0
यह कि वह एक जटिल आदमी है जो शायद एक पत्नी लेने के लिए नहीं है!,0
मुझे कल के बारे में बहुत-बहुत अफसोस है।,0
तुमने उसे बताया कि आपके पास क्या समस्या है?,1
"ठीक है, रोस, यह इतना मुश्किल से दबाओ नहीं।",1
हम अगले विश्राम स्थान पर स्विच कर रहे हैं और,0
"वास्तव में, यह नहीं हो सकता है।",1
"हम प्राकृतिक इतिहास के एक संग्रहालय में काम करते हैं, और फिर भी हमारे खाने के तरीके में कुछ अस्वभाविक है।",1
हाँ बाय बाय! अरे! तो सिर्फ एक हल्का परत?,1
मिल गया!,2
"मेरा मतलब है, आप जानते हैं, हम कभी भी वास्तव में बात नहीं की है।",1
अच्छा विकल्प।,0
क्या हुआ?,1
आप स्वागत है. मुझे क्षमा है. मैंने आप को दुख दिया था?,0
"मैं जानता हूँ, लेकिन-आओ, आदमी, वह जरूरतमंद है, वह असुरक्षित है।",1
और सबसे महत्वपूर्ण मैं... तुम हमें पहले पकड़ने के लिए होगा.,2
यह है,1
"यह कोई बड़ी बात नहीं है. अरे, तुम्हें पता है, आप क्या करना है क्या करना है. ठीक है?",1
"उसने कहा, बहुत धन्यवाद, वह सोचता है कि तुम आज रात बहुत सुंदर लगते हो, अपने बाल, सूर्य की तरह सोने के।",2
Joey! हम बस स्विच करना चाहिए।,1
"ओह नहीं! नहीं भगवान, निश्चित रूप से ईर्ष्या नहीं है!",1
आप की वजह से समस्या है!,0
नहीं मैंने नहीं किया!,0
मेरे प्रेमी को सचमुच अच्छा स्वाद है!,2
कुछ नहीं?,1
हारून! तुम मुझे छोड़ देना चाहिए. आदमी hammered है!,2
Hey!,1
सुपर को पता नहीं चल सका कि वह क्या करता है।,1
१६ नवंबर,1
सूची पर रहो. हमेशा सूची पर रहो.,1
"अच्छा, तुम क्या करते थे?",1
वह मुझे क़त्ल करने की कोशिश कर रही है?,0
"अरे, लड़ाई शुरू हो रही है!",2
"ओह हाँ, अच्छी तरह से मैं सिर्फ फिर से मोती पहनने शुरू किया।",1
मुझे एक पेय चाहिए।,1
लेकिन कभी-कभी आप अपने उस व्यक्ति को मिलता है जो उन्हें पोज में चाहता है।,1
"मेरा मतलब है, यह अविश्वसनीय है।",1
"ओह, मेरे हाल में क्या हो गया है?",0
हम सब कल रात खान-पान के लिए बाहर जाएँगे?,1
जो,2
"ठीक है, ठीक है, खुश होना।",2
"और भी, हम नहीं जानते कि इस के साथ क्या करना है।",1
"क्यों, मैं एक भावना है कि यह ध्वनि के रूप में खुश नहीं है? नहीं! Nooooo!!!",0
"ठीक है, देवियो और सज्जनो, चलो चुप्पी।",1
"हाँ, लेकिन जब उसने मुझे रिंग के साथ प्रस्तावित किया तो मुझे गुड़बड़ाने लगे।",0
ओह,1
लेकिन देखो! यह एक धब्बा छोड़ने के लिए जा रहा है!,0
"एकक Cinderelly का निर्माण करें, टायल Cinderelly डालें।",0
आप हममें से एक को यह करना चाहिए!,2
अगर मैं उसे नहीं पा सकता तो तुम उसे नहीं पा सकते!,0
"आप देख रहे हैं कि आप नहीं कह सकते कि कौन कौन है जो भी, dwha!!",1
बंद हो जाओ! यह जगह एक छिद्र है!,0
बस प्रतीक्षा करें।,1
यह काम करेगा!,2
"नहीं, हाँ! नवयुवक लड़की को नहीं देख सकता है!",0
"रचेल मेरे सबसे घनिष्ठ मित्रों में से एक है. हालांकि, केवल एक है जो इस बारे में कुछ जानता है मुझे विशेष महसूस करता है. ठीक है!",1
"ओह हाँ! हाँ, नहीं, हम कनेक्ट करने के लिए जा रहे हैं, y'know बांड, और सब कुछ.",2
"हाँ, ठीक है, आप गलत हैं! ठीक है, आप गलत हैं।",0
क्या अच्छा विचार है. आप सभी कपड़े मिलते हैं. मैं यह करने के लिए जा रहा हूँ.,2
अरे! यह कैसे चला गया?,0
मुझे उल्टी लग रही है!,0
"अच्छी तरह से, यह पिछले रात तुम्हें देखना बहुत अच्छा था।",2
मैं तुम दोनों को कैसे ठीक कर सकता हूँ?,2
"ओह, मैं जानता हूँ. मैं सिर्फ दो नाम सोच सकता था, वह और एड बेगली जूनियर और फिर मैं याद था कि वह गे है.",1
"ठीक है,stop-stop! Phoebe!",0
"चंडलर, मैं...",2
मैं विश्वास नहीं कर सकता कि वहाँ एक नग्न व्यभिचारी है!,1
वहाँ वह है! वहाँ वह है!,1
क्या तुमने अपनी बहन से कहा कि वह मुझसे बाहर निकलें?,1
"अच्छा, रात्रिभोज पर क्या हुआ?",1
मारिया कौन है?,1
"'क्योंकि मैं एक तरह से पूरी तरह से तैयार था उसने कहा था, यह था, यह पहले से ही देखभाल की गई थी।",0
मुझे लगता है कि भारत तक जाने के लिए आपको बहुत सारे घरों को साफ करना होगा।,1
"नहीं! नहीं, यह सच नहीं है. नहीं, कभी भी सबसे अच्छा समय! हाँ, तुम मेरे संसार को रोका!",2
"आप पुराने को पीछे रख देते हैं, यह एक भावना है।",0
"ठीक है, हम भूख खाते हैं, हम सब कुछ खाने के लिए जाओ क्यों नहीं?",1
"ठीक है, अब आप लोग यहाँ से बाहर निकलेंगे? मैं यह एक आश्चर्य होना चाहता हूँ और वह जानने के लिए जा रहा है।",1
मैं करता था,1
"प्रतीक्षा-ओह-हे-हूह, ओह, महान अब वह जानता है, और मैं नहीं जानता!",0
मेरा मेरे समाचार पत्र stole! यह एक तरह है,0
ओह!,1
"हाँ, नहीं!",0
यहाँ!,0
और याद है कि कैसे मैंने कहा था कि मैं इसे अपने बटुआ में रखने के लिए था ताकि अगर यह rang मैं इसे उठा सकता है?,1
रॉस रद्दी की टोकरी में नहीं बैठ सका।,1
"अरे, तुम लोग कल रात क्या कर रहे हो?",1
तुम आश्चर्यजनक लगते हो. मैं दुनिया में सबसे भाग्यशाली आदमी हूँ.,2
ओह भगवान्... वह अब क्या करने जा रहा है?,0
"ठीक है अब, याद रखें, जब आप संग्रहालय में पहुँचते हैं, मोने M-O-N-A-Y अक्षर नहीं है।",1
"ठीक है, हाँ, निश्चित है, क्या है?",1
मैं इन सभी अफवाहों को सुनता रहता हूँ कि मुझे बर्खास्त किया जा सकता है.,0
"तो हं, मुझे बताओ रिक, कैसे हं, कैसे आपने इस क्षेत्र को घायल किया।",1
तुम्हारे चेहरे पर क्या हो गया है?,1
"ओह ठीक है. हं, ठीक है. हे, यह फ़ायबे है एमपियर कार्यालय आपूर्ति से, मैं अपने आपूर्ति प्रबंधक से बात कर सकता है कृपया?",1
"ओह भगवान्, आप लोग ठीक हैं?",1
"सचमुच, यह ठीक है, जो भी आप चाहते हैं।",1
तुम Rachel गर्भवती हो गया है!,1
यह आकर्षक लगता है।,1
"Uh, कहते हैं कि क्या आप हं... क्या आप फिर से जाँच कर देख सकते हैं कि क्या कोई हं, निजी कमरों में खुल गया हो सकता है?",1
"हमारे पास 50 डॉलर नहीं है, लेकिन आप इसके लिए व्यापार करने के लिए तैयार होंगे? हमारे पास एक कैनो है।",1
हाँ! और मैं इसे भी बिक्री पर मिला.,2
"Uhh,",1
... मैं नहीं जानता।,1
"नहीं! नहीं! नहीं! मैं कोई जिम्मेदार व्यक्ति से बात कर सकता हूँ, कृपया!",0
"नहीं, Kathy के साथ सब ठीक है. मैं उसके साथ रात को देर से खान-पान कर रहा हूँ, कैसी के साथ मेरे आरंभिक खान-पान के बाद ही.",1
"राहेल के पास कुछ है जो वह आपको बताना चाहती है और हं, मैं मानता हूँ कि यह आपका लाल जूता है.",1
"मैं सिर्फ अधिक सुखी चीजों पर जाना चाहिए, ठीक है? हं, क्यों आप अपने प्यारी शादी के बारे में नहीं बताते?",0
क्यों तुम इतना परेशान हो रहे हो?,1
बर्तनों के साथ क्या था?,1
"ठीक है, यह महान है. नहीं, मैं हूँ-ओह.",2
"कोई suds नहीं? मुझे क्षमा करें, एक सेकंड पर रुकिए. यह मेरे दोस्त की मशीन है.",0
"खैर, वे uh, वे-उन्हें से अधिक कर रहे हैं।",1
"आह, आह, एक सेकंड रुको. आओ, आओ. ठीक है, तो इसके बारे में सोचो, और मुझे वापस बुलाएँ.",1
मुझे नहीं लगता कि आप कभी ऐसा कर सकते हैं।,1
"हाँ, वह गोया है।",1
तुम इतनी मर गए हो! मैं तुम्हें ले जा रहा हूँ.,2
"හේ, राच, मैं अपने नेत्र-कुलर बॉरो कर सकता हूँ, मुझे लगता है कि मैंने अपना खो दिया है।",1
"मैं आप के बारे में कुछ सवाल पूछने के लिए, यह है, uh, Marcel?",1
"तो हं, अब आप यहाँ मैट ल्यूर के वस्त्रों में से कोई भी है? शायद? सिर्फ उन है कि अभी तक साफ नहीं किया गया है?",1
क्या surprise party?,1
लेकिन यह वास्तव में,1
बहुत धन्यवाद! ओह! धन्यवाद!,2
"मैं, मैं तुम्हारी मदद नहीं कर सकता।",0
डॉक टर कहते हैं कि यह एक needle होना चाहिए.,1
तो हार्दिक स्वागत के लिए धन्यवाद।,1
"मैं सिर्फ 26 साल है, मैं अभी तक शिशुओं के बारे में भी नहीं सोच रहा हूँ।",0
"हाँ-हाँ, यह है",1
"कोई कोब नहीं, जैसा कि कोब सलाद में होता है।",1
"ठीक है, अच्छी तरह से मुझे लगता है कि मैं बस क्या मैं डेट करते हैं करने के लिए करने के लिए होगा।",1
मैं ओबो बजा सकता हूँ!,0
"मेरा मतलब है, तुम और मैं हम बस, तुम्हें पता है, हम कुछ भी नहीं हैं, हम चारों ओर goofin 'हो रहे हैं।",1
जब तक आप फिर फ़ॉक्सट्रॉट अभ्यास नहीं करना चाहते? या-या टैंगो?,1
हम हैं! धन्यवाद! हाँ!,2
तैयार?,1
तुम इतनी तीखी छड़ी पर खाना क्यों पेश करते हो?,1
ओह? सचमुच? मेरी बेटी तुम के लिए क्या मतलब है? कुछ भी नहीं?,0
वह?,1
आप-आप श्री Bing चुनना होगा।,1
मेरे साथ?,1
तुम यहाँ क्यों हो?,1
"मैं जा रहा हूँ, मैं उसे वापस चाहता हूँ।",1
"ओह, कालेज से Dana Keystone.",1
"अच्छा, इसे समय दें।",1
आह हाँ-अभी एक सेकंड प्रतीक्षा करें!,0
उसका जवाब मशीन?,1
"मैं उनके काम से परिचित हूँ, हाँ...",1
बाय चंडलर! मैं पहले से ही तुम्हें खेद करता हूँ.,0
यह एक हर्निया है।,0
सभी को नमस्कार।,1
"अल्लाह, मैं भी।",1
मैं सिर्फ Bamboozled चंडलर! जो कि uh यौन बात नहीं है. कि एक त्वरित स्नान था.,1
"हं, चंडलर, रोस, यह रॉबर्ट है।",1
"इस जीवनकाल में ऐसा कुछ भी नहीं था, बैंक में पैसे, तो राहेल और मैं विच्छेद हो गया.",0
ओह... मैं वास्तव में बाहर पूछने के लिए यहाँ आया था.,0
"हाँ, एक बार।",1
oooooooooohhhhhhhhhhh,1
मुझे विश्वास है कि वे जल्दी ही यहां होंगे।,1
यहाँ वह है! भावी फैशन सुपर स्टार!,2
मुझे पता चलता है कि आप को काफी महत्वपूर्ण दायित्वों के साथ विश्वास किया गया है।,1
सचमुच? क्योंकि मैं एक तरह से पैसे का उपयोग कर सकता था.,1
मैं एक होगा।,1
"ओह, और मैं भी थोड़ा फ्रांसीसी बोल सकता हूँ. Voulez-vous coucher avec moi ce soir? क्यों? मैंने क्या कहा?",2
"ठीक है, थोड़ा ऊपर।",1
"मैंने तीन बड़े आदमी को चोट पहुँचाई, मैंने एक आदमी को खूनी नाक दे दी-मैं इसका गर्व नहीं करता, लेकिन, मैं सचमुच हूँ।",0
अरे! यह कैसे चल रहा है?,1
यही कारण है कि मुझे मोनिका और चंडलर के लिए 80 प्रतिशत खुश होना आसान होता है!,2
"Phoebe, आपका बैग क्यों चल रहा है?",1
अरे! याद है जब मुझे कोर्नस था?,0
हो guys.,1
"ठीक है, यहाँ आपके फोन चिकित्सक है।",1
चलो देखते हैं।,1
तो क्या है! जब तक वह एक सफेद पोशाक और एक परदा नहीं पहनता है मैं परवाह नहीं करता.,1
"ठीक है, वास्तव में, तुम सिर्फ 'मेमो-' गाना है.",1
"ठीक है, कौन यह कहेगा कि क्या सच है? मेरा मतलब है...",1
अच्छा तो मुझे यह करने दो!,2
लेकिन कल क्या होगा?,1
चंडलर कृपया!,0
"निश्चित रूप से, ओह मैं वचन देता हूँ. उसे क्या बताओ?",1
यह क्या है? फल?,1
तुम्हें घृणा कर रहा है!,0
अब क्या तुम सिर्फ किसी प्रकार की अनुचित मजाक नहीं कर सकते थे?,0
मैं भी ऐसा किया था।,1
"मुझे क्षमा है सर, मैं नहीं समझता।",1
आप होटल मोनिका का पहला अतिथि हैं!,2
"अरे राच! अरे, तुम्हें क्या हो सकता है अगर मैं अपने हास्य पुस्तकों को यहाँ पढ़ता हूँ?",1
"चलो, आप सोचते हैं कि वह मेरे साथ बाहर जाना चाहिए, आप नहीं?",1
क्या तुम सचमुच ऐसा कर रहे हो?,0
महान कार्य टीम!,2
"तो, मुझे खेद है मैं अभी तक हम एक साथ जाना चाहिए नहीं लगता है।",0
आप का मतलब है कि वे आप को पसंद करते हैं।,1
लेकिन वे सभी अद्भुतता नहीं देखते जो मैं देखता हूँ।,2
ठीक है.,0
ओह यह अच्छा है।,2
उसके साथ क्या है?,0
"तो, आप संभावनाओं का खेलना है, जो देश में हमेशा की तरह होने वाले किसी को चुनने के लिए है।",1
"अगर हम अलग हो गए, और मैं तुम्हें खो दिया...",0
यह स्थान बहुत अधिक मूल्यवान है।,0
मैं जानता था।,1
यकीन है कि यह व्यंग्यात्मक है...,1
"मैं सिर्फ एक छोटा-सा टेलीविजन देखने के लिए चाहता हूँ. क्या बड़ी बात है? अरे, relax माँ.",0
"हम परेशानी के लिए क्षमा करें, और उम्मीद है कि आप इसे स्वीकार करेंगे--",1
उसने मुझे चार्कोल का चित्र भी दिखाया जो उसने मेरे बारे में बनाया था।,1
"आप जानते हैं, hey! आप एक है जो इसे समाप्त करने के लिए है, याद है?",0
"अच्छी तरह से, मैं-मैं तुमने क्या कहा था के बारे में बहुत सोचा, और हं, मैं वास्तव में ड्यूह, ठीक है शायद मैं एक छोटा सा निर्णयात्मक था.",0
"Hey, Joey!",2
"..मैं नहीं जानता, थोड़ा भी एलन?",1
"Hey, कोई कोई रस्सी की एक लंबाई है लगभग छह फुट लंबे और एक छोटा-सा नाक के अंत में है?",1
Hey!,2
मैं सचमुच आप के साथ उठना पसंद करता हूँ।,2
यहाँ।,1
हा!,1
मैं उस आदमी के कार को ढूंढने के लिए जा रहा हूँ और windshield पर एक नोट छोड़.,1
चलो।,1
"ओह, वास्तव में।",1
"अब, आप दोगुना बोनस प्राप्त करने के बाद, आप, एक कार्ड मिलता है.",1
"नहीं, उसने पहले मेरा हाथ लगाया!",0
जैसे जोय के निरंतर अंगूठे काटने की परेशानी नहीं है?,0
मैं चंडलर से शादी नहीं करूंगा!,0
"Uh-huh, इसीलिए वे इसे स्टैटेन कहते हैं",1
मैं वास्तव में जन्म से पहले आप से बात करने की जरूरत थी।,1
चलो स्कोचिंग की कोशिश करें!,2
ओह हाँ?,0
क्या आप ठीक हैं?,1
मैं मुक्त हूँ! मैं मुक्त हूँ!,2
तुम अभी समाप्त?,1
Joey stuffing 15,1
"मेरा मतलब है, ठीक है, वह थोड़ा देर हो सकता है, लेकिन, वह वहाँ होगा।",1
"मैं जानता हूँ, बस तेजी से सवाल, तेजी से सवाल। जो एक था",1
"मुझे पता है कि यह पागल लगता है, लेकिन चंडलर यह दुनिया में सबसे बड़ा सैंडविच है!",2
"तो, तुम अपने पैरों को छाँव दिया था?",1
यह पहली बार निकलने से बहुत बेहतर है।,2
मैं इसे कहता हूँ!,2
इह-वाह-मुझे क्षमा करें?,1
हाँ!,2
ओह. आप क्या करते हैं?,1
"और रास्ते में कहीं-कहीं, उनमें से एक उन्हें क्या किया है समझने के लिए जा रहा है और वे पूरी बात को बंद कर रहे हैं.",1
अफ़सोस!,0
"और वह कह रही थी, ""ओह, चिंता मत करो!",0
मैंने चित्र पा लिया!,0
बस उन्हें अनदेखा करें।,1
"ओह-हू. बहुत गर्म, बहुत सेकसी. लेकिन आह, आप जानते हैं कि वह बहुत अंतरराष्ट्रीय है, आप जानते हैं कि वह यहाँ कभी नहीं होगा.",2
"हाँ, आप जानते हैं क्या, समुद्र में अन्य मछलियां हैं।",1
हाय! आप से मिलना बहुत अच्छा है!,2
पॉवर सैड एक तरह से मुझसे दूर हो गया था।,1
इसका कारण यह है कि उनके तंत्रिकाएं शायद इतनी मूर्खता से ग्रस्त हो गई हैं।,0
"देखो, मैं तीन बच्चों को बनाना चाहता हूँ",1
"ठीक है, यहाँ क्या है? चट्टान?",1
मुझे कहाँ दिखाओ?,1
हम ऐसा नहीं कर रहे हैं।,0
"Uh, फीब्स, कुछ लोग इसे तोड़ने और प्रवेश कहते हैं.",0
ठीक है!,2
"नहीं, आप हंस रहे हैं? आदमी एक विचित्र है..",0
जोए! तुम क्या कर रहे थे!,0
"हाँ, वह एक वाइकिंग की तरह लहरा सकता है।",2
"नहीं, मैं नहीं सोचता कि हम ऐसा करेंगे।",0
"अन्यथा, तुम सिर्फ निष्ठुर हो!",0
"हाँ, लेकिन मैं बहुत निश्चित हूँ कि वह गे है।",1
"Uhh, आप कहते हैं कि आप इस के बारे में पूरी तरह से खुश नहीं हैं?",1
तुम मेरे ऊपर हो?,1
"हाँ, मैं ऐसा करूँगा। तो कौन आपकी हो सकता है?",1
"वो, कि",1
"ठीक है, मैं एक नहीं करने जा रहा हूँ।",1
धिक्कार फ़ीबे!,0
तो क्या आप सोचते हैं कि ये चित्र-क्या वे एक कहानी बताने की कोशिश कर रहे हैं?,1
"तो uh, अब उस छोटे से चंडलर एक लड़की के रूप में पता चला, क्या वे उसे नाम दे रहे हैं?",1
ओह भगवान! जब मैं यहाँ रहता था तो यह इस तरह नहीं दिखता था।,1
वह यहाँ वापस क्या कर रही है?,1
"ओह, यह बहुत सुंदर है. यह उसे एक धन-दौलत लगता है.",1
"नहीं. नहीं-नहीं-नहीं-नहीं, नहीं. मेरा मतलब है, ऐसा मत करो. नहीं, मेरा मतलब है, मेरे लिए नहीं.",0
वह अभी भी प्रकट हो सकता है।,1
"चंडलर, चंडलर, आप जानते हैं कि हम क्या करना चाहिए? आप और मैं बाहर जाना चाहिए और कुछ नए sunglasses ले जाना चाहिए।",2
"मैं नहीं जानता, मुझे खेद है, मैं हमेशा पीछे में सो गया जब हम यहाँ ड्राइव करते थे।",0
"हाय! हाय-हाय, अब यह किसी की गलती नहीं है फेब्स. ठीक है? यह एक दुर्घटना थी.",1
"यहाँ एक chick-chick के साथ, और एक chick-chick वहाँ.",2
"ओह, लेकिन यह उसे इतना खुश कर दिया है।",0
"मेरा मतलब है जब मैं एक बच्चा था मैं सिर्फ उन खेलों को खेला क्योंकि मैं लड़कियों को नहीं मिल सकता था, और अब मैं",1
"ठीक है, मैं कल्पना नहीं कर सकता, मैं अपने जीवन को आप के बिना कल्पना नहीं कर सकता।",0
"हाय जोय यह जेन रोजर्स है, आज रात आपकी पार्टी के लिए इंतजार नहीं कर सकता।",2
"ओह, ठीक है कि मैं अपने पहले पति के बारे में क्या सोचा था, अब मैं भाग्यशाली हूँ अगर मेरा बच्चा अपने पिता और जुड़वां और छोटी मिशन न्यू बोब्स के साथ सप्ताहांत बिताने के लिए मिलता है।",0
"हाँ. बस, अगर यह संभव है, आप उसे कहीं छोड़ सकते हैं और एक और आदमी के साथ सेक्स करने के लिए जा सकते हैं?",1
"ठीक है, आह, आप सब फिर से बात करने से पहले, umm, आप भी कृपया Sergei को बता सकते हैं कि मैं वास्तव में उसकी सूट पसंद है.",2
लेकिन यह पर्याप्त नहीं है. तो... तो... यहाँ मेरे फ्लैट का एक कुंजी है.,1
"खैर, यह काफी बड़ा था. मैं-मैं-मैं-मैं-मैं इसका बहुत से भाग फेंकना था.",0
वे अपने बच्चे को जन्म रहे हैं!,0
"धन्यवाद, मैं सेट हूँ. क्या आप अभी भी अपने माता-पिता के साथ रहते हैं?",1
बाइ-बाइ!,1
"नहीं-नहीं-नहीं, मैं सोचता हूँ कि मैं देख रहा हूँ कैसे बातें Kathy के साथ चलती हैं. वह बहुत cool है.",1
"ठीक है. अरे-ओह, ठंडे पन्ने!",2
क्या आप गंभीर हैं?,1
आपका नाम नहीं!,0
गहरे गहरे गहरे नीचे!,1
तुम सही हो.,1
"ठीक है, एक बार एक बात।",1
"मैं वास्तव में चिंतित था और एसेन्ट बस uh, बाहर आया.",0
"मैं जानता हूँ, लेकिन, मैंने एक बड़ा गलती की. मैं कभी भी उसके साथ टूटना चाहिए था. आप मेरी मदद करेंगे? कृपया?",0
"ओह, ओह, ओह, कविता आप के बारे में नहीं है।",1
"हाँ, हाँ, तुम अपने दोस्त से बात करने के लिए जाओ. तुम कहो, ""सभी अच्छा प्रयास.""",0
स्पष्ट है कि हममें से केवल एक ही उसके साथ मिलन जारी रख सकता है।,1
मैं हमेशा इतना बुरा नहीं हूँ!,1
"मुझे बहुत अफसोस है. कृपया, डरना बंद करें.",0
"ठीक है, इसे बर्बाद न करें, मैं इसका अभी भी भोजन मतलब है।",1
"ठीक है, ah,........y'know।",1
"ठीक है, चलो, मैं जब तक कि मैं कुछ पुराना, कुछ नया, कुछ उधार लिया और कुछ नीला मिलता है, शादी नहीं कर सकता।",0
"ठीक है देखो, आप खुद अभी वहाँ जाने के लिए जा रहे हैं, ठीक है, कुछ आश्चर्यजनक दौरों करने के लिए।",1
"लेकिन काम सबसे पहले आता है! ओह हे, लेकिन यह आप के बारे में दुखद है हालांकि, क्या हुआ? बर्न आउट? सभी बर्न आउट, क्या आप कर रहे हैं?",2
"ओह, अपने ऊपर बिटना बंद करो!",0
कोई समस्या नहीं! मैं,2
"तो, चट्टान।",0
ओह! ईश्वर की कृतज्ञता!,2
मुझे यकीन है कि यह बंदूक है।,1
"मैं नहीं हूँ, मैं अभ्यास के लिए आप के साथ एक-एक स्ट्रिप पॉकर खेलना नहीं जा रहा हूँ!",0
"हाँ, आप के लिए. कि सूची है?",1
आप बेहतर कार्य या हास्य को क्या पसंद करते हैं?,1
"नहीं, मेरे पास सिर्फ दो और बिंदु हैं उसे हराने के लिए!",2
यह देखो. पांच सौ सातteen बॉक्स!,1
"जैसे, हाथ मॉडलिंग!",2
मेरी सैंडविच!!!!!!,0
"हो-हो-हो, पनीर के साथ फ्राई हुई चीजें!",2
"हाँ, ठीक है, मैं बाद में आप से बात करूँगा।",1
"अपरिचितों के लिए, ""Blood"" कहने को बंद करो।",0
"महान, मोनिका, तुम क्या जानते हो, तुम फोन कर सकते थे, मैं यहाँ रहा हूँ, मैं चिंता कर रहा हूँ...",0
यह ठीक है।,1
कार्रवाई!,1
आप जानते हैं कि मैं कहाँ काम करता हूँ!,1
अपनी माँ की बात मत सुनो।,1
"श्रीमती, श्रीमती गोब्ब?",1
मैं आपको कैसे मदद कर सकता हूँ?,1
आप हमारी गलती पर ध्यान देने के लिए धन्यवाद।,1
आप हँस रहे हैं? मैं उस आदमी को प्यार करता हूँ! सुबह यहाँ है! सुबह यहाँ है-,2
"नहीं, राच, नहीं. मैं नहीं हूँ, मैं नहीं हूँ, मैं नहीं हूँ",1
"ओह, देखो तुम मेरे लिए कूड़ा बना रहे हैं. ओह भगवान!",0
"मैं नहीं जानता. मैं नहीं कह सकता, क्या कभी यह वापस बहुत तेजी से चला गया था.",1
रॉस आप आप में scarf छोड़ दिया है-है आप लोग.,1
"कि फ्रिज भंडारित किया जाना है, ठीक है, कि अब आपके विभाग है।",1
महान उपन्यास?,1
"ओह हाँ, अब हर कोई इस टोपी के नीचे होना चाहता है!",2
कौन जानता है?,1
"अब, मैं इस उपहारगृह के चारों ओर देखता हूँ, और तुम्हें पता है क्या मैं देखता हूँ, मैं देखता हूँ-मैं विभाजन देखता हूँ।",0
"Wh-इसीलिए मैं ah, ahh, ठीक है।",1
"හේ रॉस! तो, मैं देख रहा था कि uh, संपत्ति सेक्शन",0
हाँ! तुम... तुम अद्भुत थे।,2
"हाँ. हाँ, हाँ मैंने किया. लेकिन यह था, यह सिर्फ एक रात की बात थी. यह कुछ भी नहीं था.",0
"वास्तव में, मैं यहाँ चाकर को पूरा करने के लिए नहीं हूँ।",1
शुक्राणु या नियमित?,1
"हाँ! हे एम्मा. हे, तुम क्यों लगता है कि वह मेरी स्तन नहीं लेगा?",1
"और मेरी दूसरी कक्षा के शिक्षक श्रीमती टॉमस थे, और मेरी पहली कक्षा के शिक्षक श्रीमती कोब थे।",1
यह क्या है?,1
क्या? मैं सिर्फ कहा गया हूँ.,0
"ठीक है, मुझे बस एक कप कॉफी ले लो।",1
"हाँ, ठीक है, मैं डेन को बताने जा रहा हूँ कि यह नहीं होने जा रहा है. नृत्य न करें.",1
तुम नहीं कह सकते!,1
"ठीक है, चलो एक प्रयास करें।",1
अरे आदमी!,2
"Uh, यह एपोल्यू 8 की एक सही प्रतिकृति है।",1
रेस्तरां के बाहर का संगीतज्ञ... यह एक तरह की मनोदशा विनाशक है!,0
आयु?,1
अरे! मुझे विश्वास नहीं हो सकता कि मैंने उसे अपनी सूची से हटा दिया।,0
मेरे जीवन में किया गया सबसे कठिन काम।,1
"यह जैसे... जैसे वह राजकुमारी है और मैं स्थिर लड़के हूँ... क्यों आप यह कर रहे हैं, हू?",0
"भगवान, और अब मैं सिर्फ उसके साथ चित्रण बंद नहीं कर सकता, मैं नहीं कर सकता, यह कोई बात नहीं है कि आप क्या कहते हैं, या आप क्या करते हैं, रोस.",0
चलो. एक 80 फीट inflatable कुत्ता शहर के ऊपर छोड़ दिया. कितनी बार ऐसा होता है?,1
Hey!-Hey! क्या हो रहा है?,1
मुझे दुकान में जाना है; मैंने उसे बताया कि मैं उसे कुछ और ऊतकों खरीदने के लिए होगा।,1
मेरी पत्नी एक lesbian है।,0
"ओह, धन्यवाद.",1
क्या बात है? क्या तुम डरते हो?,0
वह जीवित है! वह एक-जीवन है!!!,2
अच्छा... औसत पांडुल्म,1
टिकटों के लिए कृपया! यह courtside बच्चा है!,2
"अच्छा, कम से कम उसे एक आदमी को वेदी पर छोड़ने का मौका मिला...",2
"प्यारा, आराम करो. रोस उसके साथ बहुत अच्छा है. इतना आश्चर्य नहीं लगो. मैं एक प्यारा व्यक्ति हूँ.",2
कौन सा?,1
"मैं एक ब्रो सुखाने पर शॉउश रॉड छोड़ दिया है, आप नहीं लगता है कि अपने बेटे को लगता है कि यह आपकी है और भयावह रूप से травмित हो जाएगा?",2
"ठीक है, विदा...",0
"ठीक है, हम नहीं क्योंकि हम मिल गया है...... अन्य pl-स्थान.",1
"सच है? ठीक है, तो",1
एजेल!,0
"හේ रॉस, क्या स्टैटन द्वीप वास्तव में एक द्वीप है?",1
"boyfriends और girlfriends आते हैं और जाते हैं, लेकिन यह जीवन के लिए है!",0
"हाँ, प्यारा, वे इसे नहीं छोड़ेंगे।",1
"अच्छी तरह से, मैं मतलब है अगर uh, अगर एमीली मुझे एक विकल्प दिया",0
"हाँ, चलो, हम लोग हो सकते हैं!",2
जेक के साथ कुछ भी गलत नहीं है! ठीक है? वह सब आदमी है! मैं तुम से भी अधिक सोच रहा हूँ.,1
"हं, ठीक है, हं, भगवान्, हं, जब आप और हं रोस पहली बार बाहर जाना शुरू किया था, यह मेरे लिए सचमुच कठिन था, हं, कई कारणों के लिए, जो मैं अब आप को कंजूसी नहीं करने के लिए जा रहा हूँ, लेकिन हं, मैं सिर्फ, मैं देखता हूँ कि वह कितना खुश है, आप जानते हैं, और कैसे अच्छा आप लोग एक साथ हैं, और हं, मोनिका हमेशा कहते हैं कि आप कितने अच्छे हैं, और भगवान् मैं यह घृणा है जब वह सही है.",0
"हालो, यह मोनिका है...",1
"ठीक है, मैं जाने देता हूँ।",0
"ठीक है, दस ब्लॉक नीचे. पांच करने के लिए जा रहा है.",0
"ओह, ओह भगवान्! ओह भगवान्! वह हमारे बारे में जानता है!",1
क्योंकि मैं किसी के साथ एक और दिन बिताने के लिए नहीं जा रहा हूँ जिसके बाहर मेरे हर चाल को तोड़-फोड़ करने के लिए।,0
"नहीं, यह उससे भी बुरा है।",0
"हं, मैं कुछ इटालियन आदमी नहीं हूँ. चलो, अपना लेबल पढ़ो. आप बाद में मिलेंगे.",1
"हाँ, हम सब! पूरे दिन!",2
"मैं अब तक एक अच्छा आदमी रहा है, लेकिन uh, मैं इस शोक की जरूरत नहीं है।",0
"हाँ, मैं जानता हूँ. यह महान नहीं है? एक कम व्यक्ति हम से छोटा बात करने के लिए है।",2
"यह ठीक है. आओ, अंदर आओ.",1
"नहीं-नहीं, यह बहुत मजेदार होगा! हम वापस आ सकते हैं और हम इन लोगों को पीछा कर सकते हैं!",2
क्या तुम्हें याद है कि दीवार का कौन-सा भाग पैकेल नहीं है?,1
"नहीं! क्योंकि मैं आपका प्रेमी नहीं हूँ. हाय फीब्स, यह कैसे हुआ?",1
"आप-आप-आप यह नहीं जानते थे. अच्छी तरह से, मुझे लगता है कि मेरा काम यहाँ किया गया है!",0
"ओह, कृपया! तुमने सुना है कि? आकाश के छोटे-छोटे ड्रॉप.",2
क्योंकि! 'क्योंकि... 'क्योंकि तुम मेरी छोटी बहन हो!,0
"क्योंकि आप जानते हैं कि आप कितने प्रतिस्पर्धी हो जाते हैं और अच्छी तरह से, मैं यह प्यारा है कहता हूँ, अन्य मतभेद करते हैं, और मैं झूठा हूँ!",1
Hey Joe! आप कुछ hoops गोली चलाना चाहते हैं?,2
हाय लोगों!,2
"महान, चलो शुरू करें. दबाव कैसे है?",2
ओह भगवान।,0
"और अगर यह सच था, कैसे",1
मैं आपको नहीं बता सकता। यह एक रहस्य है।,1
"तुम्हें पता है, यह पहली बार था कि मैं अपने लिए डिनर बनाना था, कैरोल मुझे छोड़ने के बाद?",1
मैं आपका स्थान पसंद करता हूँ! यह आदमी कहाँ से है?,2
जब मैंने कहा था कि आप नीरस थे!,1
"मेरा मतलब है, आप सोचेंगे कि वह मुझे अपने क्लब में नहीं दिखाने के बारे में चिंता करता है।",0
हमें हमेशा एक साथ टूटना चाहिए।,1
"ठीक है, मैं बाहर आ रहा हूँ. ارے, आप प्रकाश बंद कर सकते हैं.",1
"और तुम उस पर दूसरी एक पता है, कि सीढ़ियां है।",1
"आप से मिलना बहुत अच्छा है. मैं आप मुझे बताना चाहता था कि हम कंपनी कर रहे हैं, मैं अपने आप को ठीक कर देता!",1
तुम यहाँ क्या कर रहे हो?,1
अच्छी तरह से तुम उसके बालों को खींच लिया था।,1
शायद उनमें से एक अलग हो जाएगा।,1
मोनिका!,0
"वाह! यह रोमांचक है, तुम जापान गया, एक महिला बना।",1
Yuh-huh!,0
मैं जानता हूँ,1
आपको सिर्फ कार्ड खरीदना था!,0
"अरे, क्या kangaroo के साथ दृश्य के बारे में? क्या-क्या तुम उस भाग को पसंद था?",1
"Nah ah! Nah ah! नहीं नहीं नहीं नहीं! कोई विज्ञापन-libbing और दोस्त, आप नहीं कर सकते",0
"हाँ, कैसे है. आओ. मुझे दे!",0
मुझे पीना है. और रेशेल स्नानागार में है!,0
"सुनो, सच्चे होने के लिए, घर सुपुर्दगी वास्तव में मेरे कार्य विवरण का एक हिस्सा है।",1
"आप जानते हैं, इसलिए मैं जितना महत्वपूर्ण किताबें आप पढ़ते हैं, उतना नहीं पढ़ता और मैं ऐसी जादू कविताएं नहीं लिखता जो एक बात के बारे में लगती हैं लेकिन वास्तव में कुछ और के बारे में हैं।",0
मैं तुम पर काम में पहुँचने की कोशिश की. वहाँ... एक आग हुई है.,0
"क्रिस्टीन रिग्स, यह कैरोल विलिक है.",1
Uhh....,1
"फीब्स, जागिए और नियंत्रण आदेश का गंध.",0
"वहाँ है-हम्म, वहाँ-एक घटना थी।",0
इस तरह मैं उन्हें एक फिल्म के साथ तोड़ सकते हैं।,1
अब चिंता मत करो! सब कुछ ठीक हो जाएगा.,1
मैं... मैं साहसी हूँ!,0
"नहीं, उन्होंने कहा था कि तुम एक आदमी के रूप में विश्वास योग्य नहीं थे। तो, आप उस पर काम कर सकते हैं।",2
आप इस के लिए पूर्ण हो जाएगा! यह पहले से ही आपका नाम है!,2
"ठीक है Wesley! मैं सिर्फ़ इतना कहने के लिए रुक गया है कि, तुम एक असली डॉक्टर नहीं हो! और उस महिला का मस्तिष्क, ठीक है!",0
क्रिस्टन।,1
"मैं तुम्हें सुना. लेकिन! दुर्भाग्यवश, मेरी कंपनी मुझे विदेशों में स्थानांतरित कर रही है!",0
"तो बस इसे नीचे ले आओ, क्या समस्या है?",1
"नमस्ते? ओह हाँ, एक मिनट कृपया. यह आप के लिए है. यह अग्नि निरीक्षक है.",1
तुम इस आदमी से कहा था कि मैं एक फ्लिंग के लिए देख रहा था?! तुम उस आदमी से नहीं कहो!,0
"नहीं, अब नहीं।",1
सचमुच?! तो यह आप के साथ हुआ है?,1
"नहीं, नहीं, नहीं... क्यों, क्योंकि यह अन्य सभी के लिए अजीब हो सकता है?",1
तुम सौ डॉलर खर्च किया है. यह सीमा है. तुम screwed हो!,2
हाय. आप जानते हैं कि क्या समय है?,1
"नहीं मैं गंभीर हूँ. मैं मतलब मैं अंतर्ज्ञानी हूँ, लेकिन मेरी स्मृति शून्य है।",1
राच? अरे!,2
"तुम यहाँ lipstick है। यह ठीक है, यह मेरा है, हम बस चुंबन किया है।",1
"Ross, नहीं है! वहाँ है",0
"ओह, सीटें कहाँ हैं?",2
ठीक है हम कुछ भोजन तो आदेश करना चाहिए।,1
जितना आप चाहते हैं जितना समय लें।,1
बहुत धन्यवाद।,1
"एक और मौका Ursula, कृपया?",0
"ठीक है, मैं नहीं... लेकिन मैं था, मैं तुम पर मात था!",0
"हाँ, इसके अलावा उसकी माँ सब पर सॉवर क्रीम डालती थी!",1
मैं जानता था कि मैं इसे उल्लेख नहीं करना चाहिए था! यह है क्या मैं अपने बच्चे को नाम देना चाहता था!,0
"नहीं, आप नहीं कर रहे हैं, आप सोच रहे हैं कि यह किस चश्मा है।",1
हेलो प्यारे.,1
"नहीं, तुमने शुरू किया था।",0
"हाँ, हम किस शहर के पास हैं?",1
मुझे खेद है. मैं कर चुका हूँ. मैं कर चुका हूँ.,1
"अरे, मैं इस पर विश्वास नहीं कर सकता!",1
"वास्तव में, यह लंबे समय तक होगा. आप जानते हैं, मैं वास्तव में अपने विचारों को व्यवस्थित करने की जरूरत है.",1
"एक, दो, तीन",1
"लेकिन जब हम हाई स्कूल में थे तो मैने जेम्स फ़रेल से बात की थी, जब मैं जानता था कि आप उसे पसंद करते हैं!",0
"हाय, फिर से.",1
पक्षियों के बारे में क्या?,1
"ठीक है, हमने आपके फोन बुक में सभी को बुलाया और बहुत से लोग आये, लेकिन हमें यहाँ आपको लाने में इतना समय लगा कि उन्हें जाना पड़ा।",1
आप देखेंगे।,1
"मैं अभी जोआना से बात की, और वह तुम्हें प्यार करता है. आप यह है, आप नौकरी है.",2
क्यों यह हमेशा हम गेंद पकड़ने के लिए मैदान में छोड़ दिया है?,2
"हाँ, हू।",1
"नहीं, तुम सबसे अच्छा हो।",1
तुम यहाँ क्या कर रहे हो!,1
"पिताजी, यह उसके लिए कोई बात नहीं होगी।",1
"ओह, चलो!",2
ठीक है?,1
700 ठीक नहीं?,1
"आप जानते हैं कि इससे पहले तुमने कहा था कि यह अजीब हो सकता है, पूरी छात्र शिक्षक बात, और सच्चे होकर मैं यह भी होगा, लेकिन यह नहीं है सोचा था।",1
"ओह wow, क्या एक सुंदर नाम है! यह फिर क्या है?",2
"नहीं,",1
"मैं नहीं जानता, मैं कभी एक दूसरे का उपयोग करने के लिए नहीं किया है।",1
"ओह, धोना हो गया है, ओह, ओह.",1
मुझे ऐसा नहीं लगता।,1
"अरे! तो uh, वह टिकटों के बारे में उत्तेजित था?",1
"अगर आप बहुत सावधानी से सुनते हैं, मुझे लगता है कि",1
मैं देख नहीं सकता!,0
न्यायाधीश हमें रद्द करने के लिए नहीं देंगे! अब हम एक तलाक़ मिल जाना है! क्या एक Porsch तुम पर फेंक दिया था?,0
अरे छोटा आदमी!,2
Hey! तुम सब लाल और आंघी क्यों हो?,1
"ओह, कोई भी तुम पर फ़ैसला नहीं करता।",1
"हाँ, हाय।",1
तो आप क्या कर रहे हैं?,1
"ठीक है, क्या है?",1
"यह ठीक है, बस इसे मेरे मुंह में नहीं लाओ।",0
"Hey! तो चंडलर, कॉफी हाउस में जाना चाहते हैं?",2
वार्र्र्र्र्र्र्र्र्र्रूम.,2
चलो चलो।,1
तो यह या तो आप दो या आप दो हो जाएगा।,1
हेलो बच्चों!,2
"वैसे भी, मैं जाना चाहिए. ठीक है, विदा.",1
"प्यारा, तुम सिर्फ चाकू बेचकर फ्रैंक और एलिस की मदद करने के लिए पर्याप्त पैसे नहीं बना रहे हैं.",1
मैं सिर्फ सेक्स किया था।,1
तो मुझे लगता है कि यह है।,0
तुम फिर से शादी कर चुके हो।,1
नहीं!,0
"सौभाग्यवश, वह आदमी जिसके लिए उसने तय किया है, आप के बारे में क्या बात कर रहे हैं सुन नहीं सकता।",1
"अच्छी तरह से वहाँ पूर्व है. और ओह, आप जानते हैं, पूर्ववर्ष.",1
"क्या आप गंभीर हैं! चचेल्डर, हम दो दिन पहले एक पूरी cheesecake खाया और आप अधिक चाहते हैं?",1
"प्रतीक्षा करो, तुम कहाँ जा रहे हो? तुम कहाँ जा रहे हो?",0
मुझे विश्वास नहीं है कि हम यहाँ हैं।,2
"ओह, गंभीरता से?",1
ओह तुम्हें क्या पता है?,1
क्या आप अभी किसी को देख रहे हैं?,1
"ओह, रोस आप सही है, मैं नहीं जानता क्यों मैं हमेशा सोचता था कि यह असली घास था।",0
"तकनीकी रूप से हम फिर से सेक्स कर सकते हैं. आप क्या सोचते हैं, bossy और प्रभुत्वशाली?!",1
"अरे, मैं एक मूर्ख की तरह दिखने वाला एकमात्र नहीं था।",1
चंडलर. मैंने महसूस किया कि यह आप थे.,1
इसका क्या मतलब है?,1
"लेकिन, हम हैं।",1
"अरे! मुझे बहुत खुशी है कि आप यहाँ हैं, लेकिन यह कुछ समय हो जाएगा. मैं-मैं चाहता था कि आप पहले बुलाया था.",2
"यह, मेरा मतलब है, यह कुछ भी नहीं है, मैं ठीक हूँ।",0
दोबारा डक पर नीचे?,0
जेवर से अधिक।,1
"ओह उसकी बात न सुनो, वह सिर्फ एक आदमी है जो वास्तव में अपार्टमेंट चाहता है, लेकिन मैं नहीं लगता है कि वह इसे पाने के लिए जा रहा है.",0
आप कैसे महसूस कर रहे हैं?,1
अरे! कल्पना करें कि हमारे बच्चे कैसे दिखेंगे!,2
"मैं कल अपने डाक्टर से मिलने जा रहा हूँ, मैं इस बारे में पूछूँगा।",1
"नहीं, तुम नहीं हो. हम तुम्हें बातें कहते हैं.",1
"हाँ, हम निश्चित रूप से राउट 27 पर हैं।",1
बुलाना बंद करें!,0
अल्लाह!,1
"ठीक है, बाई-बाई।",1
"हं, ठीक है मैं आप के टोनर की जरूरतों के बारे में आप से बात करना चाहता हूँ।",1
"आप जानते हैं, मुझे लगता है कि हम पर्याप्त सामान लाया नहीं है. क्या आप बच्चे के एकल पैक करने के लिए भूल गए थे?",1
मैं आप लोगों को नहीं जानता।,0
यह देखो!,2
"अच्छी तरह से, आप स्वागत है! मुझे मदद कर सकता है खुशी।",2
इस खलनायक को देखो!,2
"ओह, यह भयानक है. मैं-मैं सचमुच खेद हूँ.",0
"ठीक है, चिंता मत करो. आप तैयार हैं.",1
तुम मुझे सचमुच डरा रहे हो।,0
अन्यथा यह क्रूर है।,1
"अगर आप देर से काम कर रहे हैं, तो मैं आप के लिए उस पर नजर डाल सकता है.",1
एक और पनीर केक आ गया! उन्होंने इसे गलत पता में फिर से पहुँचाया!,0
"नहीं, नहीं-न-न-न-न!!",0
पैर?,1
आप क्या कहते हैं?,1
"ओह, हे.",1
बड़ा आधा।,1
यह और अहंकार।,0
"मैक खेलने वाले अभिनेता यह नहीं कर सकते थे, उन्हें 2 बजे आप को देखने की जरूरत थी.",1
"देखो, सब लोगों में से, तुम मुझे इस कहानी को बताना नहीं चाहते!",0
यह बहुत गर्म है।,0
टेक्विला!,2
क्या! क्या यह कोई भी करने के लिए जा रहा है क्या अच्छा है?,0
"यह एक बहुत बड़ा पार्टी है! 35 साल. बहुत प्रभावशाली, आप लोगों के पास कोई ज्ञान की मोती है?",2
क्या?,1
"मुझे जाना है, तो आह, मैं आप लोगों को बाद में देखेंगे।",1
"क्या मैं? धन्यवाद, और आप भी।",1
यह क्या है?,1
"अरे, यहोशू!",1
क्यों? क्या आपके पास उन पर जवाब लिखा है?,1
तुम घृणाजनक हो!,0
"रिंग धिक्कार, रिंग!",0
मेरे हाथ को छोड़ दो!,0
"ठीक है, यह बहुत अच्छा होगा!",2
उसने मेरी बांह तोड़ दी।,0
इससे पहले मैं ऐसा कभी नहीं रहा हूं।,0
क्या-क्यों-क्यों तो हम हमेशा के लिए शादी कर रहे हैं?!,1
तुम छोड़ने के तुरंत बाद उन्होंने उसे डिलीवरी में चलाया।,1
"आठ, नौ, दस बजे एक सुंदर महिला है!",2
या मैं सिर्फ पागल हूँ?,0
"तो, हम एक साथ मिलेंगे या क्या?",1
मेरा पैर जेब में फंसा हुआ है।,0
"हाँ, तुम कहाँ थे?",1
है,1
"ठीक है, अच्छी तरह से अगर मैं पैसे के लिए इस में था, मैं अब एक मिलियनियर हो जाएगा, पता है.",1
आप मुझे बहुत प्यार कर रहे हैं. मैं स्टिंग टिकट मिला है!!,2
"लेकिन नहीं, मैं वास्तव में नियमित एक हमेशा, हमेशा धूम्रपान करता हूँ।",1
"ओह, हाँ!",2
"स्ट्रिपपर रिंग stole!! स्ट्रिपपर रिंग stole!! चंडलर! चंडलर, उठो! उठो! स्ट्रिपपर रिंग stole!",1
4-6 हफ्तों में इसकी आशा करें।,1
आप इस एक के लिए बच्चों को बिस्तर पर रखना चाहते हो.,1
"ओह, हाँ, निश्चित है।",1
आपके अनुप्रयोग पर सब कुछ बहुत अच्छा लगता है-ओह!,2
यह एकमात्र तरीका था कि मैं उसे ले जा सकता था,1
मैंने सोचा था कि मैंने आवाजें सुनी हैं. तुम चंडलर होना चाहिए.,1
Eww!,0
ऐसा ही व्यवहार करो जैसे तुम हो।,1
"ओह, चलो, हम सिर्फ इस बड़े संघर्ष किया था, ठीक है, मैं कुछ प्रतीक्षा नहीं करता है?",0
मुझे विश्वास है कि मैंने इसे कहीं पढ़ा है!,1
"कैरोल, क्रिस्टिन।",1
क्या है? लगता है दो.,0
ईश्वर को धन्यवाद।,2
"मोनिका, मैं अंतिम बल्लेबाजी चैंपियन बनना चाहता हूँ।",1
जब जेक ने ऐसा किया तो मैंने देखा कि... वह स्त्रियों के अंतर्वस्त्र पहन रहा था!,1
यह देखो? हा? हाँ. यह चीज़ है. क्या आप सोचते हैं?,1
"देखो, तुम और मैं विभिन्न उच्च विद्यालयों में गया था...",1
मेरा मतलब है कि हमें भी निःशुल्क चीज़ें मिलनी चाहिए!,0
"देखो, इस नाम ने मुझे अपना पूरा जीवन पीछे रखा है।",0
यह आधा घंटे था?,1
"नहीं, यही खेल है।",1
रुक मत करो! गेंद को और दूर ले जाओ! Ross उस शॉट कर सकता है!,0
"ठीक है, इसे रोकना है!",0
जोय...,1
यह था।,1
Okay-Dokey,0
ओह-हो! मुझे लगता है कि ब्रिटिश संस्करण है gooooood!,2
हां! उन पैंटों में तुम कहाँ जा रहे हो? 1982?,2
"ठीक है, मैं आपको एक मासेज नहीं दे सकता, क्योंकि मेरी लाइसेंस फिर से रद्द कर दी गई है!",0
ओह! और मुझे उस गाढ़े के आदमी का नाम पाने के बिना छोड़ने नहीं दो।,1
"ठीक है, ठीक है मुझे अधिक से अधिक नहीं निर्णय।",0
ओय!,1
"Phoebe हम शिकायतें प्राप्त कर रहे हैं और uh, हम एक कम उच्च-profile स्थान पर तुम्हें ले जा रहे हैं.",1
"मुझे अफसोस है, मैं बच्चे को उनपर इंतजार करने के लिए नहीं कह सकता।",1
क्या अंतर है कि करता है!,0
आप मुझे कैसे शांत रहने की आशा करते हैं?,0
"वह एक आदमी के साथ चली गई, जो उसके साथ गुप्त रूप से शादी कर रहा था और उसने कहा था कि वह उससे प्यार नहीं करता था, लेकिन वह सचमुच करता था, और यह सिर्फ विस्फोट हो गया!",0
तुम... नहीं जा रहे हैं?,1
"खैर, मैं इसके बिना जी सकता था।",1
"ठीक है! लेकिन uh, सुनो, क्या आप कहते हैं कि हम इसे एक टाच ऊपर कर सकते हैं?",2
और लोग कहते हैं कि आप ध्यान नहीं देते।,1
"हालांकि आप एक अच्छा बॉब प्रभाव करते हैं, मैं सोच रहा हूँ जब वह तुम्हें कल देखता है, वह शायद यह समझने के लिए जा रहा है, ""हे, तुम बॉब नहीं हो.""",1
क्या! उसने चाय बनाई!,1
"ओह, धन्यवाद, प्यारा।",2
क्या?,0
"यह नहीं कर सकते, आप कर सकते हैं?",1
"नहीं! नहीं, संख्या 13 का भय।",1
"अब मैं-मैं जानता हूँ आप क्या सोच रहे हैं, खेल तुम के लिए ठीक था जैसे दस साल पहले तुम्हें पता है, लेकिन आप-आप किसी भी युवा नहीं हो रहे हैं।",1
मैं एक such jerk हूँ।,0
"हं, यह stuffing amazing है. आप सोचते हैं कि हम उन्हें कुछ ले जाना चाहिए?",2
"मुझे क्षमा है, लेकिन हम में से कुछ करने के लिए है",1
रोस पर अगला... ओह.,1
यह एक अस्पताल है।,1
"आप क्या बात कर रहे हैं? वह स्पष्ट रूप से दूसरी मंजिल, सेवी से सातवीं अपार्टमेंट में रहता है!",1
भगवान!,0
तुम्हें याद है कि तुमने कहा था कि तुम कविता के बारे में सचमुच गहरे थे? ओह.,1
आप यहाँ एक बड़ा गलती कर रहे हैं।,0
मैं सिर्फ इसे फिर से जोड़ने के लिए ले जा रहा हूँ।,1
"ठीक है, काटें, चलो फिर से चुनें, फिर से चुनें।",1
"मेरा मतलब है, यह बहुत अच्छा है!",2
"आप जानते हैं, हम इसे देखने के लिए नहीं है।",1
क्या हो रहा है?,1
"देखो, अगर मैं उस रिंग के साथ दफन नहीं किया गया हूँ तो मेरी आत्मा हमेशा के लिए नीचे की दुनिया में भटकने जा रहा है",1
आप एक बात करने के लिए एक हैं।,0
मुझे लगता है कि हमारे प्रेमी का झगड़ा इस महीने शुरू हो जाएगा।,0
"ठीक है महिलाओं, यहाँ हम क्या करने के लिए जा रहे हैं।",1
"आप जानते हैं, हम वास्तव में शहर में रहने का लाभ नहीं उठाते।",1
"यह मजाक है, हाँ!",2
"यह एक ज्ञात तथ्य है कि महिलाओं को शिशुओं को प्यार है, ठीक है?",1
"ओह निश्चित है, sissy के साथ जाओ।",0
हाल ही में वर्षा वन के गहराई में खोजे गए जैविक पदार्थ!,2
"हाँ, प्यारा अमांडा मुझे उसका नंबर देता है और मैं-मैं जा रहा हूँ और इसे छोड़ दिया.",0
"नहीं, नहीं, मुझे विश्वास करें, यह है, यह है, यह मैं जानने के लिए बहुत बेहतर है।",1
काटें! अद्भुत!,2
धन्यवाद।,1
"निश्चित है! हां, मुझे यह आप के लिए मिलता है।",1
कदापि नहीं!,1
"ओह, हम कुछ है",1
"क्या, क्या, आप और इस छुट्टी के साथ क्या है?",0
"इसका कोई मतलब नहीं है, क्या है?",0
"अच्छी तरह से, सुसन, मैं क्या एक अंधेरा छिद्र लगता है देखता हूँ. प्रतीक्षा. हाँ, यह वास्तव में एक अंधेरा छिद्र है.",1
तुम उस लड़की को जानते हो जिस के बारे में मैंने तुम्हें बताया था जो पफकीपीसी में रहती है?,1
"ठीक है, मैं नहीं जानता, मैं-मैं समझता हूँ कि हम अनैच्छिक रूप से आप के पक्ष में हो सकता है, आप एक चिकित्सा चमत्कार थे! डॉक्टर ने कहा कि आपकी माँ कर सकता है",2
"सचमुच? मेरे भगवान, वह सचमुच प्यारा है।",1
