id,text,emotion,language,source,topic
986,This is a regular update.,neutral,en,reddit,health
4405,मुझे इसका बहुत बेसब्री से इंतजार है।,anticipation,hi,google_reviews,entertainment
3109,मुझे विश्वास नहीं हो रहा कि यह फिर से हुआ।,angry,hi,google_reviews,shopping
1582,यह देखकर मेरा दिन अच्छा बन गया।,happy,hi,amazon,technology
1009,सब कुछ योजना के अनुसार चल रहा है।,neutral,hi,reddit,education
1298,Everything feels bright and positive right now.,happy,en,news,entertainment
2252,It's been a hard day for me.,sad,en,google_reviews,health
4880,I keep trying and failing.,frustration,en,news,health
704,सब कुछ योजना के अनुसार चल रहा है।,neutral,hi,google_reviews,entertainment
774,This is a regular update.,neutral,en,google_reviews,shopping
3924,This means a lot to me.,love,en,reddit,education
1330,सब कुछ आज बहुत सकारात्मक लग रहा है।,happy,hi,google_reviews,entertainment
3068,I can't believe this happened again.,angry,en,google_reviews,education
441,यह एक सामान्य अपडेट है।,neutral,hi,reddit,health
3027,I am very angry about what happened.,angry,en,reddit,entertainment
3884,I truly care about you.,love,en,amazon,education
4351,There is a lot of excitement inside me.,anticipation,en,reddit,health
731,यह एक सामान्य अपडेट है।,neutral,hi,news,shopping
479,यह एक सामान्य अपडेट है।,neutral,hi,amazon,shopping
626,यह एक सामान्य अपडेट है।,neutral,hi,google_reviews,health
1738,आज मैं बहुत खुश महसूस कर रहा हूँ।,happy,hi,twitter,technology
4054,मैं भविष्य को लेकर लगातार चिंतित हूँ।,fear,hi,news,technology
2665,आज मैं बहुत उदास महसूस कर रहा हूँ।,sad,hi,news,shopping
3237,यह बिल्कुल भी स्वीकार्य नहीं है।,angry,hi,google_reviews,technology
4732,This is hard to understand.,confusion,en,google_reviews,health
3527,मैं इस पल का पूरा आनंद ले रहा हूँ।,joy,hi,news,education
1483,सब कुछ आज बहुत सकारात्मक लग रहा है।,happy,hi,twitter,technology
1912,This made my day so much better.,happy,en,amazon,health
3700,मुझे आपकी सच में बहुत परवाह है।,love,hi,twitter,education
4322,There is a lot of excitement inside me.,anticipation,en,news,education
4767,मुझे समझ नहीं आ रहा कि इसका क्या मतलब है।,confusion,hi,news,shopping
483,This is a regular update.,neutral,en,twitter,health
2153,I feel really low and tired today.,sad,en,twitter,education
2207,आज का दिन मेरे लिए बहुत मुश्किल रहा।,sad,hi,reddit,technology
4995,I did not expect this at all.,surprise,en,news,entertainment
624,This is a regular update.,neutral,en,google_reviews,shopping
1424,आज मैं बहुत खुश महसूस कर रहा हूँ।,happy,hi,twitter,health
376,This is a regular update.,neutral,en,twitter,technology
3094,मुझे विश्वास नहीं हो रहा कि यह फिर से हुआ।,angry,hi,reddit,health
738,सब कुछ योजना के अनुसार चल रहा है।,neutral,hi,news,shopping
1580,सब कुछ आज बहुत सकारात्मक लग रहा है।,happy,hi,google_reviews,shopping
2324,I feel really low and tired today.,sad,en,amazon,entertainment
50,This is a regular update.,neutral,en,twitter,health
2551,It's been a hard day for me.,sad,en,google_reviews,entertainment
3505,सब कुछ अभी परफेक्ट लग रहा है।,joy,hi,amazon,health
4711,मुझे समझ नहीं आ रहा कि इसका क्या मतलब है।,confusion,hi,google_reviews,education
3443,मैं इस पल का पूरा आनंद ले रहा हूँ।,joy,hi,twitter,entertainment
993,सब कुछ योजना के अनुसार चल रहा है।,neutral,hi,google_reviews,shopping
1965,Everything feels bright and positive right now.,happy,en,google_reviews,entertainment
3887,I truly care about you.,love,en,twitter,education
4318,I am really looking forward to what comes next.,anticipation,en,twitter,technology
4240,I am scared about what might happen next.,fear,en,reddit,shopping
3265,सब कुछ अभी परफेक्ट लग रहा है।,joy,hi,amazon,education
4396,मुझे इसका बहुत बेसब्री से इंतजार है।,anticipation,hi,google_reviews,education
3859,मेरा दिल अभी बहुत खुश महसूस कर रहा है।,love,hi,google_reviews,education
1494,Everything feels bright and positive right now.,happy,en,twitter,entertainment
2781,I am very angry about what happened.,angry,en,amazon,education
832,सब कुछ योजना के अनुसार चल रहा है।,neutral,hi,twitter,health
3203,I can't believe this happened again.,angry,en,google_reviews,education
4825,This is hard to understand.,confusion,en,reddit,education
1159,Everything is proceeding as planned.,neutral,en,news,health
2001,I feel really low and tired today.,sad,en,google_reviews,education
2928,I am very angry about what happened.,angry,en,news,entertainment
2851,I can't believe this happened again.,angry,en,news,entertainment
3756,यह मेरे लिए बहुत मायने रखता है।,love,hi,amazon,technology
2953,यह बिल्कुल भी स्वीकार्य नहीं है।,angry,hi,reddit,education
4665,I believe in what you are saying.,trust,en,google_reviews,health
2060,कुछ भी सही नहीं लग रहा है।,sad,hi,twitter,shopping
2696,I feel really low and tired today.,sad,en,news,health
486,Everything is proceeding as planned.,neutral,en,reddit,entertainment
849,सब कुछ योजना के अनुसार चल रहा है।,neutral,hi,reddit,shopping
2053,I feel really low and tired today.,sad,en,amazon,technology
2197,Nothing seems to be going right.,sad,en,twitter,entertainment
3363,सब कुछ अभी परफेक्ट लग रहा है।,joy,hi,reddit,shopping
3577,यह पल मुझे बहुत खुशी दे रहा है।,joy,hi,news,shopping
1497,आज मैं बहुत खुश महसूस कर रहा हूँ।,happy,hi,reddit,education
2532,I feel really low and tired today.,sad,en,twitter,technology
19,यह एक सामान्य अपडेट है।,neutral,hi,news,education
3460,I am enjoying every second of this.,joy,en,amazon,shopping
3701,My heart feels full right now.,love,en,twitter,education
2238,कुछ भी सही नहीं लग रहा है।,sad,hi,reddit,technology
757,The event took place as scheduled.,neutral,en,news,shopping
2897,मुझे विश्वास नहीं हो रहा कि यह फिर से हुआ।,angry,hi,amazon,shopping
478,यह एक सामान्य अपडेट है।,neutral,hi,amazon,shopping
343,कार्यक्रम योजना के अनुसार हुआ।,neutral,hi,twitter,education
4229,मैं भविष्य को लेकर लगातार चिंतित हूँ।,fear,hi,reddit,entertainment
2627,कुछ भी सही नहीं लग रहा है।,sad,hi,news,shopping
2827,I can't believe this happened again.,angry,en,google_reviews,technology
2097,I feel really low and tired today.,sad,en,google_reviews,health
384,This is a regular update.,neutral,en,amazon,technology
2034,I feel really low and tired today.,sad,en,twitter,health
1713,I feel really happy about how things turned out today.,happy,en,twitter,entertainment
1160,सब कुछ योजना के अनुसार चल रहा है।,neutral,hi,news,education
4162,मुझे आगे क्या होगा इसका डर लग रहा है।,fear,hi,twitter,health
2613,आज का दिन मेरे लिए बहुत मुश्किल रहा।,sad,hi,google_reviews,shopping
4097,मुझे आगे क्या होगा इसका डर लग रहा है।,fear,hi,twitter,education
4171,यह स्थिति मुझे असुरक्षित महसूस कराती है।,fear,hi,google_reviews,technology
1170,सब कुछ योजना के अनुसार चल रहा है।,neutral,hi,reddit,technology
3467,I am enjoying every second of this.,joy,en,twitter,entertainment
1153,यह एक सामान्य अपडेट है।,neutral,hi,amazon,health
2915,यह बिल्कुल भी स्वीकार्य नहीं है।,angry,hi,twitter,entertainment
17,कार्यक्रम योजना के अनुसार हुआ।,neutral,hi,news,education
2592,Nothing seems to be going right.,sad,en,amazon,entertainment
2191,कुछ भी सही नहीं लग रहा है।,sad,hi,news,education
4432,I am really looking forward to what comes next.,anticipation,en,amazon,entertainment
1338,Everything feels bright and positive right now.,happy,en,google_reviews,health
1230,This is a regular update.,neutral,en,reddit,education
2056,I feel really low and tired today.,sad,en,news,shopping
1851,This made my day so much better.,happy,en,amazon,education
3586,मैं इस पल का पूरा आनंद ले रहा हूँ।,joy,hi,reddit,health
3687,मुझे आपकी सच में बहुत परवाह है।,love,hi,amazon,entertainment
201,सब कुछ योजना के अनुसार चल रहा है।,neutral,hi,google_reviews,health
1143,This is a regular update.,neutral,en,reddit,technology
1994,सब कुछ आज बहुत सकारात्मक लग रहा है।,happy,hi,twitter,entertainment
3654,मेरा दिल अभी बहुत खुश महसूस कर रहा है।,love,hi,amazon,technology
4492,मेरे अंदर बहुत उत्साह है।,anticipation,hi,amazon,entertainment
739,सब कुछ योजना के अनुसार चल रहा है।,neutral,hi,reddit,education
1420,यह देखकर मेरा दिन अच्छा बन गया।,happy,hi,twitter,technology
1093,The event took place as scheduled.,neutral,en,amazon,health
4731,मैं इसे लेकर बहुत उलझन में हूँ।,confusion,hi,reddit,shopping
1094,यह एक सामान्य अपडेट है।,neutral,hi,reddit,entertainment
913,This is a regular update.,neutral,en,reddit,education
171,सब कुछ योजना के अनुसार चल रहा है।,neutral,hi,twitter,shopping
2661,कुछ भी सही नहीं लग रहा है।,sad,hi,reddit,education
999,This is a regular update.,neutral,en,news,entertainment
2784,मुझे विश्वास नहीं हो रहा कि यह फिर से हुआ।,angry,hi,reddit,health
587,This is a regular update.,neutral,en,reddit,entertainment
916,यह एक सामान्य अपडेट है।,neutral,hi,twitter,technology
824,The event took place as scheduled.,neutral,en,reddit,shopping
3442,मैं इस पल का पूरा आनंद ले रहा हूँ।,joy,hi,amazon,education
1670,Everything feels bright and positive right now.,happy,en,twitter,technology
1164,This is a regular update.,neutral,en,reddit,technology
3389,यह पल मुझे बहुत खुशी दे रहा है।,joy,hi,reddit,entertainment
1845,Everything feels bright and positive right now.,happy,en,google_reviews,technology
4471,मुझे इसका बहुत बेसब्री से इंतजार है।,anticipation,hi,amazon,education
4425,I am really looking forward to what comes next.,anticipation,en,reddit,shopping
2929,I can't believe this happened again.,angry,en,news,technology
1470,I feel really happy about how things turned out today.,happy,en,news,health
2584,I feel really low and tired today.,sad,en,news,technology
3131,I can't believe this happened again.,angry,en,news,health
3578,यह पल मुझे बहुत खुशी दे रहा है।,joy,hi,google_reviews,health
76,सब कुछ योजना के अनुसार चल रहा है।,neutral,hi,twitter,technology
4053,I keep worrying about the future.,fear,en,google_reviews,education
4126,मुझे आगे क्या होगा इसका डर लग रहा है।,fear,hi,twitter,entertainment
855,सब कुछ योजना के अनुसार चल रहा है।,neutral,hi,amazon,education
2549,आज का दिन मेरे लिए बहुत मुश्किल रहा।,sad,hi,twitter,education
3597,यह पल मुझे बहुत खुशी दे रहा है।,joy,hi,amazon,technology
1299,This made my day so much better.,happy,en,google_reviews,entertainment
287,Everything is proceeding as planned.,neutral,en,reddit,health
3008,I am very angry about what happened.,angry,en,amazon,shopping
4326,मुझे इसका बहुत बेसब्री से इंतजार है।,anticipation,hi,google_reviews,education
3765,This means a lot to me.,love,en,reddit,entertainment
4706,मैं इसे लेकर बहुत उलझन में हूँ।,confusion,hi,twitter,technology
1624,आज मैं बहुत खुश महसूस कर रहा हूँ।,happy,hi,twitter,health
311,The event took place as scheduled.,neutral,en,amazon,entertainment
3368,This moment brings me pure joy.,joy,en,reddit,shopping
3770,यह मेरे लिए बहुत मायने रखता है।,love,hi,twitter,health
4806,This is hard to understand.,confusion,en,google_reviews,health
3017,जो हुआ उससे मैं बहुत गुस्से में हूँ।,angry,hi,reddit,shopping
1442,यह देखकर मेरा दिन अच्छा बन गया।,happy,hi,amazon,education
830,Everything is proceeding as planned.,neutral,en,amazon,education
2469,Nothing seems to be going right.,sad,en,news,entertainment
1725,यह देखकर मेरा दिन अच्छा बन गया।,happy,hi,amazon,health
2969,I am very angry about what happened.,angry,en,news,technology
1098,Everything is proceeding as planned.,neutral,en,twitter,health
846,This is a regular update.,neutral,en,amazon,health
1515,Everything feels bright and positive right now.,happy,en,amazon,technology
1664,सब कुछ आज बहुत सकारात्मक लग रहा है।,happy,hi,google_reviews,technology
3268,मैं इस पल का पूरा आनंद ले रहा हूँ।,joy,hi,google_reviews,education
4591,This makes me feel secure.,trust,en,reddit,health
858,कार्यक्रम योजना के अनुसार हुआ।,neutral,hi,reddit,education
4074,I keep worrying about the future.,fear,en,amazon,health
1487,यह देखकर मेरा दिन अच्छा बन गया।,happy,hi,amazon,health
2311,कुछ भी सही नहीं लग रहा है।,sad,hi,news,health
3239,I can't believe this happened again.,angry,en,amazon,technology
2831,I am very angry about what happened.,angry,en,twitter,entertainment
2284,कुछ भी सही नहीं लग रहा है।,sad,hi,google_reviews,entertainment
4130,मैं भविष्य को लेकर लगातार चिंतित हूँ।,fear,hi,news,health
1453,I feel really happy about how things turned out today.,happy,en,google_reviews,technology
1006,यह एक सामान्य अपडेट है।,neutral,hi,news,education
4231,यह स्थिति मुझे असुरक्षित महसूस कराती है।,fear,hi,twitter,technology
1046,सब कुछ योजना के अनुसार चल रहा है।,neutral,hi,google_reviews,education
4413,मेरे अंदर बहुत उत्साह है।,anticipation,hi,news,technology
4325,I am really looking forward to what comes next.,anticipation,en,amazon,education
3783,My heart feels full right now.,love,en,google_reviews,health
3439,Everything feels perfect right now.,joy,en,twitter,shopping
2182,आज मैं बहुत उदास महसूस कर रहा हूँ।,sad,hi,amazon,education
290,The event took place as scheduled.,neutral,en,news,entertainment
2894,जो हुआ उससे मैं बहुत गुस्से में हूँ।,angry,hi,news,education
3965,I truly care about you.,love,en,news,health
3699,I truly care about you.,love,en,google_reviews,technology
4008,I am scared about what might happen next.,fear,en,twitter,education
4553,मुझे आपकी बात पर भरोसा है।,trust,hi,news,shopping
4942,मैं बार-बार कोशिश कर रहा हूँ लेकिन असफल हो रहा हूँ।,frustration,hi,news,education
4439,मैं आगे क्या होगा इसका इंतजार कर रहा हूँ।,anticipation,hi,twitter,education
3667,यह मेरे लिए बहुत मायने रखता है।,love,hi,reddit,entertainment
1973,आज मैं बहुत खुश महसूस कर रहा हूँ।,happy,hi,news,entertainment
362,This is a regular update.,neutral,en,google_reviews,health
2508,It's been a hard day for me.,sad,en,news,education
1786,Everything feels bright and positive right now.,happy,en,twitter,shopping
2624,आज का दिन मेरे लिए बहुत मुश्किल रहा।,sad,hi,amazon,entertainment
1997,This made my day so much better.,happy,en,amazon,entertainment
2749,It's been a hard day for me.,sad,en,twitter,technology
1354,आज मैं बहुत खुश महसूस कर रहा हूँ।,happy,hi,google_reviews,shopping
1861,सब कुछ आज बहुत सकारात्मक लग रहा है।,happy,hi,news,education
4799,This is hard to understand.,confusion,en,google_reviews,education
1284,आज मैं बहुत खुश महसूस कर रहा हूँ।,happy,hi,google_reviews,education
3491,This moment brings me pure joy.,joy,en,reddit,entertainment
2909,यह बिल्कुल भी स्वीकार्य नहीं है।,angry,hi,news,education
2450,आज मैं बहुत उदास महसूस कर रहा हूँ।,sad,hi,twitter,health
2318,कुछ भी सही नहीं लग रहा है।,sad,hi,amazon,health
3256,मैं इस पल का पूरा आनंद ले रहा हूँ।,joy,hi,google_reviews,technology
1570,I feel really happy about how things turned out today.,happy,en,google_reviews,technology
4272,मैं आगे क्या होगा इसका इंतजार कर रहा हूँ।,anticipation,hi,amazon,entertainment
4386,मैं आगे क्या होगा इसका इंतजार कर रहा हूँ।,anticipation,hi,amazon,education
3224,This is completely unacceptable.,angry,en,twitter,entertainment
2739,आज का दिन मेरे लिए बहुत मुश्किल रहा।,sad,hi,news,health
1806,आज मैं बहुत खुश महसूस कर रहा हूँ।,happy,hi,news,health
646,Everything is proceeding as planned.,neutral,en,news,health
1816,Everything feels bright and positive right now.,happy,en,reddit,education
3457,यह पल मुझे बहुत खुशी दे रहा है।,joy,hi,reddit,entertainment
767,The event took place as scheduled.,neutral,en,news,shopping
1185,Everything is proceeding as planned.,neutral,en,news,entertainment
903,Everything is proceeding as planned.,neutral,en,amazon,education
4857,This is getting very annoying.,frustration,en,google_reviews,health
2879,This is completely unacceptable.,angry,en,amazon,education
295,कार्यक्रम योजना के अनुसार हुआ।,neutral,hi,twitter,entertainment
3140,जो हुआ उससे मैं बहुत गुस्से में हूँ।,angry,hi,amazon,shopping
1281,This made my day so much better.,happy,en,twitter,health
297,Everything is proceeding as planned.,neutral,en,twitter,education
363,The event took place as scheduled.,neutral,en,news,health
2616,Nothing seems to be going right.,sad,en,news,education
2184,I feel really low and tired today.,sad,en,reddit,health
541,This is a regular update.,neutral,en,amazon,education
2091,आज मैं बहुत उदास महसूस कर रहा हूँ।,sad,hi,google_reviews,technology
1877,This made my day so much better.,happy,en,news,shopping
3824,मेरा दिल अभी बहुत खुश महसूस कर रहा है।,love,hi,twitter,shopping
3356,Everything feels perfect right now.,joy,en,amazon,health
2141,आज मैं बहुत उदास महसूस कर रहा हूँ।,sad,hi,reddit,technology
1468,I feel really happy about how things turned out today.,happy,en,reddit,education
2644,कुछ भी सही नहीं लग रहा है।,sad,hi,google_reviews,technology
591,सब कुछ योजना के अनुसार चल रहा है।,neutral,hi,google_reviews,technology
3066,जो हुआ उससे मैं बहुत गुस्से में हूँ।,angry,hi,twitter,entertainment
4939,Nothing seems to be working.,frustration,en,news,health
129,कार्यक्रम योजना के अनुसार हुआ।,neutral,hi,twitter,shopping
3205,जो हुआ उससे मैं बहुत गुस्से में हूँ।,angry,hi,amazon,education
4676,I feel confident about this.,trust,en,reddit,technology
4659,I feel confident about this.,trust,en,amazon,entertainment
4502,मुझे इस पर पूरा विश्वास है।,trust,hi,google_reviews,shopping
2655,It's been a hard day for me.,sad,en,amazon,shopping
3378,सब कुछ अभी परफेक्ट लग रहा है।,joy,hi,amazon,technology
3940,My heart feels full right now.,love,en,google_reviews,technology
2881,I am very angry about what happened.,angry,en,google_reviews,health
4509,This makes me feel secure.,trust,en,amazon,education
1626,I feel really happy about how things turned out today.,happy,en,amazon,education
1451,आज मैं बहुत खुश महसूस कर रहा हूँ।,happy,hi,twitter,shopping
1062,यह एक सामान्य अपडेट है।,neutral,hi,google_reviews,entertainment
3021,I can't believe this happened again.,angry,en,google_reviews,technology
4157,I am scared about what might happen next.,fear,en,news,education
89,This is a regular update.,neutral,en,google_reviews,education
3414,I am enjoying every second of this.,joy,en,news,shopping
562,This is a regular update.,neutral,en,reddit,health
4642,मुझे आपकी बात पर भरोसा है।,trust,hi,reddit,health
3007,मुझे विश्वास नहीं हो रहा कि यह फिर से हुआ।,angry,hi,twitter,education
985,कार्यक्रम योजना के अनुसार हुआ।,neutral,hi,amazon,technology
3040,मुझे विश्वास नहीं हो रहा कि यह फिर से हुआ।,angry,hi,reddit,shopping
4788,I feel lost about this.,confusion,en,twitter,shopping
839,This is a regular update.,neutral,en,google_reviews,technology
2737,I feel really low and tired today.,sad,en,reddit,health
542,कार्यक्रम योजना के अनुसार हुआ।,neutral,hi,amazon,education
3895,यह मेरे लिए बहुत मायने रखता है।,love,hi,google_reviews,health
4061,मैं भविष्य को लेकर लगातार चिंतित हूँ।,fear,hi,news,shopping
1382,This made my day so much better.,happy,en,amazon,shopping
2408,आज का दिन मेरे लिए बहुत मुश्किल रहा।,sad,hi,news,education
2043,आज मैं बहुत उदास महसूस कर रहा हूँ।,sad,hi,amazon,health
1656,This made my day so much better.,happy,en,reddit,shopping
630,सब कुछ योजना के अनुसार चल रहा है।,neutral,hi,google_reviews,technology
166,यह एक सामान्य अपडेट है।,neutral,hi,twitter,health
2541,Nothing seems to be going right.,sad,en,amazon,technology
4619,This makes me feel secure.,trust,en,google_reviews,shopping
748,The event took place as scheduled.,neutral,en,news,technology
4047,I am scared about what might happen next.,fear,en,reddit,shopping
488,सब कुछ योजना के अनुसार चल रहा है।,neutral,hi,reddit,technology
635,सब कुछ योजना के अनुसार चल रहा है।,neutral,hi,news,entertainment
2448,I feel really low and tired today.,sad,en,twitter,health
457,The event took place as scheduled.,neutral,en,google_reviews,health
4777,मैं इसे लेकर बहुत उलझन में हूँ।,confusion,hi,google_reviews,education
696,यह एक सामान्य अपडेट है।,neutral,hi,twitter,health
1296,This made my day so much better.,happy,en,reddit,health
4743,I am not sure what this means.,confusion,en,google_reviews,education
4622,यह मुझे सुरक्षित महसूस कराता है।,trust,hi,google_reviews,technology
4312,मुझे इसका बहुत बेसब्री से इंतजार है।,anticipation,hi,reddit,health
4609,मुझे आपकी बात पर भरोसा है।,trust,hi,amazon,entertainment
3311,This moment brings me pure joy.,joy,en,google_reviews,entertainment
2705,आज मैं बहुत उदास महसूस कर रहा हूँ।,sad,hi,reddit,health
3269,सब कुछ अभी परफेक्ट लग रहा है।,joy,hi,amazon,health
345,The event took place as scheduled.,neutral,en,amazon,health
3042,This is completely unacceptable.,angry,en,news,health
252,सब कुछ योजना के अनुसार चल रहा है।,neutral,hi,amazon,entertainment
2346,Nothing seems to be going right.,sad,en,reddit,entertainment
977,The event took place as scheduled.,neutral,en,amazon,health
4949,Nothing seems to be working.,frustration,en,reddit,education
4725,मैं इसे लेकर बहुत उलझन में हूँ।,confusion,hi,twitter,entertainment
1234,Everything is proceeding as planned.,neutral,en,amazon,entertainment
1384,This made my day so much better.,happy,en,amazon,education
1744,Everything feels bright and positive right now.,happy,en,reddit,entertainment
1666,सब कुछ आज बहुत सकारात्मक लग रहा है।,happy,hi,twitter,technology
3712,मुझे आपकी सच में बहुत परवाह है।,love,hi,news,technology
1105,This is a regular update.,neutral,en,news,shopping
461,Everything is proceeding as planned.,neutral,en,news,entertainment
1668,आज मैं बहुत खुश महसूस कर रहा हूँ।,happy,hi,reddit,shopping
4612,मुझे इस पर पूरा विश्वास है।,trust,hi,news,education
2,कार्यक्रम योजना के अनुसार हुआ।,neutral,hi,reddit,shopping
592,Everything is proceeding as planned.,neutral,en,reddit,technology
551,This is a regular update.,neutral,en,twitter,technology
1425,This made my day so much better.,happy,en,twitter,entertainment
831,सब कुछ योजना के अनुसार चल रहा है।,neutral,hi,google_reviews,shopping
758,This is a regular update.,neutral,en,amazon,shopping
60,This is a regular update.,neutral,en,news,entertainment
125,The event took place as scheduled.,neutral,en,google_reviews,technology
990,The event took place as scheduled.,neutral,en,news,entertainment
3207,मुझे विश्वास नहीं हो रहा कि यह फिर से हुआ।,angry,hi,google_reviews,technology
3792,यह मेरे लिए बहुत मायने रखता है।,love,hi,reddit,health
4083,I am scared about what might happen next.,fear,en,amazon,technology
712,कार्यक्रम योजना के अनुसार हुआ।,neutral,hi,news,entertainment
111,This is a regular update.,neutral,en,reddit,health
1400,आज मैं बहुत खुश महसूस कर रहा हूँ।,happy,hi,twitter,entertainment
4371,मेरे अंदर बहुत उत्साह है।,anticipation,hi,news,health
3188,I am very angry about what happened.,angry,en,twitter,health
1236,Everything is proceeding as planned.,neutral,en,amazon,technology
4815,I am not sure what this means.,confusion,en,news,entertainment
332,सब कुछ योजना के अनुसार चल रहा है।,neutral,hi,news,entertainment
1906,I feel really happy about how things turned out today.,happy,en,amazon,technology
4430,I am really looking forward to what comes next.,anticipation,en,news,health
4376,I am really looking forward to what comes next.,anticipation,en,amazon,technology
1503,आज मैं बहुत खुश महसूस कर रहा हूँ।,happy,hi,google_reviews,education
2467,It's been a hard day for me.,sad,en,google_reviews,entertainment
1106,सब कुछ योजना के अनुसार चल रहा है।,neutral,hi,amazon,health
1721,I feel really happy about how things turned out today.,happy,en,news,entertainment
270,The event took place as scheduled.,neutral,en,reddit,technology
407,कार्यक्रम योजना के अनुसार हुआ।,neutral,hi,google_reviews,entertainment
447,This is a regular update.,neutral,en,amazon,technology
3343,यह पल मुझे बहुत खुशी दे रहा है।,joy,hi,google_reviews,education
4608,This makes me feel secure.,trust,en,amazon,education
1902,Everything feels bright and positive right now.,happy,en,reddit,entertainment
3134,I can't believe this happened again.,angry,en,twitter,health
3996,मुझे आपकी सच में बहुत परवाह है।,love,hi,google_reviews,technology
4058,I am scared about what might happen next.,fear,en,google_reviews,technology
756,यह एक सामान्य अपडेट है।,neutral,hi,twitter,health
3213,यह बिल्कुल भी स्वीकार्य नहीं है।,angry,hi,twitter,entertainment
1138,सब कुछ योजना के अनुसार चल रहा है।,neutral,hi,google_reviews,shopping
243,Everything is proceeding as planned.,neutral,en,google_reviews,technology
940,सब कुछ योजना के अनुसार चल रहा है।,neutral,hi,twitter,entertainment
2519,आज का दिन मेरे लिए बहुत मुश्किल रहा।,sad,hi,news,shopping
3437,मैं इस पल का पूरा आनंद ले रहा हूँ।,joy,hi,amazon,entertainment
2120,आज मैं बहुत उदास महसूस कर रहा हूँ।,sad,hi,amazon,health
3219,I can't believe this happened again.,angry,en,amazon,entertainment
1750,This made my day so much better.,happy,en,reddit,entertainment
4528,This makes me feel secure.,trust,en,twitter,education
186,सब कुछ योजना के अनुसार चल रहा है।,neutral,hi,news,shopping
948,Everything is proceeding as planned.,neutral,en,reddit,shopping
1862,I feel really happy about how things turned out today.,happy,en,reddit,education
3150,जो हुआ उससे मैं बहुत गुस्से में हूँ।,angry,hi,news,shopping
3602,This moment brings me pure joy.,joy,en,news,shopping
2209,आज मैं बहुत उदास महसूस कर रहा हूँ।,sad,hi,google_reviews,health
3894,यह मेरे लिए बहुत मायने रखता है।,love,hi,amazon,education
3675,मेरा दिल अभी बहुत खुश महसूस कर रहा है।,love,hi,reddit,technology
432,Everything is proceeding as planned.,neutral,en,amazon,health
1263,आज मैं बहुत खुश महसूस कर रहा हूँ।,happy,hi,reddit,health
2598,कुछ भी सही नहीं लग रहा है।,sad,hi,google_reviews,entertainment
4024,यह स्थिति मुझे असुरक्षित महसूस कराती है।,fear,hi,news,education
100,सब कुछ योजना के अनुसार चल रहा है।,neutral,hi,amazon,education
2945,मुझे विश्वास नहीं हो रहा कि यह फिर से हुआ।,angry,hi,reddit,education
2241,कुछ भी सही नहीं लग रहा है।,sad,hi,reddit,education
4539,मुझे इस पर पूरा विश्वास है।,trust,hi,amazon,education
39,यह एक सामान्य अपडेट है।,neutral,hi,news,education
2285,आज का दिन मेरे लिए बहुत मुश्किल रहा।,sad,hi,twitter,health
230,कार्यक्रम योजना के अनुसार हुआ।,neutral,hi,reddit,education
2732,आज मैं बहुत उदास महसूस कर रहा हूँ।,sad,hi,google_reviews,health
4259,I can't wait for this to happen.,anticipation,en,twitter,health
2988,जो हुआ उससे मैं बहुत गुस्से में हूँ।,angry,hi,google_reviews,education
184,This is a regular update.,neutral,en,google_reviews,health
273,यह एक सामान्य अपडेट है।,neutral,hi,twitter,education
4226,मैं भविष्य को लेकर लगातार चिंतित हूँ।,fear,hi,amazon,health
566,सब कुछ योजना के अनुसार चल रहा है।,neutral,hi,news,health
2272,Nothing seems to be going right.,sad,en,amazon,shopping
2658,कुछ भी सही नहीं लग रहा है।,sad,hi,amazon,health
2633,आज का दिन मेरे लिए बहुत मुश्किल रहा।,sad,hi,google_reviews,health
608,सब कुछ योजना के अनुसार चल रहा है।,neutral,hi,twitter,entertainment
3909,मेरा दिल अभी बहुत खुश महसूस कर रहा है।,love,hi,reddit,health
3403,मैं इस पल का पूरा आनंद ले रहा हूँ।,joy,hi,google_reviews,shopping
2735,I feel really low and tired today.,sad,en,reddit,entertainment
4142,मुझे आगे क्या होगा इसका डर लग रहा है।,fear,hi,twitter,education
1334,यह देखकर मेरा दिन अच्छा बन गया।,happy,hi,twitter,entertainment
1765,I feel really happy about how things turned out today.,happy,en,reddit,technology
3649,This moment brings me pure joy.,joy,en,google_reviews,technology
3834,I truly care about you.,love,en,twitter,education
4560,मुझे आपकी बात पर भरोसा है।,trust,hi,twitter,education
1773,यह देखकर मेरा दिन अच्छा बन गया।,happy,hi,reddit,technology
4114,This situation makes me feel unsafe.,fear,en,news,education
4306,I can't wait for this to happen.,anticipation,en,amazon,entertainment
3672,यह मेरे लिए बहुत मायने रखता है।,love,hi,twitter,health
3534,यह पल मुझे बहुत खुशी दे रहा है।,joy,hi,google_reviews,health
1920,This made my day so much better.,happy,en,amazon,education
4865,मैं बार-बार कोशिश कर रहा हूँ लेकिन असफल हो रहा हूँ।,frustration,hi,news,technology
3261,Everything feels perfect right now.,joy,en,amazon,shopping
196,This is a regular update.,neutral,en,news,health
3401,Everything feels perfect right now.,joy,en,reddit,education
10,कार्यक्रम योजना के अनुसार हुआ।,neutral,hi,twitter,education
3535,सब कुछ अभी परफेक्ट लग रहा है।,joy,hi,google_reviews,shopping
1066,The event took place as scheduled.,neutral,en,amazon,education
3848,यह मेरे लिए बहुत मायने रखता है।,love,hi,twitter,technology
637,Everything is proceeding as planned.,neutral,en,reddit,education
2607,I feel really low and tired today.,sad,en,news,shopping
15,Everything is proceeding as planned.,neutral,en,amazon,technology
219,The event took place as scheduled.,neutral,en,news,technology
2936,I can't believe this happened again.,angry,en,amazon,entertainment
391,सब कुछ योजना के अनुसार चल रहा है।,neutral,hi,reddit,technology
453,This is a regular update.,neutral,en,news,health
433,This is a regular update.,neutral,en,amazon,entertainment
822,कार्यक्रम योजना के अनुसार हुआ।,neutral,hi,google_reviews,health
1779,This made my day so much better.,happy,en,google_reviews,technology
2886,मुझे विश्वास नहीं हो रहा कि यह फिर से हुआ।,angry,hi,reddit,health
4603,मुझे आपकी बात पर भरोसा है।,trust,hi,amazon,education
1813,I feel really happy about how things turned out today.,happy,en,reddit,health
497,कार्यक्रम योजना के अनुसार हुआ।,neutral,hi,google_reviews,health
899,यह एक सामान्य अपडेट है।,neutral,hi,twitter,health
1336,This made my day so much better.,happy,en,google_reviews,technology
4703,मैं इसे लेकर बहुत उलझन में हूँ।,confusion,hi,amazon,technology
4866,यह बहुत परेशान करने वाला हो रहा है।,frustration,hi,twitter,health
2244,It's been a hard day for me.,sad,en,reddit,technology
960,यह एक सामान्य अपडेट है।,neutral,hi,amazon,technology
4908,Nothing seems to be working.,frustration,en,google_reviews,education
4279,I can't wait for this to happen.,anticipation,en,twitter,health
3396,मैं इस पल का पूरा आनंद ले रहा हूँ।,joy,hi,twitter,shopping
4221,I keep worrying about the future.,fear,en,news,technology
3648,सब कुछ अभी परफेक्ट लग रहा है।,joy,hi,google_reviews,entertainment
1858,आज मैं बहुत खुश महसूस कर रहा हूँ।,happy,hi,google_reviews,education
1433,आज मैं बहुत खुश महसूस कर रहा हूँ।,happy,hi,twitter,entertainment
2684,I feel really low and tired today.,sad,en,amazon,technology
4849,यह समझना बहुत मुश्किल है।,confusion,hi,google_reviews,entertainment
1325,I feel really happy about how things turned out today.,happy,en,amazon,entertainment
3532,This moment brings me pure joy.,joy,en,google_reviews,health
1225,कार्यक्रम योजना के अनुसार हुआ।,neutral,hi,twitter,education
2300,कुछ भी सही नहीं लग रहा है।,sad,hi,reddit,health
3949,This means a lot to me.,love,en,news,entertainment
3036,यह बिल्कुल भी स्वीकार्य नहीं है।,angry,hi,google_reviews,health
2071,आज मैं बहुत उदास महसूस कर रहा हूँ।,sad,hi,reddit,education
3484,Everything feels perfect right now.,joy,en,amazon,education
3209,यह बिल्कुल भी स्वीकार्य नहीं है।,angry,hi,amazon,education
3793,This means a lot to me.,love,en,twitter,shopping
644,Everything is proceeding as planned.,neutral,en,amazon,education
863,सब कुछ योजना के अनुसार चल रहा है।,neutral,hi,amazon,technology
294,कार्यक्रम योजना के अनुसार हुआ।,neutral,hi,news,shopping
3897,I truly care about you.,love,en,news,health
3309,This moment brings me pure joy.,joy,en,twitter,education
78,This is a regular update.,neutral,en,reddit,shopping
963,The event took place as scheduled.,neutral,en,news,health
1690,This made my day so much better.,happy,en,amazon,shopping
4138,I am scared about what might happen next.,fear,en,google_reviews,shopping
2791,I am very angry about what happened.,angry,en,twitter,technology
4621,यह मुझे सुरक्षित महसूस कराता है।,trust,hi,reddit,entertainment
2597,It's been a hard day for me.,sad,en,news,education
529,सब कुछ योजना के अनुसार चल रहा है।,neutral,hi,reddit,education
3934,I truly care about you.,love,en,news,health
2971,I can't believe this happened again.,angry,en,news,education
2963,This is completely unacceptable.,angry,en,google_reviews,technology
3338,This moment brings me pure joy.,joy,en,google_reviews,entertainment
2401,कुछ भी सही नहीं लग रहा है।,sad,hi,google_reviews,health
1114,कार्यक्रम योजना के अनुसार हुआ।,neutral,hi,news,entertainment
2019,It's been a hard day for me.,sad,en,google_reviews,shopping
4816,यह समझना बहुत मुश्किल है।,confusion,hi,google_reviews,health
3746,मुझे आपकी सच में बहुत परवाह है।,love,hi,amazon,entertainment
4784,मैं इसे लेकर बहुत उलझन में हूँ।,confusion,hi,news,technology
3986,मेरा दिल अभी बहुत खुश महसूस कर रहा है।,love,hi,amazon,health
3093,I can't believe this happened again.,angry,en,news,entertainment
75,यह एक सामान्य अपडेट है।,neutral,hi,news,health
3840,My heart feels full right now.,love,en,news,health
4059,यह स्थिति मुझे असुरक्षित महसूस कराती है।,fear,hi,reddit,shopping
296,The event took place as scheduled.,neutral,en,twitter,education
2416,आज का दिन मेरे लिए बहुत मुश्किल रहा।,sad,hi,twitter,health
4332,मैं आगे क्या होगा इसका इंतजार कर रहा हूँ।,anticipation,hi,reddit,health
1030,यह एक सामान्य अपडेट है।,neutral,hi,reddit,technology
4527,I feel confident about this.,trust,en,reddit,education
3613,I am enjoying every second of this.,joy,en,google_reviews,health
610,यह एक सामान्य अपडेट है।,neutral,hi,news,entertainment
3780,My heart feels full right now.,love,en,google_reviews,shopping
820,The event took place as scheduled.,neutral,en,twitter,technology
3453,सब कुछ अभी परफेक्ट लग रहा है।,joy,hi,google_reviews,health
3043,I can't believe this happened again.,angry,en,twitter,shopping
4064,This situation makes me feel unsafe.,fear,en,google_reviews,health
4228,मुझे आगे क्या होगा इसका डर लग रहा है।,fear,hi,google_reviews,health
1500,सब कुछ आज बहुत सकारात्मक लग रहा है।,happy,hi,reddit,education
4300,मुझे इसका बहुत बेसब्री से इंतजार है।,anticipation,hi,amazon,technology
3642,सब कुछ अभी परफेक्ट लग रहा है।,joy,hi,google_reviews,shopping
150,कार्यक्रम योजना के अनुसार हुआ।,neutral,hi,google_reviews,entertainment
2944,I can't believe this happened again.,angry,en,google_reviews,education
1910,सब कुछ आज बहुत सकारात्मक लग रहा है।,happy,hi,news,entertainment
458,कार्यक्रम योजना के अनुसार हुआ।,neutral,hi,google_reviews,health
4173,मुझे आगे क्या होगा इसका डर लग रहा है।,fear,hi,twitter,health
3956,यह मेरे लिए बहुत मायने रखता है।,love,hi,reddit,shopping
4930,This is getting very annoying.,frustration,en,news,shopping
3032,I can't believe this happened again.,angry,en,news,technology
331,कार्यक्रम योजना के अनुसार हुआ।,neutral,hi,amazon,education
2287,कुछ भी सही नहीं लग रहा है।,sad,hi,amazon,health
1444,आज मैं बहुत खुश महसूस कर रहा हूँ।,happy,hi,reddit,entertainment
3966,मुझे आपकी सच में बहुत परवाह है।,love,hi,amazon,education
3791,मेरा दिल अभी बहुत खुश महसूस कर रहा है।,love,hi,twitter,education
3108,यह बिल्कुल भी स्वीकार्य नहीं है।,angry,hi,google_reviews,education
4188,मुझे आगे क्या होगा इसका डर लग रहा है।,fear,hi,reddit,shopping
4382,I am really looking forward to what comes next.,anticipation,en,google_reviews,health
408,यह एक सामान्य अपडेट है।,neutral,hi,news,education
209,The event took place as scheduled.,neutral,en,twitter,technology
3064,मुझे विश्वास नहीं हो रहा कि यह फिर से हुआ।,angry,hi,twitter,health
2686,आज मैं बहुत उदास महसूस कर रहा हूँ।,sad,hi,news,shopping
4854,This is getting very annoying.,frustration,en,news,health
1736,I feel really happy about how things turned out today.,happy,en,news,entertainment
2504,Nothing seems to be going right.,sad,en,google_reviews,health
3671,I truly care about you.,love,en,amazon,education
2166,Nothing seems to be going right.,sad,en,twitter,shopping
4172,यह स्थिति मुझे असुरक्षित महसूस कराती है।,fear,hi,google_reviews,education
4919,यह बहुत परेशान करने वाला हो रहा है।,frustration,hi,reddit,education
3629,This moment brings me pure joy.,joy,en,reddit,entertainment
1374,सब कुछ आज बहुत सकारात्मक लग रहा है।,happy,hi,google_reviews,education
1390,Everything feels bright and positive right now.,happy,en,twitter,shopping
3034,यह बिल्कुल भी स्वीकार्य नहीं है।,angry,hi,news,technology
800,Everything is proceeding as planned.,neutral,en,news,education
1436,सब कुछ आज बहुत सकारात्मक लग रहा है।,happy,hi,reddit,technology
132,सब कुछ योजना के अनुसार चल रहा है।,neutral,hi,amazon,health
4953,यह मेरे लिए बहुत बड़ा आश्चर्य था।,surprise,hi,news,entertainment
4575,यह मुझे सुरक्षित महसूस कराता है।,trust,hi,reddit,entertainment
4851,I keep trying and failing.,frustration,en,amazon,technology
4563,मुझे आपकी बात पर भरोसा है।,trust,hi,news,education
3410,मैं इस पल का पूरा आनंद ले रहा हूँ।,joy,hi,reddit,shopping
3692,This means a lot to me.,love,en,news,entertainment
944,The event took place as scheduled.,neutral,en,reddit,education
3350,सब कुछ अभी परफेक्ट लग रहा है।,joy,hi,news,entertainment
4564,मुझे आपकी बात पर भरोसा है।,trust,hi,twitter,education
3117,This is completely unacceptable.,angry,en,google_reviews,health
353,The event took place as scheduled.,neutral,en,reddit,technology
4200,मैं भविष्य को लेकर लगातार चिंतित हूँ।,fear,hi,amazon,education
4820,I am not sure what this means.,confusion,en,reddit,shopping
2691,It's been a hard day for me.,sad,en,news,technology
2738,It's been a hard day for me.,sad,en,reddit,education
1865,आज मैं बहुत खुश महसूस कर रहा हूँ।,happy,hi,news,entertainment
1700,This made my day so much better.,happy,en,twitter,education
29,कार्यक्रम योजना के अनुसार हुआ।,neutral,hi,google_reviews,education
398,Everything is proceeding as planned.,neutral,en,amazon,education
2077,It's been a hard day for me.,sad,en,google_reviews,health
2618,I feel really low and tired today.,sad,en,twitter,shopping
233,सब कुछ योजना के अनुसार चल रहा है।,neutral,hi,twitter,health
3766,My heart feels full right now.,love,en,google_reviews,education
3750,I truly care about you.,love,en,google_reviews,health
1758,Everything feels bright and positive right now.,happy,en,amazon,technology
3333,Everything feels perfect right now.,joy,en,google_reviews,education
2767,जो हुआ उससे मैं बहुत गुस्से में हूँ।,angry,hi,google_reviews,shopping
1393,सब कुछ आज बहुत सकारात्मक लग रहा है।,happy,hi,news,entertainment
448,This is a regular update.,neutral,en,news,technology
2852,This is completely unacceptable.,angry,en,twitter,education
3741,मेरा दिल अभी बहुत खुश महसूस कर रहा है।,love,hi,google_reviews,education
4357,I can't wait for this to happen.,anticipation,en,twitter,shopping
3135,मुझे विश्वास नहीं हो रहा कि यह फिर से हुआ।,angry,hi,amazon,shopping
3883,I truly care about you.,love,en,news,health
2529,आज मैं बहुत उदास महसूस कर रहा हूँ।,sad,hi,reddit,education
3978,यह मेरे लिए बहुत मायने रखता है।,love,hi,amazon,technology
4127,This situation makes me feel unsafe.,fear,en,twitter,health
4152,मैं भविष्य को लेकर लगातार चिंतित हूँ।,fear,hi,amazon,shopping
559,This is a regular update.,neutral,en,reddit,health
2899,I can't believe this happened again.,angry,en,google_reviews,technology
4853,This is getting very annoying.,frustration,en,twitter,education
3719,मेरा दिल अभी बहुत खुश महसूस कर रहा है।,love,hi,google_reviews,technology
3035,This is completely unacceptable.,angry,en,news,shopping
3341,I am enjoying every second of this.,joy,en,reddit,shopping
1454,यह देखकर मेरा दिन अच्छा बन गया।,happy,hi,amazon,education
2725,आज का दिन मेरे लिए बहुत मुश्किल रहा।,sad,hi,twitter,health
4864,This is getting very annoying.,frustration,en,amazon,shopping
383,यह एक सामान्य अपडेट है।,neutral,hi,news,shopping
3297,Everything feels perfect right now.,joy,en,reddit,education
369,यह एक सामान्य अपडेट है।,neutral,hi,news,education
213,सब कुछ योजना के अनुसार चल रहा है।,neutral,hi,news,shopping
195,The event took place as scheduled.,neutral,en,google_reviews,technology
3159,I can't believe this happened again.,angry,en,news,shopping
4131,This situation makes me feel unsafe.,fear,en,google_reviews,technology
2199,आज मैं बहुत उदास महसूस कर रहा हूँ।,sad,hi,amazon,education
1766,I feel really happy about how things turned out today.,happy,en,reddit,entertainment
1025,यह एक सामान्य अपडेट है।,neutral,hi,amazon,entertainment
2561,कुछ भी सही नहीं लग रहा है।,sad,hi,twitter,health
893,The event took place as scheduled.,neutral,en,google_reviews,health
1864,This made my day so much better.,happy,en,news,health
1850,यह देखकर मेरा दिन अच्छा बन गया।,happy,hi,google_reviews,health
151,यह एक सामान्य अपडेट है।,neutral,hi,reddit,shopping
2565,आज मैं बहुत उदास महसूस कर रहा हूँ।,sad,hi,google_reviews,technology
3124,यह बिल्कुल भी स्वीकार्य नहीं है।,angry,hi,twitter,technology
1340,This made my day so much better.,happy,en,amazon,shopping
4030,यह स्थिति मुझे असुरक्षित महसूस कराती है।,fear,hi,news,technology
622,Everything is proceeding as planned.,neutral,en,news,shopping
2030,Nothing seems to be going right.,sad,en,twitter,technology
2844,यह बिल्कुल भी स्वीकार्य नहीं है।,angry,hi,reddit,health
2190,It's been a hard day for me.,sad,en,news,shopping
1747,Everything feels bright and positive right now.,happy,en,google_reviews,entertainment
1208,This is a regular update.,neutral,en,amazon,shopping
4317,I am really looking forward to what comes next.,anticipation,en,google_reviews,technology
4140,I am scared about what might happen next.,fear,en,google_reviews,technology
4583,I feel confident about this.,trust,en,news,entertainment
803,This is a regular update.,neutral,en,twitter,education
3516,यह पल मुझे बहुत खुशी दे रहा है।,joy,hi,reddit,technology
4359,मेरे अंदर बहुत उत्साह है।,anticipation,hi,twitter,entertainment
113,यह एक सामान्य अपडेट है।,neutral,hi,news,technology
1868,सब कुछ आज बहुत सकारात्मक लग रहा है।,happy,hi,twitter,technology
4046,I am scared about what might happen next.,fear,en,amazon,entertainment
2118,Nothing seems to be going right.,sad,en,amazon,technology
842,The event took place as scheduled.,neutral,en,twitter,education
4238,यह स्थिति मुझे असुरक्षित महसूस कराती है।,fear,hi,news,shopping
2674,आज मैं बहुत उदास महसूस कर रहा हूँ।,sad,hi,amazon,education
554,सब कुछ योजना के अनुसार चल रहा है।,neutral,hi,google_reviews,health
3850,यह मेरे लिए बहुत मायने रखता है।,love,hi,google_reviews,technology
8,कार्यक्रम योजना के अनुसार हुआ।,neutral,hi,news,education
299,कार्यक्रम योजना के अनुसार हुआ।,neutral,hi,amazon,health
2581,It's been a hard day for me.,sad,en,twitter,entertainment
4486,I am really looking forward to what comes next.,anticipation,en,google_reviews,health
2143,Nothing seems to be going right.,sad,en,google_reviews,technology
372,This is a regular update.,neutral,en,google_reviews,shopping
3063,I am very angry about what happened.,angry,en,reddit,entertainment
4431,I can't wait for this to happen.,anticipation,en,news,health
3930,I truly care about you.,love,en,amazon,entertainment
3202,मुझे विश्वास नहीं हो रहा कि यह फिर से हुआ।,angry,hi,google_reviews,entertainment
379,यह एक सामान्य अपडेट है।,neutral,hi,google_reviews,health
1693,I feel really happy about how things turned out today.,happy,en,news,entertainment
4639,I feel confident about this.,trust,en,amazon,education
961,This is a regular update.,neutral,en,twitter,entertainment
2461,Nothing seems to be going right.,sad,en,google_reviews,health
1328,I feel really happy about how things turned out today.,happy,en,news,education
3296,I am enjoying every second of this.,joy,en,reddit,technology
1438,I feel really happy about how things turned out today.,happy,en,google_reviews,health
2114,I feel really low and tired today.,sad,en,news,technology
759,यह एक सामान्य अपडेट है।,neutral,hi,news,technology
4594,मुझे आपकी बात पर भरोसा है।,trust,hi,news,technology
697,Everything is proceeding as planned.,neutral,en,google_reviews,technology
3046,मुझे विश्वास नहीं हो रहा कि यह फिर से हुआ।,angry,hi,twitter,education
3011,I can't believe this happened again.,angry,en,news,entertainment
3258,यह पल मुझे बहुत खुशी दे रहा है।,joy,hi,google_reviews,technology
4664,मुझे इस पर पूरा विश्वास है।,trust,hi,amazon,entertainment
3557,This moment brings me pure joy.,joy,en,google_reviews,technology
1293,Everything feels bright and positive right now.,happy,en,news,entertainment
3878,This means a lot to me.,love,en,news,entertainment
228,यह एक सामान्य अपडेट है।,neutral,hi,google_reviews,entertainment
4215,I keep worrying about the future.,fear,en,twitter,health
3354,सब कुछ अभी परफेक्ट लग रहा है।,joy,hi,amazon,technology
101,सब कुछ योजना के अनुसार चल रहा है।,neutral,hi,google_reviews,entertainment
108,This is a regular update.,neutral,en,reddit,shopping
2374,आज मैं बहुत उदास महसूस कर रहा हूँ।,sad,hi,google_reviews,shopping
2018,Nothing seems to be going right.,sad,en,amazon,entertainment
1751,आज मैं बहुत खुश महसूस कर रहा हूँ।,happy,hi,amazon,shopping
3635,This moment brings me pure joy.,joy,en,google_reviews,shopping
2717,आज मैं बहुत उदास महसूस कर रहा हूँ।,sad,hi,reddit,technology
2247,It's been a hard day for me.,sad,en,reddit,health
4452,मैं आगे क्या होगा इसका इंतजार कर रहा हूँ।,anticipation,hi,amazon,education
120,This is a regular update.,neutral,en,amazon,shopping
3912,यह मेरे लिए बहुत मायने रखता है।,love,hi,google_reviews,education
777,The event took place as scheduled.,neutral,en,google_reviews,shopping
4082,I keep worrying about the future.,fear,en,twitter,health
2813,जो हुआ उससे मैं बहुत गुस्से में हूँ।,angry,hi,google_reviews,technology
3707,This means a lot to me.,love,en,amazon,health
1996,यह देखकर मेरा दिन अच्छा बन गया।,happy,hi,news,entertainment
4907,कुछ भी सही से काम नहीं कर रहा है।,frustration,hi,amazon,shopping
3111,This is completely unacceptable.,angry,en,google_reviews,shopping
2782,जो हुआ उससे मैं बहुत गुस्से में हूँ।,angry,hi,twitter,entertainment
789,The event took place as scheduled.,neutral,en,google_reviews,entertainment
1117,यह एक सामान्य अपडेट है।,neutral,hi,news,education
1694,Everything feels bright and positive right now.,happy,en,reddit,health
3515,I am enjoying every second of this.,joy,en,news,technology
3802,मुझे आपकी सच में बहुत परवाह है।,love,hi,amazon,shopping
215,This is a regular update.,neutral,en,twitter,shopping
3865,This means a lot to me.,love,en,amazon,health
660,यह एक सामान्य अपडेट है।,neutral,hi,google_reviews,shopping
1804,यह देखकर मेरा दिन अच्छा बन गया।,happy,hi,twitter,education
3631,सब कुछ अभी परफेक्ट लग रहा है।,joy,hi,amazon,health
3784,मेरा दिल अभी बहुत खुश महसूस कर रहा है।,love,hi,news,health
1416,आज मैं बहुत खुश महसूस कर रहा हूँ।,happy,hi,amazon,health
4307,There is a lot of excitement inside me.,anticipation,en,twitter,education
1810,आज मैं बहुत खुश महसूस कर रहा हूँ।,happy,hi,reddit,health
1460,Everything feels bright and positive right now.,happy,en,google_reviews,technology
2268,I feel really low and tired today.,sad,en,twitter,health
3720,मेरा दिल अभी बहुत खुश महसूस कर रहा है।,love,hi,news,health
4721,मैं इसे लेकर बहुत उलझन में हूँ।,confusion,hi,amazon,entertainment
4554,मुझे इस पर पूरा विश्वास है।,trust,hi,amazon,health
770,The event took place as scheduled.,neutral,en,google_reviews,shopping
3304,यह पल मुझे बहुत खुशी दे रहा है।,joy,hi,amazon,education
1339,यह देखकर मेरा दिन अच्छा बन गया।,happy,hi,news,health
3827,This means a lot to me.,love,en,reddit,shopping
3877,मुझे आपकी सच में बहुत परवाह है।,love,hi,news,technology
2872,मुझे विश्वास नहीं हो रहा कि यह फिर से हुआ।,angry,hi,reddit,health
3596,मैं इस पल का पूरा आनंद ले रहा हूँ।,joy,hi,twitter,health
1812,Everything feels bright and positive right now.,happy,en,reddit,shopping
2842,I can't believe this happened again.,angry,en,amazon,health
3721,This means a lot to me.,love,en,twitter,shopping
4780,I am not sure what this means.,confusion,en,twitter,health
3905,मुझे आपकी सच में बहुत परवाह है।,love,hi,news,education
1240,Everything is proceeding as planned.,neutral,en,google_reviews,health
3415,यह पल मुझे बहुत खुशी दे रहा है।,joy,hi,reddit,technology
3995,मेरा दिल अभी बहुत खुश महसूस कर रहा है।,love,hi,news,shopping
1331,This made my day so much better.,happy,en,twitter,technology
3959,मेरा दिल अभी बहुत खुश महसूस कर रहा है।,love,hi,reddit,entertainment
4772,I am not sure what this means.,confusion,en,reddit,shopping
153,Everything is proceeding as planned.,neutral,en,google_reviews,health
862,Everything is proceeding as planned.,neutral,en,amazon,entertainment
3122,This is completely unacceptable.,angry,en,twitter,shopping
537,यह एक सामान्य अपडेट है।,neutral,hi,google_reviews,health
4466,I can't wait for this to happen.,anticipation,en,reddit,technology
2704,आज मैं बहुत उदास महसूस कर रहा हूँ।,sad,hi,google_reviews,education
1944,यह देखकर मेरा दिन अच्छा बन गया।,happy,hi,amazon,entertainment
3210,यह बिल्कुल भी स्वीकार्य नहीं है।,angry,hi,twitter,health
4392,मेरे अंदर बहुत उत्साह है।,anticipation,hi,reddit,entertainment
604,Everything is proceeding as planned.,neutral,en,reddit,entertainment
545,The event took place as scheduled.,neutral,en,twitter,education
2230,आज मैं बहुत उदास महसूस कर रहा हूँ।,sad,hi,amazon,technology
4288,मेरे अंदर बहुत उत्साह है।,anticipation,hi,amazon,shopping
2776,This is completely unacceptable.,angry,en,twitter,health
4112,मैं भविष्य को लेकर लगातार चिंतित हूँ।,fear,hi,reddit,shopping
496,Everything is proceeding as planned.,neutral,en,news,entertainment
1658,This made my day so much better.,happy,en,twitter,education
1849,Everything feels bright and positive right now.,happy,en,amazon,health
4164,मुझे आगे क्या होगा इसका डर लग रहा है।,fear,hi,twitter,entertainment
3810,I truly care about you.,love,en,google_reviews,education
3058,जो हुआ उससे मैं बहुत गुस्से में हूँ।,angry,hi,google_reviews,education
4874,This is getting very annoying.,frustration,en,reddit,entertainment
833,The event took place as scheduled.,neutral,en,reddit,entertainment
226,सब कुछ योजना के अनुसार चल रहा है।,neutral,hi,google_reviews,shopping
2663,कुछ भी सही नहीं लग रहा है।,sad,hi,google_reviews,health
4360,मुझे इसका बहुत बेसब्री से इंतजार है।,anticipation,hi,news,shopping
4442,मैं आगे क्या होगा इसका इंतजार कर रहा हूँ।,anticipation,hi,google_reviews,entertainment
1960,यह देखकर मेरा दिन अच्छा बन गया।,happy,hi,reddit,entertainment
4186,यह स्थिति मुझे असुरक्षित महसूस कराती है।,fear,hi,reddit,entertainment
1874,Everything feels bright and positive right now.,happy,en,reddit,health
949,कार्यक्रम योजना के अनुसार हुआ।,neutral,hi,reddit,technology
798,Everything is proceeding as planned.,neutral,en,google_reviews,education
3554,यह पल मुझे बहुत खुशी दे रहा है।,joy,hi,news,shopping
481,सब कुछ योजना के अनुसार चल रहा है।,neutral,hi,google_reviews,entertainment
2152,आज मैं बहुत उदास महसूस कर रहा हूँ।,sad,hi,google_reviews,technology
3993,यह मेरे लिए बहुत मायने रखता है।,love,hi,amazon,education
51,This is a regular update.,neutral,en,reddit,shopping
3163,I can't believe this happened again.,angry,en,twitter,health
69,सब कुछ योजना के अनुसार चल रहा है।,neutral,hi,google_reviews,health
3760,यह मेरे लिए बहुत मायने रखता है।,love,hi,reddit,education
1085,सब कुछ योजना के अनुसार चल रहा है।,neutral,hi,google_reviews,entertainment
429,Everything is proceeding as planned.,neutral,en,twitter,health
708,कार्यक्रम योजना के अनुसार हुआ।,neutral,hi,amazon,entertainment
1235,सब कुछ योजना के अनुसार चल रहा है।,neutral,hi,amazon,shopping
3896,I truly care about you.,love,en,reddit,technology
1399,यह देखकर मेरा दिन अच्छा बन गया।,happy,hi,amazon,technology
62,This is a regular update.,neutral,en,news,technology
3500,मैं इस पल का पूरा आनंद ले रहा हूँ।,joy,hi,twitter,entertainment
4491,मेरे अंदर बहुत उत्साह है।,anticipation,hi,news,shopping
4660,मुझे आपकी बात पर भरोसा है।,trust,hi,google_reviews,entertainment
2278,It's been a hard day for me.,sad,en,amazon,education
3814,My heart feels full right now.,love,en,reddit,technology
2790,I can't believe this happened again.,angry,en,reddit,health
85,कार्यक्रम योजना के अनुसार हुआ।,neutral,hi,google_reviews,technology
4755,मुझे समझ नहीं आ रहा कि इसका क्या मतलब है।,confusion,hi,twitter,entertainment
3614,I am enjoying every second of this.,joy,en,amazon,technology
3502,This moment brings me pure joy.,joy,en,google_reviews,shopping
3146,यह बिल्कुल भी स्वीकार्य नहीं है।,angry,hi,twitter,health
2076,It's been a hard day for me.,sad,en,twitter,health
4193,This situation makes me feel unsafe.,fear,en,amazon,entertainment
4972,यह मेरे लिए बहुत बड़ा आश्चर्य था।,surprise,hi,news,entertainment
4210,मैं भविष्य को लेकर लगातार चिंतित हूँ।,fear,hi,twitter,shopping
4426,मैं आगे क्या होगा इसका इंतजार कर रहा हूँ।,anticipation,hi,reddit,shopping
4374,There is a lot of excitement inside me.,anticipation,en,reddit,health
1770,This made my day so much better.,happy,en,twitter,shopping
1562,Everything feels bright and positive right now.,happy,en,news,education
3319,मैं इस पल का पूरा आनंद ले रहा हूँ।,joy,hi,google_reviews,education
4042,मुझे आगे क्या होगा इसका डर लग रहा है।,fear,hi,twitter,shopping
4295,There is a lot of excitement inside me.,anticipation,en,amazon,education
2180,I feel really low and tired today.,sad,en,google_reviews,entertainment
2907,I am very angry about what happened.,angry,en,twitter,technology
194,यह एक सामान्य अपडेट है।,neutral,hi,news,education
3469,यह पल मुझे बहुत खुशी दे रहा है।,joy,hi,google_reviews,health
4016,I keep worrying about the future.,fear,en,news,entertainment
4372,मेरे अंदर बहुत उत्साह है।,anticipation,hi,google_reviews,health
1413,This made my day so much better.,happy,en,google_reviews,education
2906,This is completely unacceptable.,angry,en,reddit,technology
1992,सब कुछ आज बहुत सकारात्मक लग रहा है।,happy,hi,google_reviews,entertainment
4406,I can't wait for this to happen.,anticipation,en,google_reviews,technology
561,This is a regular update.,neutral,en,reddit,education
709,सब कुछ योजना के अनुसार चल रहा है।,neutral,hi,news,shopping
2534,I feel really low and tired today.,sad,en,twitter,entertainment
293,यह एक सामान्य अपडेट है।,neutral,hi,reddit,technology
1083,यह एक सामान्य अपडेट है।,neutral,hi,news,education
4350,I can't wait for this to happen.,anticipation,en,google_reviews,health
2931,मुझे विश्वास नहीं हो रहा कि यह फिर से हुआ।,angry,hi,google_reviews,technology
2688,आज मैं बहुत उदास महसूस कर रहा हूँ।,sad,hi,twitter,education
476,This is a regular update.,neutral,en,google_reviews,education
1088,Everything is proceeding as planned.,neutral,en,twitter,entertainment
1982,यह देखकर मेरा दिन अच्छा बन गया।,happy,hi,news,technology
522,सब कुछ योजना के अनुसार चल रहा है।,neutral,hi,amazon,entertainment
3376,मैं इस पल का पूरा आनंद ले रहा हूँ।,joy,hi,news,shopping
4437,मैं आगे क्या होगा इसका इंतजार कर रहा हूँ।,anticipation,hi,reddit,health
3332,This moment brings me pure joy.,joy,en,google_reviews,entertainment
4848,This is hard to understand.,confusion,en,reddit,education
4281,मेरे अंदर बहुत उत्साह है।,anticipation,hi,twitter,technology
1182,कार्यक्रम योजना के अनुसार हुआ।,neutral,hi,twitter,shopping
513,Everything is proceeding as planned.,neutral,en,news,shopping
1056,यह एक सामान्य अपडेट है।,neutral,hi,twitter,health
3405,सब कुछ अभी परफेक्ट लग रहा है।,joy,hi,google_reviews,technology
588,The event took place as scheduled.,neutral,en,google_reviews,shopping
2017,आज का दिन मेरे लिए बहुत मुश्किल रहा।,sad,hi,reddit,technology
2843,I can't believe this happened again.,angry,en,google_reviews,technology
3913,My heart feels full right now.,love,en,reddit,entertainment
3493,This moment brings me pure joy.,joy,en,google_reviews,health
947,यह एक सामान्य अपडेट है।,neutral,hi,reddit,technology
7,This is a regular update.,neutral,en,amazon,education
4481,मैं आगे क्या होगा इसका इंतजार कर रहा हूँ।,anticipation,hi,twitter,health
4498,There is a lot of excitement inside me.,anticipation,en,amazon,technology
3412,सब कुछ अभी परफेक्ट लग रहा है।,joy,hi,news,technology
1579,सब कुछ आज बहुत सकारात्मक लग रहा है।,happy,hi,google_reviews,technology
4278,I am really looking forward to what comes next.,anticipation,en,twitter,entertainment
2890,यह बिल्कुल भी स्वीकार्य नहीं है।,angry,hi,reddit,shopping
1081,The event took place as scheduled.,neutral,en,amazon,education
3059,यह बिल्कुल भी स्वीकार्य नहीं है।,angry,hi,twitter,technology
1742,I feel really happy about how things turned out today.,happy,en,amazon,shopping
4555,I feel confident about this.,trust,en,twitter,technology
1130,सब कुछ योजना के अनुसार चल रहा है।,neutral,hi,google_reviews,entertainment
4366,I can't wait for this to happen.,anticipation,en,news,technology
2290,आज का दिन मेरे लिए बहुत मुश्किल रहा।,sad,hi,amazon,technology
167,यह एक सामान्य अपडेट है।,neutral,hi,twitter,entertainment
2203,It's been a hard day for me.,sad,en,reddit,health
4096,This situation makes me feel unsafe.,fear,en,google_reviews,shopping
2140,It's been a hard day for me.,sad,en,google_reviews,entertainment
3733,यह मेरे लिए बहुत मायने रखता है।,love,hi,google_reviews,education
4693,मुझे आपकी बात पर भरोसा है।,trust,hi,google_reviews,shopping
462,कार्यक्रम योजना के अनुसार हुआ।,neutral,hi,amazon,entertainment
4301,I am really looking forward to what comes next.,anticipation,en,twitter,health
2922,मुझे विश्वास नहीं हो रहा कि यह फिर से हुआ।,angry,hi,reddit,health
4904,This is getting very annoying.,frustration,en,amazon,technology
665,सब कुछ योजना के अनुसार चल रहा है।,neutral,hi,google_reviews,health
3716,मुझे आपकी सच में बहुत परवाह है।,love,hi,reddit,health
218,The event took place as scheduled.,neutral,en,news,education
3450,This moment brings me pure joy.,joy,en,twitter,entertainment
1663,This made my day so much better.,happy,en,news,education
3285,यह पल मुझे बहुत खुशी दे रहा है।,joy,hi,amazon,education
3832,यह मेरे लिए बहुत मायने रखता है।,love,hi,amazon,entertainment
2669,आज का दिन मेरे लिए बहुत मुश्किल रहा।,sad,hi,google_reviews,shopping
4364,मेरे अंदर बहुत उत्साह है।,anticipation,hi,amazon,health
1821,I feel really happy about how things turned out today.,happy,en,amazon,technology
4894,कुछ भी सही से काम नहीं कर रहा है।,frustration,hi,amazon,health
188,This is a regular update.,neutral,en,twitter,technology
4956,I did not expect this at all.,surprise,en,google_reviews,technology
3179,I can't believe this happened again.,angry,en,google_reviews,entertainment
4155,I am scared about what might happen next.,fear,en,reddit,technology
1947,यह देखकर मेरा दिन अच्छा बन गया।,happy,hi,news,health
1078,यह एक सामान्य अपडेट है।,neutral,hi,google_reviews,technology
3835,I truly care about you.,love,en,amazon,education
2314,I feel really low and tired today.,sad,en,amazon,shopping
2123,कुछ भी सही नहीं लग रहा है।,sad,hi,google_reviews,education
3841,यह मेरे लिए बहुत मायने रखता है।,love,hi,news,education
339,कार्यक्रम योजना के अनुसार हुआ।,neutral,hi,news,shopping
4141,मैं भविष्य को लेकर लगातार चिंतित हूँ।,fear,hi,reddit,health
349,The event took place as scheduled.,neutral,en,twitter,education
2115,आज मैं बहुत उदास महसूस कर रहा हूँ।,sad,hi,news,education
3303,I am enjoying every second of this.,joy,en,reddit,health
4840,यह समझना बहुत मुश्किल है।,confusion,hi,twitter,technology
1746,I feel really happy about how things turned out today.,happy,en,google_reviews,technology
4286,मैं आगे क्या होगा इसका इंतजार कर रहा हूँ।,anticipation,hi,twitter,health
760,This is a regular update.,neutral,en,twitter,health
1474,I feel really happy about how things turned out today.,happy,en,twitter,technology
664,यह एक सामान्य अपडेट है।,neutral,hi,amazon,shopping
4713,This is hard to understand.,confusion,en,twitter,education
2396,आज का दिन मेरे लिए बहुत मुश्किल रहा।,sad,hi,reddit,shopping
1999,यह देखकर मेरा दिन अच्छा बन गया।,happy,hi,news,technology
3575,I am enjoying every second of this.,joy,en,news,education
4748,I am not sure what this means.,confusion,en,reddit,health
4876,This is getting very annoying.,frustration,en,google_reviews,education
283,यह एक सामान्य अपडेट है।,neutral,hi,google_reviews,technology
3327,This moment brings me pure joy.,joy,en,reddit,education
2391,I feel really low and tired today.,sad,en,google_reviews,entertainment
374,सब कुछ योजना के अनुसार चल रहा है।,neutral,hi,amazon,education
3195,मुझे विश्वास नहीं हो रहा कि यह फिर से हुआ।,angry,hi,amazon,health
2068,I feel really low and tired today.,sad,en,reddit,shopping
324,The event took place as scheduled.,neutral,en,reddit,technology
563,यह एक सामान्य अपडेट है।,neutral,hi,reddit,technology
2716,आज मैं बहुत उदास महसूस कर रहा हूँ।,sad,hi,amazon,shopping
2392,आज का दिन मेरे लिए बहुत मुश्किल रहा।,sad,hi,google_reviews,entertainment
4245,यह स्थिति मुझे असुरक्षित महसूस कराती है।,fear,hi,news,health
3072,जो हुआ उससे मैं बहुत गुस्से में हूँ।,angry,hi,google_reviews,technology
2483,कुछ भी सही नहीं लग रहा है।,sad,hi,twitter,technology
2610,आज का दिन मेरे लिए बहुत मुश्किल रहा।,sad,hi,news,entertainment
323,कार्यक्रम योजना के अनुसार हुआ।,neutral,hi,reddit,shopping
180,सब कुछ योजना के अनुसार चल रहा है।,neutral,hi,twitter,technology
1466,सब कुछ आज बहुत सकारात्मक लग रहा है।,happy,hi,news,health
1243,The event took place as scheduled.,neutral,en,amazon,health
3483,सब कुछ अभी परफेक्ट लग रहा है।,joy,hi,reddit,shopping
2679,Nothing seems to be going right.,sad,en,news,health
2805,I can't believe this happened again.,angry,en,twitter,shopping
593,कार्यक्रम योजना के अनुसार हुआ।,neutral,hi,google_reviews,education
3352,सब कुछ अभी परफेक्ट लग रहा है।,joy,hi,twitter,shopping
4632,This makes me feel secure.,trust,en,google_reviews,technology
3417,Everything feels perfect right now.,joy,en,news,technology
1223,यह एक सामान्य अपडेट है।,neutral,hi,amazon,technology
3914,I truly care about you.,love,en,reddit,shopping
511,Everything is proceeding as planned.,neutral,en,google_reviews,shopping
1967,Everything feels bright and positive right now.,happy,en,news,technology
3289,This moment brings me pure joy.,joy,en,amazon,technology
1835,I feel really happy about how things turned out today.,happy,en,twitter,shopping
3367,This moment brings me pure joy.,joy,en,news,education
2771,जो हुआ उससे मैं बहुत गुस्से में हूँ।,angry,hi,amazon,entertainment
3137,यह बिल्कुल भी स्वीकार्य नहीं है।,angry,hi,reddit,entertainment
3943,I truly care about you.,love,en,google_reviews,education
3576,यह पल मुझे बहुत खुशी दे रहा है।,joy,hi,google_reviews,shopping
4855,मैं बार-बार कोशिश कर रहा हूँ लेकिन असफल हो रहा हूँ।,frustration,hi,reddit,education
169,यह एक सामान्य अपडेट है।,neutral,hi,twitter,education
1045,कार्यक्रम योजना के अनुसार हुआ।,neutral,hi,reddit,education
4918,This is getting very annoying.,frustration,en,news,entertainment
434,सब कुछ योजना के अनुसार चल रहा है।,neutral,hi,google_reviews,entertainment
1533,आज मैं बहुत खुश महसूस कर रहा हूँ।,happy,hi,google_reviews,entertainment
4723,मुझे समझ नहीं आ रहा कि इसका क्या मतलब है।,confusion,hi,amazon,shopping
4175,मुझे आगे क्या होगा इसका डर लग रहा है।,fear,hi,twitter,education
2703,आज मैं बहुत उदास महसूस कर रहा हूँ।,sad,hi,reddit,health
746,Everything is proceeding as planned.,neutral,en,reddit,technology
781,Everything is proceeding as planned.,neutral,en,reddit,education
4216,यह स्थिति मुझे असुरक्षित महसूस कराती है।,fear,hi,reddit,health
3547,सब कुछ अभी परफेक्ट लग रहा है।,joy,hi,amazon,education
2446,I feel really low and tired today.,sad,en,reddit,entertainment
1938,आज मैं बहुत खुश महसूस कर रहा हूँ।,happy,hi,google_reviews,entertainment
2445,आज मैं बहुत उदास महसूस कर रहा हूँ।,sad,hi,reddit,technology
688,कार्यक्रम योजना के अनुसार हुआ।,neutral,hi,google_reviews,technology
2587,I feel really low and tired today.,sad,en,reddit,entertainment
208,सब कुछ योजना के अनुसार चल रहा है।,neutral,hi,reddit,shopping
1837,Everything feels bright and positive right now.,happy,en,amazon,health
3522,मैं इस पल का पूरा आनंद ले रहा हूँ।,joy,hi,reddit,education
4355,मैं आगे क्या होगा इसका इंतजार कर रहा हूँ।,anticipation,hi,amazon,health
412,The event took place as scheduled.,neutral,en,amazon,education
121,यह एक सामान्य अपडेट है।,neutral,hi,news,education
3402,सब कुछ अभी परफेक्ट लग रहा है।,joy,hi,google_reviews,education
1220,यह एक सामान्य अपडेट है।,neutral,hi,twitter,entertainment
2165,आज मैं बहुत उदास महसूस कर रहा हूँ।,sad,hi,google_reviews,entertainment
4673,मुझे आपकी बात पर भरोसा है।,trust,hi,reddit,technology
1134,The event took place as scheduled.,neutral,en,news,technology
3609,I am enjoying every second of this.,joy,en,google_reviews,health
1545,This made my day so much better.,happy,en,news,technology
2033,I feel really low and tired today.,sad,en,news,entertainment
3723,यह मेरे लिए बहुत मायने रखता है।,love,hi,news,technology
3372,I am enjoying every second of this.,joy,en,reddit,health
411,सब कुछ योजना के अनुसार चल रहा है।,neutral,hi,amazon,shopping
3349,Everything feels perfect right now.,joy,en,reddit,technology
1565,आज मैं बहुत खुश महसूस कर रहा हूँ।,happy,hi,amazon,shopping
4657,I believe in what you are saying.,trust,en,twitter,entertainment
1168,कार्यक्रम योजना के अनुसार हुआ।,neutral,hi,news,technology
4990,I did not expect this at all.,surprise,en,reddit,education
2398,आज का दिन मेरे लिए बहुत मुश्किल रहा।,sad,hi,news,health
1819,यह देखकर मेरा दिन अच्छा बन गया।,happy,hi,amazon,health
1510,यह देखकर मेरा दिन अच्छा बन गया।,happy,hi,amazon,entertainment
288,This is a regular update.,neutral,en,google_reviews,technology
3564,Everything feels perfect right now.,joy,en,amazon,technology
3961,मेरा दिल अभी बहुत खुश महसूस कर रहा है।,love,hi,twitter,shopping
4246,मुझे आगे क्या होगा इसका डर लग रहा है।,fear,hi,amazon,entertainment
1464,आज मैं बहुत खुश महसूस कर रहा हूँ।,happy,hi,reddit,entertainment
3323,मैं इस पल का पूरा आनंद ले रहा हूँ।,joy,hi,google_reviews,health
514,यह एक सामान्य अपडेट है।,neutral,hi,amazon,shopping
1735,यह देखकर मेरा दिन अच्छा बन गया।,happy,hi,twitter,education
4236,This situation makes me feel unsafe.,fear,en,google_reviews,technology
3317,यह पल मुझे बहुत खुशी दे रहा है।,joy,hi,twitter,education
2350,कुछ भी सही नहीं लग रहा है।,sad,hi,twitter,shopping
4893,Nothing seems to be working.,frustration,en,twitter,shopping
2859,जो हुआ उससे मैं बहुत गुस्से में हूँ।,angry,hi,twitter,health
258,सब कुछ योजना के अनुसार चल रहा है।,neutral,hi,news,shopping
291,This is a regular update.,neutral,en,news,shopping
2804,This is completely unacceptable.,angry,en,reddit,entertainment
1660,Everything feels bright and positive right now.,happy,en,news,shopping
3752,मेरा दिल अभी बहुत खुश महसूस कर रहा है।,love,hi,amazon,education
1455,Everything feels bright and positive right now.,happy,en,reddit,shopping
769,सब कुछ योजना के अनुसार चल रहा है।,neutral,hi,google_reviews,shopping
950,This is a regular update.,neutral,en,google_reviews,technology
3735,I truly care about you.,love,en,google_reviews,entertainment
582,The event took place as scheduled.,neutral,en,twitter,entertainment
66,The event took place as scheduled.,neutral,en,twitter,technology
2466,It's been a hard day for me.,sad,en,twitter,entertainment
4647,I believe in what you are saying.,trust,en,news,education
1825,आज मैं बहुत खुश महसूस कर रहा हूँ।,happy,hi,google_reviews,health
4887,यह बहुत परेशान करने वाला हो रहा है।,frustration,hi,twitter,shopping
1629,Everything feels bright and positive right now.,happy,en,amazon,health
3768,My heart feels full right now.,love,en,twitter,health
3676,मेरा दिल अभी बहुत खुश महसूस कर रहा है।,love,hi,twitter,education
189,सब कुछ योजना के अनुसार चल रहा है।,neutral,hi,reddit,shopping
3155,I am very angry about what happened.,angry,en,twitter,entertainment
813,सब कुछ योजना के अनुसार चल रहा है।,neutral,hi,amazon,technology
2202,Nothing seems to be going right.,sad,en,news,education
3590,सब कुछ अभी परफेक्ट लग रहा है।,joy,hi,amazon,shopping
28,यह एक सामान्य अपडेट है।,neutral,hi,twitter,shopping
3759,मुझे आपकी सच में बहुत परवाह है।,love,hi,reddit,technology
1563,Everything feels bright and positive right now.,happy,en,news,shopping
3236,I am very angry about what happened.,angry,en,news,health
4202,मुझे आगे क्या होगा इसका डर लग रहा है।,fear,hi,twitter,health
4478,मेरे अंदर बहुत उत्साह है।,anticipation,hi,news,technology
2939,मुझे विश्वास नहीं हो रहा कि यह फिर से हुआ।,angry,hi,amazon,entertainment
3270,यह पल मुझे बहुत खुशी दे रहा है।,joy,hi,google_reviews,health
3971,This means a lot to me.,love,en,reddit,shopping
4055,मुझे आगे क्या होगा इसका डर लग रहा है।,fear,hi,google_reviews,entertainment
4892,मैं बार-बार कोशिश कर रहा हूँ लेकिन असफल हो रहा हूँ।,frustration,hi,reddit,education
3825,I truly care about you.,love,en,twitter,education
1136,सब कुछ योजना के अनुसार चल रहा है।,neutral,hi,reddit,technology
4766,I feel lost about this.,confusion,en,amazon,shopping
4095,मुझे आगे क्या होगा इसका डर लग रहा है।,fear,hi,twitter,technology
2568,I feel really low and tired today.,sad,en,reddit,entertainment
2905,This is completely unacceptable.,angry,en,news,health
3904,मुझे आपकी सच में बहुत परवाह है।,love,hi,twitter,education
2371,Nothing seems to be going right.,sad,en,amazon,health
3953,This means a lot to me.,love,en,amazon,technology
4341,मुझे इसका बहुत बेसब्री से इंतजार है।,anticipation,hi,twitter,health
882,This is a regular update.,neutral,en,reddit,entertainment
3123,जो हुआ उससे मैं बहुत गुस्से में हूँ।,angry,hi,amazon,entertainment
2882,जो हुआ उससे मैं बहुत गुस्से में हूँ।,angry,hi,reddit,shopping
217,This is a regular update.,neutral,en,news,shopping
1238,This is a regular update.,neutral,en,twitter,entertainment
3529,यह पल मुझे बहुत खुशी दे रहा है।,joy,hi,twitter,technology
3475,मैं इस पल का पूरा आनंद ले रहा हूँ।,joy,hi,amazon,entertainment
755,सब कुछ योजना के अनुसार चल रहा है।,neutral,hi,twitter,health
1212,कार्यक्रम योजना के अनुसार हुआ।,neutral,hi,news,technology
1274,Everything feels bright and positive right now.,happy,en,reddit,entertainment
1286,Everything feels bright and positive right now.,happy,en,twitter,technology
1839,यह देखकर मेरा दिन अच्छा बन गया।,happy,hi,amazon,health
341,This is a regular update.,neutral,en,amazon,shopping
1555,I feel really happy about how things turned out today.,happy,en,reddit,entertainment
2306,It's been a hard day for me.,sad,en,reddit,entertainment
4418,मेरे अंदर बहुत उत्साह है।,anticipation,hi,twitter,education
3177,मुझे विश्वास नहीं हो रहा कि यह फिर से हुआ।,angry,hi,twitter,health
190,Everything is proceeding as planned.,neutral,en,amazon,entertainment
4568,This makes me feel secure.,trust,en,twitter,entertainment
4541,This makes me feel secure.,trust,en,twitter,education
3430,यह पल मुझे बहुत खुशी दे रहा है।,joy,hi,twitter,technology
1218,This is a regular update.,neutral,en,google_reviews,health
2740,It's been a hard day for me.,sad,en,twitter,education
4785,I feel lost about this.,confusion,en,news,technology
4483,मुझे इसका बहुत बेसब्री से इंतजार है।,anticipation,hi,news,education
1704,This made my day so much better.,happy,en,google_reviews,education
2491,कुछ भी सही नहीं लग रहा है।,sad,hi,news,entertainment
900,This is a regular update.,neutral,en,news,education
3944,मुझे आपकी सच में बहुत परवाह है।,love,hi,amazon,health
782,Everything is proceeding as planned.,neutral,en,news,health
3730,मुझे आपकी सच में बहुत परवाह है।,love,hi,reddit,education
3869,मेरा दिल अभी बहुत खुश महसूस कर रहा है।,love,hi,google_reviews,health
4802,यह समझना बहुत मुश्किल है।,confusion,hi,news,shopping
866,यह एक सामान्य अपडेट है।,neutral,hi,amazon,technology
2082,आज मैं बहुत उदास महसूस कर रहा हूँ।,sad,hi,reddit,entertainment
2687,I feel really low and tired today.,sad,en,amazon,technology
1718,सब कुछ आज बहुत सकारात्मक लग रहा है।,happy,hi,reddit,shopping
698,कार्यक्रम योजना के अनुसार हुआ।,neutral,hi,twitter,shopping
65,यह एक सामान्य अपडेट है।,neutral,hi,twitter,health
367,यह एक सामान्य अपडेट है।,neutral,hi,news,technology
1531,सब कुछ आज बहुत सकारात्मक लग रहा है।,happy,hi,google_reviews,shopping
2585,आज मैं बहुत उदास महसूस कर रहा हूँ।,sad,hi,google_reviews,technology
3299,I am enjoying every second of this.,joy,en,google_reviews,shopping
1772,यह देखकर मेरा दिन अच्छा बन गया।,happy,hi,google_reviews,education
1022,सब कुछ योजना के अनुसार चल रहा है।,neutral,hi,news,health
923,यह एक सामान्य अपडेट है।,neutral,hi,news,entertainment
455,सब कुछ योजना के अनुसार चल रहा है।,neutral,hi,google_reviews,entertainment
390,Everything is proceeding as planned.,neutral,en,google_reviews,health
4975,"Wow, this is unexpected.",surprise,en,reddit,health
4830,This is hard to understand.,confusion,en,news,technology
1031,यह एक सामान्य अपडेट है।,neutral,hi,twitter,technology
2719,I feel really low and tired today.,sad,en,news,shopping
4510,मुझे इस पर पूरा विश्वास है।,trust,hi,reddit,health
1986,This made my day so much better.,happy,en,news,health
2356,कुछ भी सही नहीं लग रहा है।,sad,hi,amazon,health
997,This is a regular update.,neutral,en,twitter,shopping
599,This is a regular update.,neutral,en,news,entertainment
409,The event took place as scheduled.,neutral,en,reddit,technology
4467,मुझे इसका बहुत बेसब्री से इंतजार है।,anticipation,hi,twitter,shopping
1605,आज मैं बहुत खुश महसूस कर रहा हूँ।,happy,hi,amazon,shopping
1396,I feel really happy about how things turned out today.,happy,en,amazon,shopping
1237,Everything is proceeding as planned.,neutral,en,news,health
2941,I am very angry about what happened.,angry,en,reddit,education
521,This is a regular update.,neutral,en,reddit,entertainment
1603,सब कुछ आज बहुत सकारात्मक लग रहा है।,happy,hi,amazon,education
3230,I am very angry about what happened.,angry,en,reddit,education
1089,This is a regular update.,neutral,en,amazon,education
996,Everything is proceeding as planned.,neutral,en,twitter,education
3162,यह बिल्कुल भी स्वीकार्य नहीं है।,angry,hi,amazon,education
4822,यह समझना बहुत मुश्किल है।,confusion,hi,google_reviews,shopping
693,कार्यक्रम योजना के अनुसार हुआ।,neutral,hi,google_reviews,health
4651,This makes me feel secure.,trust,en,news,education
3095,This is completely unacceptable.,angry,en,twitter,technology
4329,There is a lot of excitement inside me.,anticipation,en,amazon,shopping
2105,Nothing seems to be going right.,sad,en,amazon,technology
2359,Nothing seems to be going right.,sad,en,twitter,entertainment
2575,It's been a hard day for me.,sad,en,news,shopping
1822,सब कुछ आज बहुत सकारात्मक लग रहा है।,happy,hi,twitter,shopping
1465,I feel really happy about how things turned out today.,happy,en,amazon,shopping
4337,मुझे इसका बहुत बेसब्री से इंतजार है।,anticipation,hi,amazon,education
3734,यह मेरे लिए बहुत मायने रखता है।,love,hi,google_reviews,entertainment
2219,कुछ भी सही नहीं लग रहा है।,sad,hi,amazon,health
2293,कुछ भी सही नहीं लग रहा है।,sad,hi,reddit,education
385,This is a regular update.,neutral,en,news,entertainment
21,कार्यक्रम योजना के अनुसार हुआ।,neutral,hi,news,shopping
1701,सब कुछ आज बहुत सकारात्मक लग रहा है।,happy,hi,amazon,health
1007,Everything is proceeding as planned.,neutral,en,google_reviews,health
2970,जो हुआ उससे मैं बहुत गुस्से में हूँ।,angry,hi,google_reviews,shopping
1439,यह देखकर मेरा दिन अच्छा बन गया।,happy,hi,amazon,entertainment
3714,I truly care about you.,love,en,amazon,health
277,The event took place as scheduled.,neutral,en,twitter,health
2249,आज मैं बहुत उदास महसूस कर रहा हूँ।,sad,hi,google_reviews,education
1044,सब कुछ योजना के अनुसार चल रहा है।,neutral,hi,reddit,shopping
1838,सब कुछ आज बहुत सकारात्मक लग रहा है।,happy,hi,news,health
356,Everything is proceeding as planned.,neutral,en,news,health
3191,यह बिल्कुल भी स्वीकार्य नहीं है।,angry,hi,twitter,entertainment
2713,कुछ भी सही नहीं लग रहा है।,sad,hi,amazon,education
790,यह एक सामान्य अपडेट है।,neutral,hi,news,education
4043,यह स्थिति मुझे असुरक्षित महसूस कराती है।,fear,hi,twitter,education
3320,सब कुछ अभी परफेक्ट लग रहा है।,joy,hi,reddit,entertainment
1927,This made my day so much better.,happy,en,amazon,education
3811,यह मेरे लिए बहुत मायने रखता है।,love,hi,google_reviews,shopping
4487,I am really looking forward to what comes next.,anticipation,en,reddit,education
3662,यह मेरे लिए बहुत मायने रखता है।,love,hi,amazon,technology
4389,I am really looking forward to what comes next.,anticipation,en,twitter,technology
685,The event took place as scheduled.,neutral,en,news,education
4012,यह स्थिति मुझे असुरक्षित महसूस कराती है।,fear,hi,reddit,education
1706,I feel really happy about how things turned out today.,happy,en,twitter,technology
4890,Nothing seems to be working.,frustration,en,google_reviews,shopping
338,यह एक सामान्य अपडेट है।,neutral,hi,twitter,entertainment
3591,सब कुछ अभी परफेक्ट लग रहा है।,joy,hi,news,entertainment
344,This is a regular update.,neutral,en,amazon,health
1788,I feel really happy about how things turned out today.,happy,en,news,health
3560,मैं इस पल का पूरा आनंद ले रहा हूँ।,joy,hi,twitter,entertainment
57,This is a regular update.,neutral,en,news,shopping
2621,Nothing seems to be going right.,sad,en,google_reviews,health
137,सब कुछ योजना के अनुसार चल रहा है।,neutral,hi,twitter,education
2254,It's been a hard day for me.,sad,en,google_reviews,entertainment
4797,यह समझना बहुत मुश्किल है।,confusion,hi,google_reviews,entertainment
1034,Everything is proceeding as planned.,neutral,en,reddit,health
4237,This situation makes me feel unsafe.,fear,en,amazon,health
1554,Everything feels bright and positive right now.,happy,en,reddit,technology
3404,Everything feels perfect right now.,joy,en,twitter,technology
909,The event took place as scheduled.,neutral,en,twitter,entertainment
619,सब कुछ योजना के अनुसार चल रहा है।,neutral,hi,amazon,technology
3492,Everything feels perfect right now.,joy,en,news,shopping
489,कार्यक्रम योजना के अनुसार हुआ।,neutral,hi,twitter,entertainment
238,Everything is proceeding as planned.,neutral,en,twitter,technology
2524,आज मैं बहुत उदास महसूस कर रहा हूँ।,sad,hi,news,shopping
1437,आज मैं बहुत खुश महसूस कर रहा हूँ।,happy,hi,news,shopping
1557,I feel really happy about how things turned out today.,happy,en,amazon,health
459,सब कुछ योजना के अनुसार चल रहा है।,neutral,hi,google_reviews,health
2799,I can't believe this happened again.,angry,en,google_reviews,education
3506,सब कुछ अभी परफेक्ट लग रहा है।,joy,hi,amazon,education
806,सब कुछ योजना के अनुसार चल रहा है।,neutral,hi,news,technology
4592,I believe in what you are saying.,trust,en,twitter,entertainment
1945,This made my day so much better.,happy,en,news,technology
4644,I believe in what you are saying.,trust,en,reddit,entertainment
3605,सब कुछ अभी परफेक्ट लग रहा है।,joy,hi,google_reviews,education
1309,यह देखकर मेरा दिन अच्छा बन गया।,happy,hi,amazon,technology
354,सब कुछ योजना के अनुसार चल रहा है।,neutral,hi,amazon,education
4499,There is a lot of excitement inside me.,anticipation,en,amazon,entertainment
4742,यह समझना बहुत मुश्किल है।,confusion,hi,amazon,education
4291,I am really looking forward to what comes next.,anticipation,en,news,education
1519,आज मैं बहुत खुश महसूस कर रहा हूँ।,happy,hi,google_reviews,entertainment
2005,It's been a hard day for me.,sad,en,reddit,technology
14,This is a regular update.,neutral,en,news,education
1157,सब कुछ योजना के अनुसार चल रहा है।,neutral,hi,twitter,health
4827,I feel lost about this.,confusion,en,reddit,health
4699,मुझे इस पर पूरा विश्वास है।,trust,hi,amazon,education
1856,यह देखकर मेरा दिन अच्छा बन गया।,happy,hi,google_reviews,entertainment
1682,Everything feels bright and positive right now.,happy,en,reddit,shopping
2531,Nothing seems to be going right.,sad,en,twitter,education
1408,सब कुछ आज बहुत सकारात्मक लग रहा है।,happy,hi,news,shopping
3782,मेरा दिल अभी बहुत खुश महसूस कर रहा है।,love,hi,twitter,entertainment
2718,कुछ भी सही नहीं लग रहा है।,sad,hi,twitter,health
1712,यह देखकर मेरा दिन अच्छा बन गया।,happy,hi,news,shopping
2957,यह बिल्कुल भी स्वीकार्य नहीं है।,angry,hi,reddit,health
2550,Nothing seems to be going right.,sad,en,twitter,entertainment
2205,आज का दिन मेरे लिए बहुत मुश्किल रहा।,sad,hi,amazon,entertainment
234,This is a regular update.,neutral,en,reddit,education
854,सब कुछ योजना के अनुसार चल रहा है।,neutral,hi,google_reviews,entertainment
2683,आज मैं बहुत उदास महसूस कर रहा हूँ।,sad,hi,twitter,health
2689,आज मैं बहुत उदास महसूस कर रहा हूँ।,sad,hi,news,shopping
30,Everything is proceeding as planned.,neutral,en,news,education
248,यह एक सामान्य अपडेट है।,neutral,hi,google_reviews,shopping
4658,I believe in what you are saying.,trust,en,amazon,entertainment
4580,यह मुझे सुरक्षित महसूस कराता है।,trust,hi,news,health
165,कार्यक्रम योजना के अनुसार हुआ।,neutral,hi,news,education
1262,I feel really happy about how things turned out today.,happy,en,twitter,shopping
3539,I am enjoying every second of this.,joy,en,google_reviews,health
4629,यह मुझे सुरक्षित महसूस कराता है।,trust,hi,news,technology
1267,आज मैं बहुत खुश महसूस कर रहा हूँ।,happy,hi,reddit,shopping
4122,I am scared about what might happen next.,fear,en,twitter,entertainment
2316,आज का दिन मेरे लिए बहुत मुश्किल रहा।,sad,hi,news,technology
2754,यह बिल्कुल भी स्वीकार्य नहीं है।,angry,hi,reddit,entertainment
3226,यह बिल्कुल भी स्वीकार्य नहीं है।,angry,hi,reddit,shopping
4438,I can't wait for this to happen.,anticipation,en,reddit,education
4763,I am not sure what this means.,confusion,en,twitter,shopping
4968,That was a big surprise for me.,surprise,en,google_reviews,technology
1087,This is a regular update.,neutral,en,news,shopping
3673,My heart feels full right now.,love,en,amazon,shopping
3056,मुझे विश्वास नहीं हो रहा कि यह फिर से हुआ।,angry,hi,twitter,shopping
2176,Nothing seems to be going right.,sad,en,google_reviews,shopping
3893,यह मेरे लिए बहुत मायने रखता है।,love,hi,twitter,shopping
3012,यह बिल्कुल भी स्वीकार्य नहीं है।,angry,hi,google_reviews,shopping
2369,आज मैं बहुत उदास महसूस कर रहा हूँ।,sad,hi,twitter,entertainment
3906,मेरा दिल अभी बहुत खुश महसूस कर रहा है।,love,hi,news,technology
2847,यह बिल्कुल भी स्वीकार्य नहीं है।,angry,hi,amazon,health
4310,मैं आगे क्या होगा इसका इंतजार कर रहा हूँ।,anticipation,hi,twitter,shopping
183,The event took place as scheduled.,neutral,en,twitter,education
4773,यह समझना बहुत मुश्किल है।,confusion,hi,twitter,technology
3116,मुझे विश्वास नहीं हो रहा कि यह फिर से हुआ।,angry,hi,news,shopping
2421,It's been a hard day for me.,sad,en,news,health
335,यह एक सामान्य अपडेट है।,neutral,hi,amazon,education
4649,I feel confident about this.,trust,en,amazon,shopping
722,The event took place as scheduled.,neutral,en,twitter,entertainment
2660,कुछ भी सही नहीं लग रहा है।,sad,hi,news,shopping
2363,आज मैं बहुत उदास महसूस कर रहा हूँ।,sad,hi,google_reviews,entertainment
3860,मेरा दिल अभी बहुत खुश महसूस कर रहा है।,love,hi,reddit,health
3476,Everything feels perfect right now.,joy,en,amazon,education
2488,आज का दिन मेरे लिए बहुत मुश्किल रहा।,sad,hi,news,education
73,यह एक सामान्य अपडेट है।,neutral,hi,news,shopping
678,Everything is proceeding as planned.,neutral,en,google_reviews,shopping
2789,यह बिल्कुल भी स्वीकार्य नहीं है।,angry,hi,reddit,education
2868,जो हुआ उससे मैं बहुत गुस्से में हूँ।,angry,hi,amazon,health
2996,I can't believe this happened again.,angry,en,twitter,health
2485,कुछ भी सही नहीं लग रहा है।,sad,hi,reddit,education
3749,मेरा दिल अभी बहुत खुश महसूस कर रहा है।,love,hi,reddit,entertainment
1506,सब कुछ आज बहुत सकारात्मक लग रहा है।,happy,hi,google_reviews,shopping
802,The event took place as scheduled.,neutral,en,twitter,technology
924,The event took place as scheduled.,neutral,en,reddit,education
2351,आज मैं बहुत उदास महसूस कर रहा हूँ।,sad,hi,twitter,entertainment
2185,It's been a hard day for me.,sad,en,reddit,shopping
3175,I can't believe this happened again.,angry,en,reddit,shopping
2628,It's been a hard day for me.,sad,en,google_reviews,health
83,The event took place as scheduled.,neutral,en,reddit,education
3822,My heart feels full right now.,love,en,news,shopping
1832,सब कुछ आज बहुत सकारात्मक लग रहा है।,happy,hi,news,entertainment
508,This is a regular update.,neutral,en,twitter,technology
3705,This means a lot to me.,love,en,twitter,technology
4774,यह समझना बहुत मुश्किल है।,confusion,hi,amazon,health
4625,मुझे आपकी बात पर भरोसा है।,trust,hi,reddit,technology
70,Everything is proceeding as planned.,neutral,en,news,shopping
1064,सब कुछ योजना के अनुसार चल रहा है।,neutral,hi,news,education
1365,I feel really happy about how things turned out today.,happy,en,google_reviews,education
1507,सब कुछ आज बहुत सकारात्मक लग रहा है।,happy,hi,twitter,health
2904,This is completely unacceptable.,angry,en,twitter,shopping
965,Everything is proceeding as planned.,neutral,en,news,technology
138,कार्यक्रम योजना के अनुसार हुआ।,neutral,hi,news,health
4080,I am scared about what might happen next.,fear,en,reddit,health
1958,सब कुछ आज बहुत सकारात्मक लग रहा है।,happy,hi,twitter,education
2752,यह बिल्कुल भी स्वीकार्य नहीं है।,angry,hi,news,education
4133,मैं भविष्य को लेकर लगातार चिंतित हूँ।,fear,hi,google_reviews,entertainment
6,This is a regular update.,neutral,en,reddit,entertainment
1053,सब कुछ योजना के अनुसार चल रहा है।,neutral,hi,amazon,education
1610,यह देखकर मेरा दिन अच्छा बन गया।,happy,hi,reddit,technology
4410,मेरे अंदर बहुत उत्साह है।,anticipation,hi,google_reviews,health
1953,यह देखकर मेरा दिन अच्छा बन गया।,happy,hi,reddit,education
4178,This situation makes me feel unsafe.,fear,en,news,technology
427,कार्यक्रम योजना के अनुसार हुआ।,neutral,hi,news,technology
4177,I keep worrying about the future.,fear,en,amazon,technology
1734,सब कुछ आज बहुत सकारात्मक लग रहा है।,happy,hi,amazon,technology
1224,The event took place as scheduled.,neutral,en,amazon,shopping
4814,मैं इसे लेकर बहुत उलझन में हूँ।,confusion,hi,news,health
346,The event took place as scheduled.,neutral,en,reddit,education
2629,आज का दिन मेरे लिए बहुत मुश्किल रहा।,sad,hi,twitter,health
1755,आज मैं बहुत खुश महसूस कर रहा हूँ।,happy,hi,reddit,shopping
2447,आज का दिन मेरे लिए बहुत मुश्किल रहा।,sad,hi,reddit,education
4740,मुझे समझ नहीं आ रहा कि इसका क्या मतलब है।,confusion,hi,news,entertainment
3703,यह मेरे लिए बहुत मायने रखता है।,love,hi,google_reviews,technology
1618,सब कुछ आज बहुत सकारात्मक लग रहा है।,happy,hi,reddit,entertainment
3048,I can't believe this happened again.,angry,en,reddit,technology
3220,यह बिल्कुल भी स्वीकार्य नहीं है।,angry,hi,reddit,education
3690,मुझे आपकी सच में बहुत परवाह है।,love,hi,amazon,entertainment
4493,I am really looking forward to what comes next.,anticipation,en,reddit,technology
4490,There is a lot of excitement inside me.,anticipation,en,news,entertainment
1820,Everything feels bright and positive right now.,happy,en,reddit,education
3436,सब कुछ अभी परफेक्ट लग रहा है।,joy,hi,news,education
4627,This makes me feel secure.,trust,en,reddit,entertainment
3302,यह पल मुझे बहुत खुशी दे रहा है।,joy,hi,news,shopping
157,कार्यक्रम योजना के अनुसार हुआ।,neutral,hi,twitter,entertainment
3540,सब कुछ अभी परफेक्ट लग रहा है।,joy,hi,news,technology
2869,I can't believe this happened again.,angry,en,news,technology
4416,मुझे इसका बहुत बेसब्री से इंतजार है।,anticipation,hi,reddit,technology
437,कार्यक्रम योजना के अनुसार हुआ।,neutral,hi,amazon,technology
1799,सब कुछ आज बहुत सकारात्मक लग रहा है।,happy,hi,twitter,health
2049,कुछ भी सही नहीं लग रहा है।,sad,hi,twitter,health
509,This is a regular update.,neutral,en,google_reviews,health
1028,This is a regular update.,neutral,en,reddit,technology
4808,I am not sure what this means.,confusion,en,google_reviews,education
3221,यह बिल्कुल भी स्वीकार्य नहीं है।,angry,hi,amazon,health
1412,Everything feels bright and positive right now.,happy,en,google_reviews,technology
348,कार्यक्रम योजना के अनुसार हुआ।,neutral,hi,twitter,education
3562,यह पल मुझे बहुत खुशी दे रहा है।,joy,hi,reddit,health
2778,I can't believe this happened again.,angry,en,news,entertainment
4900,मैं बार-बार कोशिश कर रहा हूँ लेकिन असफल हो रहा हूँ।,frustration,hi,twitter,education
3054,मुझे विश्वास नहीं हो रहा कि यह फिर से हुआ।,angry,hi,amazon,education
4516,यह मुझे सुरक्षित महसूस कराता है।,trust,hi,reddit,health
3923,This means a lot to me.,love,en,news,technology
1661,Everything feels bright and positive right now.,happy,en,amazon,technology
4063,मैं भविष्य को लेकर लगातार चिंतित हूँ।,fear,hi,amazon,entertainment
4099,I keep worrying about the future.,fear,en,reddit,entertainment
2861,I am very angry about what happened.,angry,en,twitter,shopping
3489,यह पल मुझे बहुत खुशी दे रहा है।,joy,hi,amazon,education
2334,Nothing seems to be going right.,sad,en,reddit,technology
640,The event took place as scheduled.,neutral,en,google_reviews,entertainment
4955,I did not expect this at all.,surprise,en,twitter,technology
927,कार्यक्रम योजना के अनुसार हुआ।,neutral,hi,reddit,shopping
3681,मेरा दिल अभी बहुत खुश महसूस कर रहा है।,love,hi,twitter,health
4587,यह मुझे सुरक्षित महसूस कराता है।,trust,hi,twitter,health
2553,Nothing seems to be going right.,sad,en,twitter,health
2471,आज का दिन मेरे लिए बहुत मुश्किल रहा।,sad,hi,twitter,entertainment
3168,यह बिल्कुल भी स्वीकार्य नहीं है।,angry,hi,news,technology
864,Everything is proceeding as planned.,neutral,en,news,technology
1722,यह देखकर मेरा दिन अच्छा बन गया।,happy,hi,news,shopping
3049,I can't believe this happened again.,angry,en,twitter,health
4601,मुझे आपकी बात पर भरोसा है।,trust,hi,google_reviews,education
1434,यह देखकर मेरा दिन अच्छा बन गया।,happy,hi,amazon,technology
2638,Nothing seems to be going right.,sad,en,news,health
645,The event took place as scheduled.,neutral,en,google_reviews,entertainment
1723,Everything feels bright and positive right now.,happy,en,news,entertainment
4638,I believe in what you are saying.,trust,en,google_reviews,health
1698,यह देखकर मेरा दिन अच्छा बन गया।,happy,hi,news,shopping
4447,I can't wait for this to happen.,anticipation,en,reddit,health
1595,सब कुछ आज बहुत सकारात्मक लग रहा है।,happy,hi,reddit,health
3538,सब कुछ अभी परफेक्ट लग रहा है।,joy,hi,news,health
4817,I am not sure what this means.,confusion,en,twitter,shopping
1491,Everything feels bright and positive right now.,happy,en,twitter,technology
3005,I am very angry about what happened.,angry,en,twitter,shopping
4262,I am really looking forward to what comes next.,anticipation,en,google_reviews,shopping
3530,सब कुछ अभी परफेक्ट लग रहा है।,joy,hi,amazon,education
2494,कुछ भी सही नहीं लग रहा है।,sad,hi,amazon,technology
906,The event took place as scheduled.,neutral,en,reddit,health
312,यह एक सामान्य अपडेट है।,neutral,hi,twitter,shopping
4149,I am scared about what might happen next.,fear,en,amazon,shopping
3639,Everything feels perfect right now.,joy,en,amazon,shopping
4473,मैं आगे क्या होगा इसका इंतजार कर रहा हूँ।,anticipation,hi,google_reviews,technology
2050,आज का दिन मेरे लिए बहुत मुश्किल रहा।,sad,hi,twitter,health
3653,यह मेरे लिए बहुत मायने रखता है।,love,hi,reddit,education
2605,It's been a hard day for me.,sad,en,twitter,entertainment
4158,यह स्थिति मुझे असुरक्षित महसूस कराती है।,fear,hi,google_reviews,entertainment
2775,यह बिल्कुल भी स्वीकार्य नहीं है।,angry,hi,google_reviews,entertainment
107,This is a regular update.,neutral,en,google_reviews,entertainment
1119,The event took place as scheduled.,neutral,en,reddit,education
3917,This means a lot to me.,love,en,news,technology
1589,आज मैं बहुत खुश महसूस कर रहा हूँ।,happy,hi,google_reviews,entertainment
1574,I feel really happy about how things turned out today.,happy,en,google_reviews,shopping
609,कार्यक्रम योजना के अनुसार हुआ।,neutral,hi,twitter,entertainment
4256,I am really looking forward to what comes next.,anticipation,en,amazon,shopping
503,Everything is proceeding as planned.,neutral,en,google_reviews,entertainment
1145,सब कुछ योजना के अनुसार चल रहा है।,neutral,hi,reddit,education
1513,Everything feels bright and positive right now.,happy,en,amazon,shopping
116,Everything is proceeding as planned.,neutral,en,twitter,health
1356,यह देखकर मेरा दिन अच्छा बन गया।,happy,hi,reddit,education
3397,This moment brings me pure joy.,joy,en,news,health
3280,यह पल मुझे बहुत खुशी दे रहा है।,joy,hi,google_reviews,shopping
2965,This is completely unacceptable.,angry,en,amazon,education
3797,This means a lot to me.,love,en,news,education
4948,कुछ भी सही से काम नहीं कर रहा है।,frustration,hi,news,entertainment
2770,यह बिल्कुल भी स्वीकार्य नहीं है।,angry,hi,news,education
2747,It's been a hard day for me.,sad,en,amazon,technology
1314,Everything feels bright and positive right now.,happy,en,google_reviews,shopping
5000,"Wow, this is unexpected.",surprise,en,twitter,health
3379,यह पल मुझे बहुत खुशी दे रहा है।,joy,hi,amazon,education
3015,I can't believe this happened again.,angry,en,news,entertainment
843,कार्यक्रम योजना के अनुसार हुआ।,neutral,hi,news,shopping
3845,मुझे आपकी सच में बहुत परवाह है।,love,hi,twitter,health
1987,Everything feels bright and positive right now.,happy,en,news,health
5,This is a regular update.,neutral,en,news,technology
1211,The event took place as scheduled.,neutral,en,amazon,shopping
1253,I feel really happy about how things turned out today.,happy,en,google_reviews,technology
3990,यह मेरे लिए बहुत मायने रखता है।,love,hi,google_reviews,technology
4488,There is a lot of excitement inside me.,anticipation,en,reddit,technology
388,कार्यक्रम योजना के अनुसार हुआ।,neutral,hi,google_reviews,shopping
921,सब कुछ योजना के अनुसार चल रहा है।,neutral,hi,amazon,entertainment
2935,मुझे विश्वास नहीं हो रहा कि यह फिर से हुआ।,angry,hi,reddit,health
1895,आज मैं बहुत खुश महसूस कर रहा हूँ।,happy,hi,news,shopping
2345,आज मैं बहुत उदास महसूस कर रहा हूँ।,sad,hi,twitter,shopping
439,This is a regular update.,neutral,en,twitter,education
3272,This moment brings me pure joy.,joy,en,google_reviews,technology
4168,मुझे आगे क्या होगा इसका डर लग रहा है।,fear,hi,news,education
4943,I keep trying and failing.,frustration,en,reddit,entertainment
1140,सब कुछ योजना के अनुसार चल रहा है।,neutral,hi,reddit,entertainment
2283,It's been a hard day for me.,sad,en,news,education
350,This is a regular update.,neutral,en,twitter,health
1479,This made my day so much better.,happy,en,news,health
1696,Everything feels bright and positive right now.,happy,en,reddit,shopping
995,Everything is proceeding as planned.,neutral,en,twitter,shopping
3461,मैं इस पल का पूरा आनंद ले रहा हूँ।,joy,hi,news,entertainment
1511,आज मैं बहुत खुश महसूस कर रहा हूँ।,happy,hi,reddit,technology
1310,आज मैं बहुत खुश महसूस कर रहा हूँ।,happy,hi,reddit,entertainment
2108,कुछ भी सही नहीं लग रहा है।,sad,hi,google_reviews,technology
2420,आज मैं बहुत उदास महसूस कर रहा हूँ।,sad,hi,news,technology
4844,मुझे समझ नहीं आ रहा कि इसका क्या मतलब है।,confusion,hi,amazon,health
2181,आज का दिन मेरे लिए बहुत मुश्किल रहा।,sad,hi,reddit,entertainment
4524,यह मुझे सुरक्षित महसूस कराता है।,trust,hi,news,health
2888,I am very angry about what happened.,angry,en,google_reviews,entertainment
1631,Everything feels bright and positive right now.,happy,en,twitter,health
4023,This situation makes me feel unsafe.,fear,en,google_reviews,shopping
4174,मुझे आगे क्या होगा इसका डर लग रहा है।,fear,hi,amazon,entertainment
4506,I believe in what you are saying.,trust,en,reddit,health
4183,मुझे आगे क्या होगा इसका डर लग रहा है।,fear,hi,news,education
1534,Everything feels bright and positive right now.,happy,en,news,education
3804,मुझे आपकी सच में बहुत परवाह है।,love,hi,amazon,technology
397,The event took place as scheduled.,neutral,en,twitter,education
1389,आज मैं बहुत खुश महसूस कर रहा हूँ।,happy,hi,google_reviews,technology
3454,Everything feels perfect right now.,joy,en,reddit,technology
4343,मुझे इसका बहुत बेसब्री से इंतजार है।,anticipation,hi,amazon,education
3975,This means a lot to me.,love,en,news,shopping
4029,यह स्थिति मुझे असुरक्षित महसूस कराती है।,fear,hi,twitter,health
2036,आज मैं बहुत उदास महसूस कर रहा हूँ।,sad,hi,google_reviews,entertainment
1074,Everything is proceeding as planned.,neutral,en,news,entertainment
3846,मेरा दिल अभी बहुत खुश महसूस कर रहा है।,love,hi,google_reviews,shopping
671,This is a regular update.,neutral,en,twitter,shopping
2352,कुछ भी सही नहीं लग रहा है।,sad,hi,news,shopping
2701,Nothing seems to be going right.,sad,en,google_reviews,health
4270,There is a lot of excitement inside me.,anticipation,en,news,shopping
3161,This is completely unacceptable.,angry,en,twitter,health
2736,आज मैं बहुत उदास महसूस कर रहा हूँ।,sad,hi,twitter,education
1525,आज मैं बहुत खुश महसूस कर रहा हूँ।,happy,hi,news,health
4132,This situation makes me feel unsafe.,fear,en,reddit,health
3588,यह पल मुझे बहुत खुशी दे रहा है।,joy,hi,reddit,technology
1609,सब कुछ आज बहुत सकारात्मक लग रहा है।,happy,hi,twitter,entertainment
1972,आज मैं बहुत खुश महसूस कर रहा हूँ।,happy,hi,news,entertainment
3682,मेरा दिल अभी बहुत खुश महसूस कर रहा है।,love,hi,reddit,shopping
2489,I feel really low and tired today.,sad,en,twitter,shopping
1446,Everything feels bright and positive right now.,happy,en,google_reviews,shopping
3677,मेरा दिल अभी बहुत खुश महसूस कर रहा है।,love,hi,amazon,health
3478,सब कुछ अभी परफेक्ट लग रहा है।,joy,hi,amazon,shopping
1366,सब कुछ आज बहुत सकारात्मक लग रहा है।,happy,hi,twitter,entertainment
2866,यह बिल्कुल भी स्वीकार्य नहीं है।,angry,hi,google_reviews,shopping
3395,I am enjoying every second of this.,joy,en,google_reviews,health
2175,आज मैं बहुत उदास महसूस कर रहा हूँ।,sad,hi,twitter,entertainment
2723,Nothing seems to be going right.,sad,en,google_reviews,education
4170,I keep worrying about the future.,fear,en,reddit,education
2210,आज का दिन मेरे लिए बहुत मुश्किल रहा।,sad,hi,google_reviews,education
84,कार्यक्रम योजना के अनुसार हुआ।,neutral,hi,google_reviews,entertainment
3361,This moment brings me pure joy.,joy,en,google_reviews,technology
935,The event took place as scheduled.,neutral,en,news,entertainment
3775,यह मेरे लिए बहुत मायने रखता है।,love,hi,twitter,health
3854,My heart feels full right now.,love,en,twitter,technology
659,सब कुछ योजना के अनुसार चल रहा है।,neutral,hi,news,education
2874,This is completely unacceptable.,angry,en,amazon,education
2798,I am very angry about what happened.,angry,en,amazon,entertainment
3432,I am enjoying every second of this.,joy,en,news,education
3257,I am enjoying every second of this.,joy,en,news,technology
244,Everything is proceeding as planned.,neutral,en,twitter,health
2576,आज मैं बहुत उदास महसूस कर रहा हूँ।,sad,hi,twitter,health
4316,मेरे अंदर बहुत उत्साह है।,anticipation,hi,google_reviews,health
3773,I truly care about you.,love,en,twitter,technology
2171,आज का दिन मेरे लिए बहुत मुश्किल रहा।,sad,hi,reddit,education
3710,I truly care about you.,love,en,news,entertainment
3555,सब कुछ अभी परफेक्ट लग रहा है।,joy,hi,amazon,entertainment
1375,This made my day so much better.,happy,en,reddit,education
1550,This made my day so much better.,happy,en,google_reviews,shopping
4702,मुझे समझ नहीं आ रहा कि इसका क्या मतलब है।,confusion,hi,reddit,health
2385,Nothing seems to be going right.,sad,en,twitter,technology
936,कार्यक्रम योजना के अनुसार हुआ।,neutral,hi,reddit,health
766,यह एक सामान्य अपडेट है।,neutral,hi,reddit,technology
1249,कार्यक्रम योजना के अनुसार हुआ।,neutral,hi,news,technology
751,Everything is proceeding as planned.,neutral,en,twitter,technology
680,सब कुछ योजना के अनुसार चल रहा है।,neutral,hi,reddit,technology
974,This is a regular update.,neutral,en,google_reviews,education
4744,मुझे समझ नहीं आ रहा कि इसका क्या मतलब है।,confusion,hi,reddit,education
3125,जो हुआ उससे मैं बहुत गुस्से में हूँ।,angry,hi,reddit,technology
2834,मुझे विश्वास नहीं हो रहा कि यह फिर से हुआ।,angry,hi,amazon,health
2573,आज मैं बहुत उदास महसूस कर रहा हूँ।,sad,hi,google_reviews,education
793,यह एक सामान्य अपडेट है।,neutral,hi,reddit,technology
3778,यह मेरे लिए बहुत मायने रखता है।,love,hi,reddit,technology
4897,This is getting very annoying.,frustration,en,twitter,health
4455,I can't wait for this to happen.,anticipation,en,news,technology
2102,Nothing seems to be going right.,sad,en,news,entertainment
4804,यह समझना बहुत मुश्किल है।,confusion,hi,news,health
355,कार्यक्रम योजना के अनुसार हुआ।,neutral,hi,amazon,health
3392,यह पल मुझे बहुत खुशी दे रहा है।,joy,hi,google_reviews,technology
2873,मुझे विश्वास नहीं हो रहा कि यह फिर से हुआ।,angry,hi,news,health
3927,I truly care about you.,love,en,twitter,technology
2809,मुझे विश्वास नहीं हो रहा कि यह फिर से हुआ।,angry,hi,news,entertainment
4550,मुझे इस पर पूरा विश्वास है।,trust,hi,google_reviews,shopping
3300,This moment brings me pure joy.,joy,en,reddit,health
785,The event took place as scheduled.,neutral,en,news,shopping
3517,Everything feels perfect right now.,joy,en,reddit,entertainment
4787,मुझे समझ नहीं आ रहा कि इसका क्या मतलब है।,confusion,hi,news,entertainment
418,कार्यक्रम योजना के अनुसार हुआ।,neutral,hi,twitter,health
2766,यह बिल्कुल भी स्वीकार्य नहीं है।,angry,hi,twitter,education
3636,सब कुछ अभी परफेक्ट लग रहा है।,joy,hi,amazon,entertainment
552,The event took place as scheduled.,neutral,en,amazon,education
3593,Everything feels perfect right now.,joy,en,news,shopping
1655,This made my day so much better.,happy,en,reddit,health
3000,I am very angry about what happened.,angry,en,twitter,education
4791,This is hard to understand.,confusion,en,google_reviews,technology
2133,आज मैं बहुत उदास महसूस कर रहा हूँ।,sad,hi,google_reviews,health
3074,यह बिल्कुल भी स्वीकार्य नहीं है।,angry,hi,google_reviews,health
4593,यह मुझे सुरक्षित महसूस कराता है।,trust,hi,reddit,entertainment
1814,Everything feels bright and positive right now.,happy,en,reddit,technology
2492,Nothing seems to be going right.,sad,en,google_reviews,shopping
4071,I keep worrying about the future.,fear,en,news,health
3173,I am very angry about what happened.,angry,en,reddit,shopping
1082,कार्यक्रम योजना के अनुसार हुआ।,neutral,hi,twitter,health
553,सब कुछ योजना के अनुसार चल रहा है।,neutral,hi,twitter,shopping
2646,आज मैं बहुत उदास महसूस कर रहा हूँ।,sad,hi,news,technology
1688,सब कुछ आज बहुत सकारात्मक लग रहा है।,happy,hi,news,health
2011,कुछ भी सही नहीं लग रहा है।,sad,hi,twitter,entertainment
1520,I feel really happy about how things turned out today.,happy,en,news,entertainment
2403,कुछ भी सही नहीं लग रहा है।,sad,hi,google_reviews,entertainment
895,सब कुछ योजना के अनुसार चल रहा है।,neutral,hi,reddit,shopping
3794,My heart feels full right now.,love,en,reddit,technology
3916,मुझे आपकी सच में बहुत परवाह है।,love,hi,twitter,education
1200,सब कुछ योजना के अनुसार चल रहा है।,neutral,hi,reddit,shopping
1646,This made my day so much better.,happy,en,reddit,entertainment
3781,मुझे आपकी सच में बहुत परवाह है।,love,hi,twitter,technology
140,Everything is proceeding as planned.,neutral,en,google_reviews,education
3935,My heart feels full right now.,love,en,amazon,technology
1480,This made my day so much better.,happy,en,reddit,entertainment
1900,आज मैं बहुत खुश महसूस कर रहा हूँ।,happy,hi,reddit,technology
3399,सब कुछ अभी परफेक्ट लग रहा है।,joy,hi,twitter,health
2465,आज का दिन मेरे लिए बहुत मुश्किल रहा।,sad,hi,twitter,entertainment
3490,सब कुछ अभी परफेक्ट लग रहा है।,joy,hi,twitter,technology
110,This is a regular update.,neutral,en,reddit,entertainment
1069,कार्यक्रम योजना के अनुसार हुआ।,neutral,hi,reddit,entertainment
3595,सब कुछ अभी परफेक्ट लग रहा है।,joy,hi,reddit,education
1227,सब कुछ योजना के अनुसार चल रहा है।,neutral,hi,google_reviews,education
929,कार्यक्रम योजना के अनुसार हुआ।,neutral,hi,google_reviews,entertainment
4958,"Wow, this is unexpected.",surprise,en,news,education
4719,मुझे समझ नहीं आ रहा कि इसका क्या मतलब है।,confusion,hi,twitter,shopping
106,यह एक सामान्य अपडेट है।,neutral,hi,reddit,entertainment
4607,I feel confident about this.,trust,en,twitter,shopping
1246,सब कुछ योजना के अनुसार चल रहा है।,neutral,hi,news,entertainment
1684,This made my day so much better.,happy,en,amazon,technology
4739,मैं इसे लेकर बहुत उलझन में हूँ।,confusion,hi,reddit,entertainment
544,सब कुछ योजना के अनुसार चल रहा है।,neutral,hi,twitter,technology
3377,Everything feels perfect right now.,joy,en,twitter,technology
2305,Nothing seems to be going right.,sad,en,google_reviews,technology
2387,कुछ भी सही नहीं लग रहा है।,sad,hi,reddit,technology
1037,Everything is proceeding as planned.,neutral,en,google_reviews,health
4604,यह मुझे सुरक्षित महसूस कराता है।,trust,hi,amazon,entertainment
454,This is a regular update.,neutral,en,reddit,entertainment
2095,Nothing seems to be going right.,sad,en,twitter,shopping
4754,मुझे समझ नहीं आ रहा कि इसका क्या मतलब है।,confusion,hi,google_reviews,shopping
4700,मुझे आपकी बात पर भरोसा है।,trust,hi,google_reviews,entertainment
4595,This makes me feel secure.,trust,en,twitter,entertainment
3638,सब कुछ अभी परफेक्ट लग रहा है।,joy,hi,twitter,technology
4581,This makes me feel secure.,trust,en,reddit,health
1674,आज मैं बहुत खुश महसूस कर रहा हूँ।,happy,hi,twitter,education
1842,यह देखकर मेरा दिन अच्छा बन गया।,happy,hi,google_reviews,technology
1127,This is a regular update.,neutral,en,twitter,health
4561,I feel confident about this.,trust,en,amazon,shopping
1675,यह देखकर मेरा दिन अच्छा बन गया।,happy,hi,twitter,health
1104,सब कुछ योजना के अनुसार चल रहा है।,neutral,hi,news,education
776,This is a regular update.,neutral,en,google_reviews,health
2887,जो हुआ उससे मैं बहुत गुस्से में हूँ।,angry,hi,google_reviews,health
4305,मुझे इसका बहुत बेसब्री से इंतजार है।,anticipation,hi,twitter,technology
3816,मेरा दिल अभी बहुत खुश महसूस कर रहा है।,love,hi,google_reviews,shopping
717,This is a regular update.,neutral,en,news,health
1627,I feel really happy about how things turned out today.,happy,en,reddit,health
449,कार्यक्रम योजना के अनुसार हुआ।,neutral,hi,twitter,entertainment
2649,Nothing seems to be going right.,sad,en,google_reviews,health
4596,यह मुझे सुरक्षित महसूस कराता है।,trust,hi,twitter,technology
4728,मैं इसे लेकर बहुत उलझन में हूँ।,confusion,hi,news,education
2786,मुझे विश्वास नहीं हो रहा कि यह फिर से हुआ।,angry,hi,news,education
1891,आज मैं बहुत खुश महसूस कर रहा हूँ।,happy,hi,reddit,health
3572,I am enjoying every second of this.,joy,en,amazon,shopping
3718,यह मेरे लिए बहुत मायने रखता है।,love,hi,reddit,education
2994,जो हुआ उससे मैं बहुत गुस्से में हूँ।,angry,hi,twitter,technology
2251,आज मैं बहुत उदास महसूस कर रहा हूँ।,sad,hi,amazon,education
1405,I feel really happy about how things turned out today.,happy,en,google_reviews,entertainment
2229,Nothing seems to be going right.,sad,en,amazon,technology
2593,It's been a hard day for me.,sad,en,reddit,education
880,सब कुछ योजना के अनुसार चल रहा है।,neutral,hi,twitter,technology
750,Everything is proceeding as planned.,neutral,en,twitter,education
1077,यह एक सामान्य अपडेट है।,neutral,hi,reddit,health
4978,"वाह, यह बिल्कुल अप्रत्याशित है।",surprise,hi,amazon,education
1095,कार्यक्रम योजना के अनुसार हुआ।,neutral,hi,google_reviews,health
1946,आज मैं बहुत खुश महसूस कर रहा हूँ।,happy,hi,reddit,education
4950,कुछ भी सही से काम नहीं कर रहा है।,frustration,hi,reddit,education
3715,मुझे आपकी सच में बहुत परवाह है।,love,hi,reddit,entertainment
2542,कुछ भी सही नहीं लग रहा है।,sad,hi,twitter,health
2523,कुछ भी सही नहीं लग रहा है।,sad,hi,reddit,technology
4708,मैं इसे लेकर बहुत उलझन में हूँ।,confusion,hi,reddit,shopping
4645,This makes me feel secure.,trust,en,news,education
795,The event took place as scheduled.,neutral,en,google_reviews,entertainment
876,सब कुछ योजना के अनुसार चल रहा है।,neutral,hi,news,shopping
2885,मुझे विश्वास नहीं हो रहा कि यह फिर से हुआ।,angry,hi,twitter,technology
25,Everything is proceeding as planned.,neutral,en,reddit,shopping
13,Everything is proceeding as planned.,neutral,en,news,health
3086,I am very angry about what happened.,angry,en,news,education
3523,Everything feels perfect right now.,joy,en,twitter,health
2815,मुझे विश्वास नहीं हो रहा कि यह फिर से हुआ।,angry,hi,amazon,education
1128,यह एक सामान्य अपडेट है।,neutral,hi,amazon,entertainment
1922,Everything feels bright and positive right now.,happy,en,news,shopping
3409,This moment brings me pure joy.,joy,en,reddit,education
926,सब कुछ योजना के अनुसार चल रहा है।,neutral,hi,reddit,shopping
775,This is a regular update.,neutral,en,news,entertainment
1727,This made my day so much better.,happy,en,reddit,health
68,सब कुछ योजना के अनुसार चल रहा है।,neutral,hi,news,entertainment
2958,मुझे विश्वास नहीं हो रहा कि यह फिर से हुआ।,angry,hi,reddit,shopping
1233,The event took place as scheduled.,neutral,en,news,technology
3546,सब कुछ अभी परफेक्ट लग रहा है।,joy,hi,google_reviews,shopping
3477,मैं इस पल का पूरा आनंद ले रहा हूँ।,joy,hi,google_reviews,technology
109,This is a regular update.,neutral,en,amazon,health
359,सब कुछ योजना के अनुसार चल रहा है।,neutral,hi,news,technology
4579,I believe in what you are saying.,trust,en,twitter,entertainment
928,This is a regular update.,neutral,en,amazon,entertainment
1193,The event took place as scheduled.,neutral,en,news,shopping
3583,I am enjoying every second of this.,joy,en,reddit,health
2231,आज का दिन मेरे लिए बहुत मुश्किल रहा।,sad,hi,amazon,technology
904,यह एक सामान्य अपडेट है।,neutral,hi,reddit,shopping
3388,I am enjoying every second of this.,joy,en,reddit,education
4529,मुझे आपकी बात पर भरोसा है।,trust,hi,news,education
676,This is a regular update.,neutral,en,twitter,health
4946,कुछ भी सही से काम नहीं कर रहा है।,frustration,hi,twitter,education
3080,जो हुआ उससे मैं बहुत गुस्से में हूँ।,angry,hi,news,technology
3002,I am very angry about what happened.,angry,en,amazon,health
2313,आज मैं बहुत उदास महसूस कर रहा हूँ।,sad,hi,reddit,entertainment
1611,I feel really happy about how things turned out today.,happy,en,amazon,health
4134,This situation makes me feel unsafe.,fear,en,reddit,shopping
197,यह एक सामान्य अपडेट है।,neutral,hi,reddit,shopping
601,The event took place as scheduled.,neutral,en,reddit,shopping
4119,I keep worrying about the future.,fear,en,twitter,health
752,सब कुछ योजना के अनुसार चल रहा है।,neutral,hi,amazon,shopping
1326,आज मैं बहुत खुश महसूस कर रहा हूँ।,happy,hi,reddit,technology
1272,यह देखकर मेरा दिन अच्छा बन गया।,happy,hi,amazon,education
3879,I truly care about you.,love,en,google_reviews,shopping
2537,आज मैं बहुत उदास महसूस कर रहा हूँ।,sad,hi,reddit,shopping
3369,मैं इस पल का पूरा आनंद ले रहा हूँ।,joy,hi,reddit,shopping
1636,सब कुछ आज बहुत सकारात्मक लग रहा है।,happy,hi,news,shopping
638,कार्यक्रम योजना के अनुसार हुआ।,neutral,hi,amazon,technology
4331,I can't wait for this to happen.,anticipation,en,amazon,entertainment
725,कार्यक्रम योजना के अनुसार हुआ।,neutral,hi,news,entertainment
3024,This is completely unacceptable.,angry,en,amazon,health
2908,This is completely unacceptable.,angry,en,google_reviews,shopping
2004,आज का दिन मेरे लिए बहुत मुश्किल रहा।,sad,hi,twitter,health
4782,मुझे समझ नहीं आ रहा कि इसका क्या मतलब है।,confusion,hi,news,education
4753,I am not sure what this means.,confusion,en,google_reviews,education
136,This is a regular update.,neutral,en,google_reviews,technology
2726,Nothing seems to be going right.,sad,en,amazon,education
1702,आज मैं बहुत खुश महसूस कर रहा हूँ।,happy,hi,news,education
4986,"Wow, this is unexpected.",surprise,en,reddit,shopping
1754,आज मैं बहुत खुश महसूस कर रहा हूँ।,happy,hi,news,entertainment
1123,कार्यक्रम योजना के अनुसार हुआ।,neutral,hi,news,education
4842,I am not sure what this means.,confusion,en,reddit,health
59,सब कुछ योजना के अनुसार चल रहा है।,neutral,hi,news,education
3968,My heart feels full right now.,love,en,news,technology
3087,I am very angry about what happened.,angry,en,news,technology
4652,I believe in what you are saying.,trust,en,amazon,education
1102,सब कुछ योजना के अनुसार चल रहा है।,neutral,hi,news,shopping
2801,I am very angry about what happened.,angry,en,twitter,entertainment
395,The event took place as scheduled.,neutral,en,news,health
1926,यह देखकर मेरा दिन अच्छा बन गया।,happy,hi,twitter,health
46,The event took place as scheduled.,neutral,en,reddit,entertainment
2453,आज मैं बहुत उदास महसूस कर रहा हूँ।,sad,hi,google_reviews,shopping
1796,सब कुछ आज बहुत सकारात्मक लग रहा है।,happy,hi,reddit,shopping
1449,आज मैं बहुत खुश महसूस कर रहा हूँ।,happy,hi,google_reviews,entertainment
4194,मुझे आगे क्या होगा इसका डर लग रहा है।,fear,hi,twitter,entertainment
3800,मेरा दिल अभी बहुत खुश महसूस कर रहा है।,love,hi,google_reviews,shopping
3695,I truly care about you.,love,en,google_reviews,shopping
3041,यह बिल्कुल भी स्वीकार्य नहीं है।,angry,hi,amazon,education
3970,My heart feels full right now.,love,en,google_reviews,entertainment
4653,यह मुझे सुरक्षित महसूस कराता है।,trust,hi,google_reviews,technology
1039,Everything is proceeding as planned.,neutral,en,amazon,health
198,सब कुछ योजना के अनुसार चल रहा है।,neutral,hi,news,health
2520,आज मैं बहुत उदास महसूस कर रहा हूँ।,sad,hi,news,education
4771,मुझे समझ नहीं आ रहा कि इसका क्या मतलब है।,confusion,hi,amazon,shopping
2516,कुछ भी सही नहीं लग रहा है।,sad,hi,amazon,technology
4206,मुझे आगे क्या होगा इसका डर लग रहा है।,fear,hi,google_reviews,education
2763,जो हुआ उससे मैं बहुत गुस्से में हूँ।,angry,hi,twitter,entertainment
3147,I am very angry about what happened.,angry,en,twitter,entertainment
4165,मुझे आगे क्या होगा इसका डर लग रहा है।,fear,hi,google_reviews,health
2755,यह बिल्कुल भी स्वीकार्य नहीं है।,angry,hi,twitter,shopping
4411,मेरे अंदर बहुत उत्साह है।,anticipation,hi,twitter,technology
3431,Everything feels perfect right now.,joy,en,reddit,entertainment
2147,आज मैं बहुत उदास महसूस कर रहा हूँ।,sad,hi,reddit,shopping
4896,This is getting very annoying.,frustration,en,news,health
1312,आज मैं बहुत खुश महसूस कर रहा हूँ।,happy,hi,reddit,entertainment
4227,I keep worrying about the future.,fear,en,reddit,shopping
1032,Everything is proceeding as planned.,neutral,en,amazon,entertainment
3552,This moment brings me pure joy.,joy,en,amazon,technology
1463,यह देखकर मेरा दिन अच्छा बन गया।,happy,hi,reddit,education
1116,This is a regular update.,neutral,en,reddit,entertainment
104,Everything is proceeding as planned.,neutral,en,news,health
3922,I truly care about you.,love,en,news,education
2051,I feel really low and tired today.,sad,en,google_reviews,education
580,सब कुछ योजना के अनुसार चल रहा है।,neutral,hi,google_reviews,shopping
2021,आज मैं बहुत उदास महसूस कर रहा हूँ।,sad,hi,twitter,health
3120,यह बिल्कुल भी स्वीकार्य नहीं है।,angry,hi,reddit,entertainment
4319,I can't wait for this to happen.,anticipation,en,amazon,health
3218,I can't believe this happened again.,angry,en,news,entertainment
692,यह एक सामान्य अपडेट है।,neutral,hi,twitter,technology
240,The event took place as scheduled.,neutral,en,reddit,technology
4674,I feel confident about this.,trust,en,news,education
3997,This means a lot to me.,love,en,reddit,shopping
2497,I feel really low and tired today.,sad,en,amazon,technology
4512,मुझे आपकी बात पर भरोसा है।,trust,hi,amazon,education
4445,I am really looking forward to what comes next.,anticipation,en,reddit,entertainment
3031,This is completely unacceptable.,angry,en,twitter,shopping
2973,यह बिल्कुल भी स्वीकार्य नहीं है।,angry,hi,twitter,entertainment
925,कार्यक्रम योजना के अनुसार हुआ।,neutral,hi,twitter,education
3809,This means a lot to me.,love,en,twitter,health
3106,यह बिल्कुल भी स्वीकार्य नहीं है।,angry,hi,news,shopping
3456,यह पल मुझे बहुत खुशी दे रहा है।,joy,hi,amazon,education
2486,आज मैं बहुत उदास महसूस कर रहा हूँ।,sad,hi,amazon,entertainment
2402,I feel really low and tired today.,sad,en,twitter,shopping
1871,सब कुछ आज बहुत सकारात्मक लग रहा है।,happy,hi,twitter,entertainment
4944,Nothing seems to be working.,frustration,en,reddit,shopping
1414,This made my day so much better.,happy,en,amazon,health
4981,"Wow, this is unexpected.",surprise,en,reddit,health
1440,Everything feels bright and positive right now.,happy,en,google_reviews,technology
669,This is a regular update.,neutral,en,amazon,health
3767,This means a lot to me.,love,en,amazon,entertainment
2731,कुछ भी सही नहीं लग रहा है।,sad,hi,google_reviews,health
530,यह एक सामान्य अपडेट है।,neutral,hi,amazon,education
423,कार्यक्रम योजना के अनुसार हुआ।,neutral,hi,twitter,education
3632,This moment brings me pure joy.,joy,en,twitter,education
2328,It's been a hard day for me.,sad,en,reddit,entertainment
1198,The event took place as scheduled.,neutral,en,news,shopping
1620,आज मैं बहुत खुश महसूस कर रहा हूँ।,happy,hi,news,technology
2792,This is completely unacceptable.,angry,en,reddit,health
4349,मेरे अंदर बहुत उत्साह है।,anticipation,hi,reddit,entertainment
285,कार्यक्रम योजना के अनुसार हुआ।,neutral,hi,reddit,education
4423,मुझे इसका बहुत बेसब्री से इंतजार है।,anticipation,hi,reddit,education
3685,My heart feels full right now.,love,en,reddit,education
4929,This is getting very annoying.,frustration,en,twitter,shopping
1606,आज मैं बहुत खुश महसूस कर रहा हूँ।,happy,hi,amazon,shopping
2651,कुछ भी सही नहीं लग रहा है।,sad,hi,twitter,shopping
1908,This made my day so much better.,happy,en,news,technology
2468,आज मैं बहुत उदास महसूस कर रहा हूँ।,sad,hi,google_reviews,entertainment
3507,This moment brings me pure joy.,joy,en,reddit,education
1196,This is a regular update.,neutral,en,news,education
1731,This made my day so much better.,happy,en,google_reviews,technology
3400,मैं इस पल का पूरा आनंद ले रहा हूँ।,joy,hi,news,education
600,कार्यक्रम योजना के अनुसार हुआ।,neutral,hi,google_reviews,education
4217,This situation makes me feel unsafe.,fear,en,reddit,health
63,The event took place as scheduled.,neutral,en,twitter,health
527,The event took place as scheduled.,neutral,en,amazon,technology
3100,यह बिल्कुल भी स्वीकार्य नहीं है।,angry,hi,amazon,technology
4098,This situation makes me feel unsafe.,fear,en,google_reviews,technology
1462,यह देखकर मेरा दिन अच्छा बन गया।,happy,hi,twitter,technology
1775,I feel really happy about how things turned out today.,happy,en,amazon,health
4436,मुझे इसका बहुत बेसब्री से इंतजार है।,anticipation,hi,news,health
1753,Everything feels bright and positive right now.,happy,en,news,shopping
1398,आज मैं बहुत खुश महसूस कर रहा हूँ।,happy,hi,twitter,education
1221,This is a regular update.,neutral,en,news,entertainment
3291,सब कुछ अभी परफेक्ट लग रहा है।,joy,hi,reddit,education
4935,मैं बार-बार कोशिश कर रहा हूँ लेकिन असफल हो रहा हूँ।,frustration,hi,reddit,education
2073,आज मैं बहुत उदास महसूस कर रहा हूँ।,sad,hi,reddit,shopping
4750,यह समझना बहुत मुश्किल है।,confusion,hi,twitter,entertainment
3233,यह बिल्कुल भी स्वीकार्य नहीं है।,angry,hi,amazon,entertainment
1760,यह देखकर मेरा दिन अच्छा बन गया।,happy,hi,news,health
690,सब कुछ योजना के अनुसार चल रहा है।,neutral,hi,amazon,health
3570,यह पल मुझे बहुत खुशी दे रहा है।,joy,hi,twitter,health
2349,कुछ भी सही नहीं लग रहा है।,sad,hi,amazon,shopping
564,कार्यक्रम योजना के अनुसार हुआ।,neutral,hi,reddit,entertainment
2623,It's been a hard day for me.,sad,en,google_reviews,shopping
3543,This moment brings me pure joy.,joy,en,twitter,entertainment
3421,यह पल मुझे बहुत खुशी दे रहा है।,joy,hi,reddit,entertainment
246,This is a regular update.,neutral,en,twitter,entertainment
4515,I feel confident about this.,trust,en,google_reviews,technology
1708,सब कुछ आज बहुत सकारात्मक लग रहा है।,happy,hi,twitter,entertainment
3585,सब कुछ अभी परफेक्ट लग रहा है।,joy,hi,google_reviews,technology
3152,This is completely unacceptable.,angry,en,google_reviews,health
1421,यह देखकर मेरा दिन अच्छा बन गया।,happy,hi,google_reviews,entertainment
2405,Nothing seems to be going right.,sad,en,twitter,education
694,कार्यक्रम योजना के अनुसार हुआ।,neutral,hi,twitter,entertainment
203,कार्यक्रम योजना के अनुसार हुआ।,neutral,hi,reddit,technology
871,Everything is proceeding as planned.,neutral,en,amazon,technology
2845,मुझे विश्वास नहीं हो रहा कि यह फिर से हुआ।,angry,hi,reddit,education
4715,This is hard to understand.,confusion,en,twitter,entertainment
3092,I am very angry about what happened.,angry,en,news,education
2892,यह बिल्कुल भी स्वीकार्य नहीं है।,angry,hi,amazon,education
4694,I feel confident about this.,trust,en,news,education
4534,I believe in what you are saying.,trust,en,reddit,entertainment
4339,I can't wait for this to happen.,anticipation,en,twitter,entertainment
2317,It's been a hard day for me.,sad,en,amazon,entertainment
40,यह एक सामान्य अपडेट है।,neutral,hi,google_reviews,shopping
2275,आज का दिन मेरे लिए बहुत मुश्किल रहा।,sad,hi,amazon,shopping
4961,"वाह, यह बिल्कुल अप्रत्याशित है।",surprise,hi,news,technology
2470,आज का दिन मेरे लिए बहुत मुश्किल रहा।,sad,hi,news,entertainment
87,The event took place as scheduled.,neutral,en,amazon,shopping
3621,I am enjoying every second of this.,joy,en,reddit,entertainment
647,The event took place as scheduled.,neutral,en,google_reviews,entertainment
1552,I feel really happy about how things turned out today.,happy,en,google_reviews,entertainment
4517,यह मुझे सुरक्षित महसूस कराता है।,trust,hi,google_reviews,technology
4834,मुझे समझ नहीं आ रहा कि इसका क्या मतलब है।,confusion,hi,reddit,shopping
850,The event took place as scheduled.,neutral,en,news,entertainment
3141,मुझे विश्वास नहीं हो रहा कि यह फिर से हुआ।,angry,hi,twitter,technology
3386,This moment brings me pure joy.,joy,en,amazon,shopping
2511,It's been a hard day for me.,sad,en,news,education
4051,I keep worrying about the future.,fear,en,reddit,entertainment
377,This is a regular update.,neutral,en,twitter,health
2974,मुझे विश्वास नहीं हो रहा कि यह फिर से हुआ।,angry,hi,news,entertainment
3083,यह बिल्कुल भी स्वीकार्य नहीं है।,angry,hi,amazon,health
1633,यह देखकर मेरा दिन अच्छा बन गया।,happy,hi,news,shopping
2455,It's been a hard day for me.,sad,en,twitter,technology
245,This is a regular update.,neutral,en,amazon,education
3248,मुझे विश्वास नहीं हो रहा कि यह फिर से हुआ।,angry,hi,twitter,education
3079,I can't believe this happened again.,angry,en,reddit,health
1251,This made my day so much better.,happy,en,reddit,technology
2220,आज का दिन मेरे लिए बहुत मुश्किल रहा।,sad,hi,twitter,shopping
2956,जो हुआ उससे मैं बहुत गुस्से में हूँ।,angry,hi,reddit,shopping
1886,Everything feels bright and positive right now.,happy,en,google_reviews,technology
4277,मुझे इसका बहुत बेसब्री से इंतजार है।,anticipation,hi,amazon,education
3808,मेरा दिल अभी बहुत खुश महसूस कर रहा है।,love,hi,reddit,education
834,The event took place as scheduled.,neutral,en,twitter,shopping
3518,मैं इस पल का पूरा आनंद ले रहा हूँ।,joy,hi,twitter,education
3932,I truly care about you.,love,en,reddit,technology
1974,Everything feels bright and positive right now.,happy,en,google_reviews,shopping
892,Everything is proceeding as planned.,neutral,en,news,health
2555,Nothing seems to be going right.,sad,en,twitter,education
2028,I feel really low and tired today.,sad,en,news,technology
1919,आज मैं बहुत खुश महसूस कर रहा हूँ।,happy,hi,google_reviews,entertainment
1268,I feel really happy about how things turned out today.,happy,en,reddit,technology
1029,कार्यक्रम योजना के अनुसार हुआ।,neutral,hi,amazon,shopping
3295,सब कुछ अभी परफेक्ट लग रहा है।,joy,hi,twitter,education
2410,It's been a hard day for me.,sad,en,news,education
3139,मुझे विश्वास नहीं हो रहा कि यह फिर से हुआ।,angry,hi,twitter,technology
4110,I am scared about what might happen next.,fear,en,news,shopping
53,Everything is proceeding as planned.,neutral,en,news,education
199,कार्यक्रम योजना के अनुसार हुआ।,neutral,hi,google_reviews,education
922,सब कुछ योजना के अनुसार चल रहा है।,neutral,hi,twitter,health
786,Everything is proceeding as planned.,neutral,en,amazon,shopping
281,यह एक सामान्य अपडेट है।,neutral,hi,amazon,entertainment
2487,I feel really low and tired today.,sad,en,twitter,health
2829,यह बिल्कुल भी स्वीकार्य नहीं है।,angry,hi,google_reviews,health
4926,मैं बार-बार कोशिश कर रहा हूँ लेकिन असफल हो रहा हूँ।,frustration,hi,google_reviews,technology
221,This is a regular update.,neutral,en,news,entertainment
917,Everything is proceeding as planned.,neutral,en,reddit,health
266,यह एक सामान्य अपडेट है।,neutral,hi,news,technology
1084,The event took place as scheduled.,neutral,en,amazon,entertainment
4041,I am scared about what might happen next.,fear,en,reddit,entertainment
1002,सब कुछ योजना के अनुसार चल रहा है।,neutral,hi,twitter,technology
874,This is a regular update.,neutral,en,amazon,health
2475,कुछ भी सही नहीं लग रहा है।,sad,hi,reddit,shopping
3101,I am very angry about what happened.,angry,en,amazon,health
3075,मुझे विश्वास नहीं हो रहा कि यह फिर से हुआ।,angry,hi,twitter,shopping
2072,Nothing seems to be going right.,sad,en,reddit,entertainment
3601,यह पल मुझे बहुत खुशी दे रहा है।,joy,hi,news,shopping
3249,This is completely unacceptable.,angry,en,news,education
611,यह एक सामान्य अपडेट है।,neutral,hi,reddit,shopping
848,Everything is proceeding as planned.,neutral,en,twitter,entertainment
4369,मैं आगे क्या होगा इसका इंतजार कर रहा हूँ।,anticipation,hi,amazon,shopping
333,This is a regular update.,neutral,en,news,shopping
2657,कुछ भी सही नहीं लग रहा है।,sad,hi,news,shopping
773,सब कुछ योजना के अनुसार चल रहा है।,neutral,hi,news,shopping
2193,आज का दिन मेरे लिए बहुत मुश्किल रहा।,sad,hi,reddit,education
4714,मैं इसे लेकर बहुत उलझन में हूँ।,confusion,hi,google_reviews,shopping
4094,मैं भविष्य को लेकर लगातार चिंतित हूँ।,fear,hi,reddit,technology
2818,मुझे विश्वास नहीं हो रहा कि यह फिर से हुआ।,angry,hi,twitter,shopping
4006,मुझे आगे क्या होगा इसका डर लग रहा है।,fear,hi,google_reviews,technology
1429,सब कुछ आज बहुत सकारात्मक लग रहा है।,happy,hi,amazon,education
2188,Nothing seems to be going right.,sad,en,news,technology
304,कार्यक्रम योजना के अनुसार हुआ।,neutral,hi,google_reviews,shopping
2816,जो हुआ उससे मैं बहुत गुस्से में हूँ।,angry,hi,reddit,entertainment
3380,I am enjoying every second of this.,joy,en,amazon,technology
838,यह एक सामान्य अपडेट है।,neutral,hi,twitter,education
4456,मुझे इसका बहुत बेसब्री से इंतजार है।,anticipation,hi,twitter,education
2505,कुछ भी सही नहीं लग रहा है।,sad,hi,amazon,entertainment
695,सब कुछ योजना के अनुसार चल रहा है।,neutral,hi,twitter,shopping
2134,आज का दिन मेरे लिए बहुत मुश्किल रहा।,sad,hi,reddit,health
1659,Everything feels bright and positive right now.,happy,en,reddit,entertainment
2404,आज मैं बहुत उदास महसूस कर रहा हूँ।,sad,hi,amazon,health
4745,I feel lost about this.,confusion,en,amazon,entertainment
4576,मुझे आपकी बात पर भरोसा है।,trust,hi,google_reviews,entertainment
1430,आज मैं बहुत खुश महसूस कर रहा हूँ।,happy,hi,google_reviews,shopping
3157,मुझे विश्वास नहीं हो रहा कि यह फिर से हुआ।,angry,hi,news,shopping
761,The event took place as scheduled.,neutral,en,news,shopping
2724,It's been a hard day for me.,sad,en,amazon,technology
2459,आज का दिन मेरे लिए बहुत मुश्किल रहा।,sad,hi,google_reviews,entertainment
2054,I feel really low and tired today.,sad,en,google_reviews,entertainment
271,सब कुछ योजना के अनुसार चल रहा है।,neutral,hi,twitter,shopping
1588,आज मैं बहुत खुश महसूस कर रहा हूँ।,happy,hi,amazon,technology
4370,There is a lot of excitement inside me.,anticipation,en,reddit,health
942,यह एक सामान्य अपडेट है।,neutral,hi,reddit,shopping
3462,This moment brings me pure joy.,joy,en,google_reviews,health
162,This is a regular update.,neutral,en,news,education
4076,मैं भविष्य को लेकर लगातार चिंतित हूँ।,fear,hi,reddit,entertainment
2838,I can't believe this happened again.,angry,en,twitter,entertainment
787,The event took place as scheduled.,neutral,en,twitter,education
269,This is a regular update.,neutral,en,reddit,education
523,सब कुछ योजना के अनुसार चल रहा है।,neutral,hi,twitter,shopping
623,सब कुछ योजना के अनुसार चल रहा है।,neutral,hi,twitter,education
594,Everything is proceeding as planned.,neutral,en,news,shopping
26,This is a regular update.,neutral,en,twitter,entertainment
2088,आज मैं बहुत उदास महसूस कर रहा हूँ।,sad,hi,reddit,shopping
3948,I truly care about you.,love,en,reddit,technology
3029,यह बिल्कुल भी स्वीकार्य नहीं है।,angry,hi,news,health
237,यह एक सामान्य अपडेट है।,neutral,hi,amazon,health
742,कार्यक्रम योजना के अनुसार हुआ।,neutral,hi,google_reviews,health
502,कार्यक्रम योजना के अनुसार हुआ।,neutral,hi,amazon,education
276,सब कुछ योजना के अनुसार चल रहा है।,neutral,hi,amazon,entertainment
303,सब कुछ योजना के अनुसार चल रहा है।,neutral,hi,google_reviews,health
4545,I feel confident about this.,trust,en,news,entertainment
4000,मुझे आपकी सच में बहुत परवाह है।,love,hi,reddit,education
4067,मैं भविष्य को लेकर लगातार चिंतित हूँ।,fear,hi,reddit,technology
1778,This made my day so much better.,happy,en,amazon,entertainment
2864,यह बिल्कुल भी स्वीकार्य नहीं है।,angry,hi,twitter,technology
2425,I feel really low and tired today.,sad,en,news,health
4292,I can't wait for this to happen.,anticipation,en,amazon,shopping
4356,मुझे इसका बहुत बेसब्री से इंतजार है।,anticipation,hi,reddit,technology
4321,I am really looking forward to what comes next.,anticipation,en,twitter,technology
2341,It's been a hard day for me.,sad,en,amazon,technology
1391,आज मैं बहुत खुश महसूस कर रहा हूँ।,happy,hi,news,health
4460,मैं आगे क्या होगा इसका इंतजार कर रहा हूँ।,anticipation,hi,news,education
4597,मुझे इस पर पूरा विश्वास है।,trust,hi,twitter,entertainment
3742,My heart feels full right now.,love,en,reddit,shopping
2955,यह बिल्कुल भी स्वीकार्य नहीं है।,angry,hi,amazon,technology
1852,आज मैं बहुत खुश महसूस कर रहा हूँ।,happy,hi,news,shopping
1907,यह देखकर मेरा दिन अच्छा बन गया।,happy,hi,news,entertainment
4328,मैं आगे क्या होगा इसका इंतजार कर रहा हूँ।,anticipation,hi,twitter,education
174,The event took place as scheduled.,neutral,en,google_reviews,technology
4280,मेरे अंदर बहुत उत्साह है।,anticipation,hi,reddit,entertainment
1528,I feel really happy about how things turned out today.,happy,en,twitter,education
416,Everything is proceeding as planned.,neutral,en,amazon,entertainment
2560,कुछ भी सही नहीं लग रहा है।,sad,hi,reddit,shopping
3018,जो हुआ उससे मैं बहुत गुस्से में हूँ।,angry,hi,news,health
4100,I am scared about what might happen next.,fear,en,amazon,health
1146,This is a regular update.,neutral,en,reddit,education
3113,I can't believe this happened again.,angry,en,news,entertainment
607,Everything is proceeding as planned.,neutral,en,twitter,technology
4646,I feel confident about this.,trust,en,amazon,shopping
1322,I feel really happy about how things turned out today.,happy,en,google_reviews,education
4013,I am scared about what might happen next.,fear,en,twitter,shopping
1998,आज मैं बहुत खुश महसूस कर रहा हूँ।,happy,hi,twitter,education
3972,I truly care about you.,love,en,amazon,shopping
4537,मुझे इस पर पूरा विश्वास है।,trust,hi,news,health
4199,मैं भविष्य को लेकर लगातार चिंतित हूँ।,fear,hi,amazon,entertainment
4308,There is a lot of excitement inside me.,anticipation,en,news,education
4921,कुछ भी सही से काम नहीं कर रहा है।,frustration,hi,reddit,education
4668,मुझे आपकी बात पर भरोसा है।,trust,hi,google_reviews,education
410,Everything is proceeding as planned.,neutral,en,google_reviews,health
4720,I feel lost about this.,confusion,en,google_reviews,education
661,Everything is proceeding as planned.,neutral,en,google_reviews,shopping
2281,आज मैं बहुत उदास महसूस कर रहा हूँ।,sad,hi,amazon,entertainment
1447,आज मैं बहुत खुश महसूस कर रहा हूँ।,happy,hi,amazon,education
2192,आज मैं बहुत उदास महसूस कर रहा हूँ।,sad,hi,amazon,technology
3497,यह पल मुझे बहुत खुशी दे रहा है।,joy,hi,google_reviews,education
2372,कुछ भी सही नहीं लग रहा है।,sad,hi,reddit,shopping
2671,आज मैं बहुत उदास महसूस कर रहा हूँ।,sad,hi,news,technology
3185,मुझे विश्वास नहीं हो रहा कि यह फिर से हुआ।,angry,hi,amazon,education
1166,सब कुछ योजना के अनुसार चल रहा है।,neutral,hi,reddit,technology
3936,यह मेरे लिए बहुत मायने रखता है।,love,hi,reddit,education
4532,मुझे इस पर पूरा विश्वास है।,trust,hi,amazon,health
3571,यह पल मुझे बहुत खुशी दे रहा है।,joy,hi,google_reviews,technology
605,The event took place as scheduled.,neutral,en,twitter,shopping
4408,मेरे अंदर बहुत उत्साह है।,anticipation,hi,google_reviews,entertainment
1457,सब कुछ आज बहुत सकारात्मक लग रहा है।,happy,hi,reddit,shopping
4686,यह मुझे सुरक्षित महसूस कराता है।,trust,hi,twitter,technology
1226,यह एक सामान्य अपडेट है।,neutral,hi,amazon,entertainment
1724,आज मैं बहुत खुश महसूस कर रहा हूँ।,happy,hi,amazon,health
4303,मुझे इसका बहुत बेसब्री से इंतजार है।,anticipation,hi,amazon,technology
1743,I feel really happy about how things turned out today.,happy,en,reddit,health
556,सब कुछ योजना के अनुसार चल रहा है।,neutral,hi,twitter,technology
1948,यह देखकर मेरा दिन अच्छा बन गया।,happy,hi,reddit,health
4191,यह स्थिति मुझे असुरक्षित महसूस कराती है।,fear,hi,amazon,education
2893,यह बिल्कुल भी स्वीकार्य नहीं है।,angry,hi,google_reviews,shopping
204,सब कुछ योजना के अनुसार चल रहा है।,neutral,hi,news,education
2370,I feel really low and tired today.,sad,en,amazon,shopping
4108,यह स्थिति मुझे असुरक्षित महसूस कराती है।,fear,hi,twitter,education
818,यह एक सामान्य अपडेट है।,neutral,hi,twitter,education
231,The event took place as scheduled.,neutral,en,reddit,shopping
1564,I feel really happy about how things turned out today.,happy,en,google_reviews,technology
2061,आज मैं बहुत उदास महसूस कर रहा हूँ।,sad,hi,twitter,entertainment
2388,आज मैं बहुत उदास महसूस कर रहा हूँ।,sad,hi,google_reviews,shopping
4752,This is hard to understand.,confusion,en,twitter,entertainment
860,Everything is proceeding as planned.,neutral,en,news,shopping
1059,कार्यक्रम योजना के अनुसार हुआ।,neutral,hi,amazon,entertainment
3684,I truly care about you.,love,en,reddit,education
1489,Everything feels bright and positive right now.,happy,en,twitter,shopping
501,यह एक सामान्य अपडेट है।,neutral,hi,reddit,entertainment
4879,कुछ भी सही से काम नहीं कर रहा है।,frustration,hi,reddit,entertainment
4394,मेरे अंदर बहुत उत्साह है।,anticipation,hi,amazon,entertainment
2975,यह बिल्कुल भी स्वीकार्य नहीं है।,angry,hi,news,shopping
674,सब कुछ योजना के अनुसार चल रहा है।,neutral,hi,news,entertainment
207,कार्यक्रम योजना के अनुसार हुआ।,neutral,hi,news,health
2422,कुछ भी सही नहीं लग रहा है।,sad,hi,reddit,technology
907,यह एक सामान्य अपडेट है।,neutral,hi,google_reviews,technology
2876,This is completely unacceptable.,angry,en,amazon,health
954,This is a regular update.,neutral,en,google_reviews,shopping
4793,I am not sure what this means.,confusion,en,amazon,shopping
259,Everything is proceeding as planned.,neutral,en,twitter,education
4923,मैं बार-बार कोशिश कर रहा हूँ लेकिन असफल हो रहा हूँ।,frustration,hi,twitter,shopping
318,सब कुछ योजना के अनुसार चल रहा है।,neutral,hi,twitter,shopping
1878,I feel really happy about how things turned out today.,happy,en,google_reviews,shopping
4847,This is hard to understand.,confusion,en,twitter,shopping
337,सब कुछ योजना के अनुसार चल रहा है।,neutral,hi,twitter,education
2460,कुछ भी सही नहीं लग रहा है।,sad,hi,reddit,technology
1930,I feel really happy about how things turned out today.,happy,en,twitter,health
170,यह एक सामान्य अपडेट है।,neutral,hi,reddit,technology
4015,मैं भविष्य को लेकर लगातार चिंतित हूँ।,fear,hi,amazon,entertainment
91,सब कुछ योजना के अनुसार चल रहा है।,neutral,hi,news,education
378,Everything is proceeding as planned.,neutral,en,amazon,education
736,This is a regular update.,neutral,en,reddit,health
1151,यह एक सामान्य अपडेट है।,neutral,hi,news,education
3519,मैं इस पल का पूरा आनंद ले रहा हूँ।,joy,hi,news,education
1632,I feel really happy about how things turned out today.,happy,en,google_reviews,entertainment
3545,I am enjoying every second of this.,joy,en,news,education
3973,I truly care about you.,love,en,news,shopping
1144,कार्यक्रम योजना के अनुसार हुआ।,neutral,hi,amazon,health
2438,आज मैं बहुत उदास महसूस कर रहा हूँ।,sad,hi,news,shopping
177,कार्यक्रम योजना के अनुसार हुआ।,neutral,hi,news,shopping
4882,मैं बार-बार कोशिश कर रहा हूँ लेकिन असफल हो रहा हूँ।,frustration,hi,news,education
670,यह एक सामान्य अपडेट है।,neutral,hi,amazon,education
3919,This means a lot to me.,love,en,twitter,technology
1894,यह देखकर मेरा दिन अच्छा बन गया।,happy,hi,reddit,health
2525,It's been a hard day for me.,sad,en,reddit,entertainment
3144,I can't believe this happened again.,angry,en,google_reviews,technology
4129,This situation makes me feel unsafe.,fear,en,news,shopping
4565,This makes me feel secure.,trust,en,twitter,education
1885,आज मैं बहुत खुश महसूस कर रहा हूँ।,happy,hi,reddit,health
4297,I can't wait for this to happen.,anticipation,en,amazon,education
2871,मुझे विश्वास नहीं हो रहा कि यह फिर से हुआ।,angry,hi,reddit,technology
1797,This made my day so much better.,happy,en,twitter,health
791,सब कुछ योजना के अनुसार चल रहा है।,neutral,hi,twitter,health
3129,मुझे विश्वास नहीं हो रहा कि यह फिर से हुआ।,angry,hi,twitter,technology
1149,कार्यक्रम योजना के अनुसार हुआ।,neutral,hi,reddit,entertainment
3324,This moment brings me pure joy.,joy,en,twitter,entertainment
749,Everything is proceeding as planned.,neutral,en,twitter,technology
4453,मेरे अंदर बहुत उत्साह है।,anticipation,hi,twitter,education
1216,यह एक सामान्य अपडेट है।,neutral,hi,google_reviews,education
2836,I am very angry about what happened.,angry,en,news,entertainment
1541,Everything feels bright and positive right now.,happy,en,amazon,shopping
4244,यह स्थिति मुझे असुरक्षित महसूस कराती है।,fear,hi,reddit,health
872,The event took place as scheduled.,neutral,en,news,education
56,The event took place as scheduled.,neutral,en,google_reviews,health
2008,It's been a hard day for me.,sad,en,amazon,education
898,सब कुछ योजना के अनुसार चल रहा है।,neutral,hi,reddit,health
4856,Nothing seems to be working.,frustration,en,reddit,education
4507,I believe in what you are saying.,trust,en,amazon,health
4687,This makes me feel secure.,trust,en,google_reviews,health
2632,आज मैं बहुत उदास महसूस कर रहा हूँ।,sad,hi,amazon,technology
721,यह एक सामान्य अपडेट है।,neutral,hi,news,technology
4085,मैं भविष्य को लेकर लगातार चिंतित हूँ।,fear,hi,amazon,entertainment
2296,I feel really low and tired today.,sad,en,reddit,technology
4302,मेरे अंदर बहुत उत्साह है।,anticipation,hi,reddit,entertainment
3955,मेरा दिल अभी बहुत खुश महसूस कर रहा है।,love,hi,news,entertainment
2577,It's been a hard day for me.,sad,en,amazon,health
3855,मुझे आपकी सच में बहुत परवाह है।,love,hi,news,technology
2101,I feel really low and tired today.,sad,en,reddit,education
3751,मुझे आपकी सच में बहुत परवाह है।,love,hi,twitter,health
4441,मेरे अंदर बहुत उत्साह है।,anticipation,hi,amazon,education
3652,My heart feels full right now.,love,en,reddit,education
1942,Everything feels bright and positive right now.,happy,en,reddit,entertainment
3383,यह पल मुझे बहुत खुशी दे रहा है।,joy,hi,google_reviews,technology
1476,सब कुछ आज बहुत सकारात्मक लग रहा है।,happy,hi,google_reviews,entertainment
1472,I feel really happy about how things turned out today.,happy,en,amazon,shopping
3061,I can't believe this happened again.,angry,en,reddit,education
2976,यह बिल्कुल भी स्वीकार्य नहीं है।,angry,hi,google_reviews,shopping
3187,जो हुआ उससे मैं बहुत गुस्से में हूँ।,angry,hi,twitter,entertainment
4414,मैं आगे क्या होगा इसका इंतजार कर रहा हूँ।,anticipation,hi,amazon,health
3790,मुझे आपकी सच में बहुत परवाह है।,love,hi,twitter,shopping
4463,There is a lot of excitement inside me.,anticipation,en,reddit,entertainment
4060,I am scared about what might happen next.,fear,en,reddit,entertainment
4762,I am not sure what this means.,confusion,en,twitter,health
211,The event took place as scheduled.,neutral,en,twitter,technology
3118,This is completely unacceptable.,angry,en,reddit,education
4566,यह मुझे सुरक्षित महसूस कराता है।,trust,hi,news,education
1075,This is a regular update.,neutral,en,reddit,shopping
1577,सब कुछ आज बहुत सकारात्मक लग रहा है।,happy,hi,twitter,technology
4947,I keep trying and failing.,frustration,en,news,education
934,Everything is proceeding as planned.,neutral,en,google_reviews,health
1981,Everything feels bright and positive right now.,happy,en,amazon,entertainment
762,सब कुछ योजना के अनुसार चल रहा है।,neutral,hi,reddit,entertainment
4207,I am scared about what might happen next.,fear,en,news,education
3998,मेरा दिल अभी बहुत खुश महसूस कर रहा है।,love,hi,google_reviews,technology
799,सब कुछ योजना के अनुसार चल रहा है।,neutral,hi,amazon,technology
4611,I believe in what you are saying.,trust,en,news,health
4324,There is a lot of excitement inside me.,anticipation,en,twitter,shopping
754,Everything is proceeding as planned.,neutral,en,reddit,technology
2572,I feel really low and tired today.,sad,en,reddit,technology
1853,I feel really happy about how things turned out today.,happy,en,google_reviews,technology
3240,जो हुआ उससे मैं बहुत गुस्से में हूँ।,angry,hi,reddit,education
4363,मैं आगे क्या होगा इसका इंतजार कर रहा हूँ।,anticipation,hi,twitter,education
3298,यह पल मुझे बहुत खुशी दे रहा है।,joy,hi,news,entertainment
2065,Nothing seems to be going right.,sad,en,twitter,health
4838,मैं इसे लेकर बहुत उलझन में हूँ।,confusion,hi,news,shopping
315,The event took place as scheduled.,neutral,en,amazon,health
3788,I truly care about you.,love,en,google_reviews,technology
1801,सब कुछ आज बहुत सकारात्मक लग रहा है।,happy,hi,twitter,entertainment
1649,Everything feels bright and positive right now.,happy,en,twitter,shopping
4315,I am really looking forward to what comes next.,anticipation,en,twitter,health
724,This is a regular update.,neutral,en,reddit,education
2344,It's been a hard day for me.,sad,en,news,health
2670,आज का दिन मेरे लिए बहुत मुश्किल रहा।,sad,hi,twitter,health
1017,Everything is proceeding as planned.,neutral,en,reddit,education
4631,I believe in what you are saying.,trust,en,news,health
1590,Everything feels bright and positive right now.,happy,en,reddit,entertainment
4335,I can't wait for this to happen.,anticipation,en,amazon,health
3501,Everything feels perfect right now.,joy,en,twitter,technology
4379,मेरे अंदर बहुत उत्साह है।,anticipation,hi,google_reviews,health
1386,This made my day so much better.,happy,en,reddit,entertainment
4393,There is a lot of excitement inside me.,anticipation,en,twitter,education
4927,यह बहुत परेशान करने वाला हो रहा है।,frustration,hi,google_reviews,health
1928,सब कुछ आज बहुत सकारात्मक लग रहा है।,happy,hi,reddit,entertainment
2428,आज मैं बहुत उदास महसूस कर रहा हूँ।,sad,hi,news,health
487,The event took place as scheduled.,neutral,en,news,entertainment
1186,This is a regular update.,neutral,en,google_reviews,education
3232,I can't believe this happened again.,angry,en,amazon,technology
1065,सब कुछ योजना के अनुसार चल रहा है।,neutral,hi,news,technology
2961,यह बिल्कुल भी स्वीकार्य नहीं है।,angry,hi,news,technology
2478,It's been a hard day for me.,sad,en,amazon,technology
3196,मुझे विश्वास नहीं हो रहा कि यह फिर से हुआ।,angry,hi,news,technology
4482,मुझे इसका बहुत बेसब्री से इंतजार है।,anticipation,hi,amazon,health
1966,आज मैं बहुत खुश महसूस कर रहा हूँ।,happy,hi,twitter,health
2947,यह बिल्कुल भी स्वीकार्य नहीं है।,angry,hi,twitter,education
4400,There is a lot of excitement inside me.,anticipation,en,amazon,health
2262,Nothing seems to be going right.,sad,en,twitter,entertainment
1362,यह देखकर मेरा दिन अच्छा बन गया।,happy,hi,amazon,education
4469,मैं आगे क्या होगा इसका इंतजार कर रहा हूँ।,anticipation,hi,amazon,entertainment
3325,Everything feels perfect right now.,joy,en,reddit,shopping
2982,मुझे विश्वास नहीं हो रहा कि यह फिर से हुआ।,angry,hi,news,education
2146,I feel really low and tired today.,sad,en,google_reviews,education
1512,आज मैं बहुत खुश महसूस कर रहा हूँ।,happy,hi,reddit,entertainment
2444,It's been a hard day for me.,sad,en,google_reviews,education
2678,आज मैं बहुत उदास महसूस कर रहा हूँ।,sad,hi,reddit,entertainment
2919,I can't believe this happened again.,angry,en,reddit,technology
3,The event took place as scheduled.,neutral,en,news,health
2263,आज का दिन मेरे लिए बहुत मुश्किल रहा।,sad,hi,news,technology
4001,मैं भविष्य को लेकर लगातार चिंतित हूँ।,fear,hi,google_reviews,entertainment
3284,मैं इस पल का पूरा आनंद ले रहा हूँ।,joy,hi,google_reviews,technology
4102,मैं भविष्य को लेकर लगातार चिंतित हूँ।,fear,hi,news,shopping
4181,यह स्थिति मुझे असुरक्षित महसूस कराती है।,fear,hi,google_reviews,shopping
2080,I feel really low and tired today.,sad,en,google_reviews,shopping
225,कार्यक्रम योजना के अनुसार हुआ।,neutral,hi,amazon,entertainment
1333,I feel really happy about how things turned out today.,happy,en,google_reviews,technology
3281,This moment brings me pure joy.,joy,en,google_reviews,health
912,This is a regular update.,neutral,en,reddit,technology
3951,मुझे आपकी सच में बहुत परवाह है।,love,hi,news,shopping
3856,My heart feels full right now.,love,en,amazon,shopping
1287,Everything feels bright and positive right now.,happy,en,news,education
3071,I can't believe this happened again.,angry,en,amazon,technology
1271,यह देखकर मेरा दिन अच्छा बन गया।,happy,hi,google_reviews,entertainment
4905,यह बहुत परेशान करने वाला हो रहा है।,frustration,hi,news,entertainment
3193,This is completely unacceptable.,angry,en,reddit,entertainment
4792,मैं इसे लेकर बहुत उलझन में हूँ।,confusion,hi,news,technology
3633,Everything feels perfect right now.,joy,en,twitter,technology
4451,मैं आगे क्या होगा इसका इंतजार कर रहा हूँ।,anticipation,hi,news,education
4101,This situation makes me feel unsafe.,fear,en,amazon,technology
327,कार्यक्रम योजना के अनुसार हुआ।,neutral,hi,news,technology
2774,This is completely unacceptable.,angry,en,twitter,entertainment
3620,This moment brings me pure joy.,joy,en,google_reviews,health
662,This is a regular update.,neutral,en,reddit,technology
945,यह एक सामान्य अपडेट है।,neutral,hi,google_reviews,health
1111,The event took place as scheduled.,neutral,en,twitter,education
612,सब कुछ योजना के अनुसार चल रहा है।,neutral,hi,amazon,entertainment
3852,This means a lot to me.,love,en,twitter,education
2332,कुछ भी सही नहीं लग रहा है।,sad,hi,amazon,health
772,कार्यक्रम योजना के अनुसार हुआ।,neutral,hi,twitter,technology
628,This is a regular update.,neutral,en,amazon,entertainment
3050,I am very angry about what happened.,angry,en,amazon,health
2980,जो हुआ उससे मैं बहुत गुस्से में हूँ।,angry,hi,amazon,education
1980,सब कुछ आज बहुत सकारात्मक लग रहा है।,happy,hi,amazon,health
1936,This made my day so much better.,happy,en,amazon,education
745,यह एक सामान्य अपडेट है।,neutral,hi,news,health
4615,I feel confident about this.,trust,en,amazon,shopping
3293,मैं इस पल का पूरा आनंद ले रहा हूँ।,joy,hi,reddit,education
3947,यह मेरे लिए बहुत मायने रखता है।,love,hi,reddit,health
2162,आज का दिन मेरे लिए बहुत मुश्किल रहा।,sad,hi,reddit,technology
2758,जो हुआ उससे मैं बहुत गुस्से में हूँ।,angry,hi,google_reviews,education
4264,मैं आगे क्या होगा इसका इंतजार कर रहा हूँ।,anticipation,hi,reddit,entertainment
464,This is a regular update.,neutral,en,google_reviews,entertainment
2711,आज का दिन मेरे लिए बहुत मुश्किल रहा।,sad,hi,news,health
3645,सब कुछ अभी परफेक्ट लग रहा है।,joy,hi,amazon,shopping
1348,सब कुछ आज बहुत सकारात्मक लग रहा है।,happy,hi,twitter,technology
118,Everything is proceeding as planned.,neutral,en,reddit,entertainment
2424,आज मैं बहुत उदास महसूस कर रहा हूँ।,sad,hi,amazon,technology
2130,It's been a hard day for me.,sad,en,google_reviews,entertainment
3844,My heart feels full right now.,love,en,reddit,entertainment
4858,This is getting very annoying.,frustration,en,google_reviews,technology
3774,This means a lot to me.,love,en,amazon,shopping
3334,सब कुछ अभी परफेक्ट लग रहा है।,joy,hi,news,education
1278,Everything feels bright and positive right now.,happy,en,amazon,health
3098,I can't believe this happened again.,angry,en,reddit,education
3815,My heart feels full right now.,love,en,amazon,technology
1265,I feel really happy about how things turned out today.,happy,en,amazon,education
3260,यह पल मुझे बहुत खुशी दे रहा है।,joy,hi,amazon,shopping
2949,जो हुआ उससे मैं बहुत गुस्से में हूँ।,angry,hi,google_reviews,technology
1662,This made my day so much better.,happy,en,twitter,education
4111,मुझे आगे क्या होगा इसका डर लग रहा है।,fear,hi,news,entertainment
3580,I am enjoying every second of this.,joy,en,google_reviews,education
4726,I am not sure what this means.,confusion,en,google_reviews,health
4276,There is a lot of excitement inside me.,anticipation,en,news,entertainment
1873,This made my day so much better.,happy,en,twitter,shopping
3754,My heart feels full right now.,love,en,news,education
2930,यह बिल्कुल भी स्वीकार्य नहीं है।,angry,hi,reddit,education
4733,मुझे समझ नहीं आ रहा कि इसका क्या मतलब है।,confusion,hi,google_reviews,entertainment
3176,मुझे विश्वास नहीं हो रहा कि यह फिर से हुआ।,angry,hi,twitter,education
510,This is a regular update.,neutral,en,news,entertainment
3229,I can't believe this happened again.,angry,en,reddit,shopping
414,यह एक सामान्य अपडेट है।,neutral,hi,amazon,technology
4271,मुझे इसका बहुत बेसब्री से इंतजार है।,anticipation,hi,amazon,health
2258,Nothing seems to be going right.,sad,en,google_reviews,technology
1122,The event took place as scheduled.,neutral,en,twitter,shopping
3091,यह बिल्कुल भी स्वीकार्य नहीं है।,angry,hi,amazon,health
3587,I am enjoying every second of this.,joy,en,news,health
1496,आज मैं बहुत खुश महसूस कर रहा हूँ।,happy,hi,reddit,education
3504,I am enjoying every second of this.,joy,en,news,health
1189,यह एक सामान्य अपडेट है।,neutral,hi,news,technology
3055,यह बिल्कुल भी स्वीकार्य नहीं है।,angry,hi,twitter,technology
3911,मुझे आपकी सच में बहुत परवाह है।,love,hi,google_reviews,technology
2211,आज का दिन मेरे लिए बहुत मुश्किल रहा।,sad,hi,amazon,shopping
1943,Everything feels bright and positive right now.,happy,en,news,technology
1222,Everything is proceeding as planned.,neutral,en,reddit,shopping
1115,कार्यक्रम योजना के अनुसार हुआ।,neutral,hi,news,health
2814,I am very angry about what happened.,angry,en,amazon,technology
1875,Everything feels bright and positive right now.,happy,en,twitter,education
4590,मुझे इस पर पूरा विश्वास है।,trust,hi,twitter,shopping
4979,"वाह, यह बिल्कुल अप्रत्याशित है।",surprise,hi,twitter,health
4678,I believe in what you are saying.,trust,en,amazon,health
3872,This means a lot to me.,love,en,google_reviews,shopping
223,कार्यक्रम योजना के अनुसार हुआ।,neutral,hi,news,shopping
3994,मेरा दिल अभी बहुत खुश महसूस कर रहा है।,love,hi,google_reviews,technology
4505,मुझे आपकी बात पर भरोसा है।,trust,hi,google_reviews,entertainment
1016,The event took place as scheduled.,neutral,en,news,health
3199,जो हुआ उससे मैं बहुत गुस्से में हूँ।,angry,hi,reddit,technology
1732,यह देखकर मेरा दिन अच्छा बन गया।,happy,hi,amazon,education
989,This is a regular update.,neutral,en,reddit,shopping
4232,This situation makes me feel unsafe.,fear,en,amazon,shopping
42,This is a regular update.,neutral,en,news,shopping
3264,I am enjoying every second of this.,joy,en,amazon,education
1294,This made my day so much better.,happy,en,news,health
103,यह एक सामान्य अपडेट है।,neutral,hi,twitter,entertainment
1729,यह देखकर मेरा दिन अच्छा बन गया।,happy,hi,google_reviews,entertainment
2797,I am very angry about what happened.,angry,en,twitter,technology
314,यह एक सामान्य अपडेट है।,neutral,hi,amazon,education
3724,This means a lot to me.,love,en,reddit,entertainment
2702,आज का दिन मेरे लिए बहुत मुश्किल रहा।,sad,hi,google_reviews,technology
2380,Nothing seems to be going right.,sad,en,news,entertainment
3480,सब कुछ अभी परफेक्ट लग रहा है।,joy,hi,amazon,entertainment
1759,I feel really happy about how things turned out today.,happy,en,news,health
3960,My heart feels full right now.,love,en,google_reviews,technology
1311,I feel really happy about how things turned out today.,happy,en,amazon,entertainment
4790,I feel lost about this.,confusion,en,google_reviews,shopping
3145,I am very angry about what happened.,angry,en,reddit,entertainment
1021,This is a regular update.,neutral,en,reddit,technology
292,यह एक सामान्य अपडेट है।,neutral,hi,news,health
3169,मुझे विश्वास नहीं हो रहा कि यह फिर से हुआ।,angry,hi,amazon,technology
1350,आज मैं बहुत खुश महसूस कर रहा हूँ।,happy,hi,news,education
1247,The event took place as scheduled.,neutral,en,amazon,entertainment
2695,आज का दिन मेरे लिए बहुत मुश्किल रहा।,sad,hi,news,health
548,This is a regular update.,neutral,en,amazon,entertainment
4143,मुझे आगे क्या होगा इसका डर लग रहा है।,fear,hi,amazon,shopping
1710,I feel really happy about how things turned out today.,happy,en,reddit,health
3062,I am very angry about what happened.,angry,en,news,technology
821,सब कुछ योजना के अनुसार चल रहा है।,neutral,hi,amazon,technology
4765,यह समझना बहुत मुश्किल है।,confusion,hi,google_reviews,entertainment
3014,This is completely unacceptable.,angry,en,google_reviews,entertainment
406,The event took place as scheduled.,neutral,en,news,education
3680,My heart feels full right now.,love,en,twitter,education
4252,I am really looking forward to what comes next.,anticipation,en,twitter,education
584,कार्यक्रम योजना के अनुसार हुआ।,neutral,hi,google_reviews,entertainment
1063,यह एक सामान्य अपडेट है।,neutral,hi,twitter,health
3668,This means a lot to me.,love,en,reddit,health
3918,This means a lot to me.,love,en,amazon,technology
4287,I am really looking forward to what comes next.,anticipation,en,news,shopping
1680,यह देखकर मेरा दिन अच्छा बन गया।,happy,hi,twitter,health
2604,आज मैं बहुत उदास महसूस कर रहा हूँ।,sad,hi,news,health
2589,I feel really low and tired today.,sad,en,google_reviews,shopping
4003,I am scared about what might happen next.,fear,en,news,entertainment
1681,सब कुछ आज बहुत सकारात्मक लग रहा है।,happy,hi,twitter,entertainment
1359,This made my day so much better.,happy,en,google_reviews,technology
2533,Nothing seems to be going right.,sad,en,reddit,shopping
4468,I am really looking forward to what comes next.,anticipation,en,amazon,technology
649,सब कुछ योजना के अनुसार चल रहा है।,neutral,hi,amazon,education
873,The event took place as scheduled.,neutral,en,google_reviews,technology
1041,कार्यक्रम योजना के अनुसार हुआ।,neutral,hi,reddit,entertainment
4823,I feel lost about this.,confusion,en,amazon,education
596,सब कुछ योजना के अनुसार चल रहा है।,neutral,hi,amazon,entertainment
1583,I feel really happy about how things turned out today.,happy,en,news,entertainment
1803,This made my day so much better.,happy,en,google_reviews,technology
1280,I feel really happy about how things turned out today.,happy,en,twitter,education
2482,आज मैं बहुत उदास महसूस कर रहा हूँ।,sad,hi,twitter,technology
4472,मेरे अंदर बहुत उत्साह है।,anticipation,hi,twitter,health
1756,आज मैं बहुत खुश महसूस कर रहा हूँ।,happy,hi,news,education
1482,आज मैं बहुत खुश महसूस कर रहा हूँ।,happy,hi,reddit,entertainment
3875,मेरा दिल अभी बहुत खुश महसूस कर रहा है।,love,hi,news,entertainment
2528,It's been a hard day for me.,sad,en,google_reviews,health
2310,आज मैं बहुत उदास महसूस कर रहा हूँ।,sad,hi,google_reviews,technology
2925,I am very angry about what happened.,angry,en,amazon,education
1539,सब कुछ आज बहुत सकारात्मक लग रहा है।,happy,hi,reddit,technology
149,The event took place as scheduled.,neutral,en,reddit,health
4166,I keep worrying about the future.,fear,en,google_reviews,shopping
1076,This is a regular update.,neutral,en,reddit,health
4250,This situation makes me feel unsafe.,fear,en,news,shopping
1897,यह देखकर मेरा दिन अच्छा बन गया।,happy,hi,reddit,health
3820,मुझे आपकी सच में बहुत परवाह है।,love,hi,google_reviews,technology
3387,सब कुछ अभी परफेक्ट लग रहा है।,joy,hi,google_reviews,shopping
4407,मेरे अंदर बहुत उत्साह है।,anticipation,hi,reddit,entertainment
1011,The event took place as scheduled.,neutral,en,amazon,shopping
1378,आज मैं बहुत खुश महसूस कर रहा हूँ।,happy,hi,amazon,health
2098,It's been a hard day for me.,sad,en,reddit,entertainment
22,Everything is proceeding as planned.,neutral,en,reddit,technology
4685,This makes me feel secure.,trust,en,twitter,health
4987,I did not expect this at all.,surprise,en,reddit,health
1109,सब कुछ योजना के अनुसार चल रहा है।,neutral,hi,reddit,health
3867,मेरा दिल अभी बहुत खुश महसूस कर रहा है।,love,hi,news,entertainment
3933,My heart feels full right now.,love,en,amazon,shopping
631,सब कुछ योजना के अनुसार चल रहा है।,neutral,hi,reddit,education
2320,It's been a hard day for me.,sad,en,news,technology
4614,I believe in what you are saying.,trust,en,twitter,shopping
3607,Everything feels perfect right now.,joy,en,twitter,education
3149,I can't believe this happened again.,angry,en,twitter,technology
3407,सब कुछ अभी परफेक्ट लग रहा है।,joy,hi,twitter,education
1241,This is a regular update.,neutral,en,amazon,shopping
1909,यह देखकर मेरा दिन अच्छा बन गया।,happy,hi,amazon,shopping
1321,सब कुछ आज बहुत सकारात्मक लग रहा है।,happy,hi,news,health
1898,This made my day so much better.,happy,en,twitter,health
3381,सब कुछ अभी परफेक्ट लग रहा है।,joy,hi,news,technology
2514,आज मैं बहुत उदास महसूस कर रहा हूँ।,sad,hi,google_reviews,shopping
1042,Everything is proceeding as planned.,neutral,en,news,technology
4689,मुझे आपकी बात पर भरोसा है।,trust,hi,news,shopping
1573,यह देखकर मेरा दिन अच्छा बन गया।,happy,hi,twitter,shopping
4375,मैं आगे क्या होगा इसका इंतजार कर रहा हूँ।,anticipation,hi,news,entertainment
1805,This made my day so much better.,happy,en,news,shopping
3485,सब कुछ अभी परफेक्ट लग रहा है।,joy,hi,twitter,education
2993,I am very angry about what happened.,angry,en,amazon,shopping
3390,सब कुछ अभी परफेक्ट लग रहा है।,joy,hi,news,shopping
1010,This is a regular update.,neutral,en,reddit,health
3903,My heart feels full right now.,love,en,amazon,shopping
4314,मैं आगे क्या होगा इसका इंतजार कर रहा हूँ।,anticipation,hi,amazon,entertainment
2926,This is completely unacceptable.,angry,en,amazon,shopping
4007,I keep worrying about the future.,fear,en,reddit,technology
4831,मैं इसे लेकर बहुत उलझन में हूँ।,confusion,hi,amazon,health
2228,It's been a hard day for me.,sad,en,news,shopping
3769,My heart feels full right now.,love,en,google_reviews,health
403,कार्यक्रम योजना के अनुसार हुआ।,neutral,hi,google_reviews,health
2538,It's been a hard day for me.,sad,en,google_reviews,technology
901,कार्यक्रम योजना के अनुसार हुआ।,neutral,hi,amazon,shopping
4347,मैं आगे क्या होगा इसका इंतजार कर रहा हूँ।,anticipation,hi,twitter,shopping
4531,मुझे आपकी बात पर भरोसा है।,trust,hi,twitter,health
4617,मुझे आपकी बात पर भरोसा है।,trust,hi,amazon,education
247,Everything is proceeding as planned.,neutral,en,amazon,entertainment
4399,मैं आगे क्या होगा इसका इंतजार कर रहा हूँ।,anticipation,hi,amazon,technology
991,कार्यक्रम योजना के अनुसार हुआ।,neutral,hi,reddit,technology
2161,आज मैं बहुत उदास महसूस कर रहा हूँ।,sad,hi,google_reviews,education
4361,I am really looking forward to what comes next.,anticipation,en,news,shopping
825,यह एक सामान्य अपडेट है।,neutral,hi,news,entertainment
3757,मेरा दिल अभी बहुत खुश महसूस कर रहा है।,love,hi,twitter,education
783,कार्यक्रम योजना के अनुसार हुआ।,neutral,hi,news,entertainment
3553,This moment brings me pure joy.,joy,en,reddit,education
3419,This moment brings me pure joy.,joy,en,twitter,entertainment
2510,आज मैं बहुत उदास महसूस कर रहा हूँ।,sad,hi,twitter,health
2546,कुछ भी सही नहीं लग रहा है।,sad,hi,twitter,education
3885,My heart feels full right now.,love,en,reddit,education
3288,सब कुछ अभी परफेक्ट लग रहा है।,joy,hi,google_reviews,entertainment
3340,Everything feels perfect right now.,joy,en,google_reviews,shopping
4810,This is hard to understand.,confusion,en,google_reviews,shopping
4398,There is a lot of excitement inside me.,anticipation,en,news,health
500,Everything is proceeding as planned.,neutral,en,twitter,entertainment
2226,कुछ भी सही नहीं लग रहा है।,sad,hi,news,entertainment
2977,This is completely unacceptable.,angry,en,amazon,entertainment
1689,यह देखकर मेरा दिन अच्छा बन गया।,happy,hi,twitter,education
3977,यह मेरे लिए बहुत मायने रखता है।,love,hi,google_reviews,shopping
2606,आज मैं बहुत उदास महसूस कर रहा हूँ।,sad,hi,google_reviews,education
4383,I am really looking forward to what comes next.,anticipation,en,google_reviews,health
4293,I am really looking forward to what comes next.,anticipation,en,google_reviews,technology
117,This is a regular update.,neutral,en,google_reviews,shopping
265,This is a regular update.,neutral,en,reddit,education
3107,I can't believe this happened again.,angry,en,amazon,education
4253,मेरे अंदर बहुत उत्साह है।,anticipation,hi,reddit,technology
819,This is a regular update.,neutral,en,news,entertainment
3348,Everything feels perfect right now.,joy,en,amazon,entertainment
3429,यह पल मुझे बहुत खुशी दे रहा है।,joy,hi,twitter,technology
3637,मैं इस पल का पूरा आनंद ले रहा हूँ।,joy,hi,reddit,entertainment
4479,I can't wait for this to happen.,anticipation,en,google_reviews,education
2708,I feel really low and tired today.,sad,en,reddit,health
971,कार्यक्रम योजना के अनुसार हुआ।,neutral,hi,google_reviews,shopping
242,सब कुछ योजना के अनुसार चल रहा है।,neutral,hi,reddit,entertainment
2431,It's been a hard day for me.,sad,en,reddit,health
316,Everything is proceeding as planned.,neutral,en,amazon,health
3849,मेरा दिल अभी बहुत खुश महसूस कर रहा है।,love,hi,amazon,education
2169,Nothing seems to be going right.,sad,en,amazon,technology
2163,आज मैं बहुत उदास महसूस कर रहा हूँ।,sad,hi,news,education
1985,यह देखकर मेरा दिन अच्छा बन गया।,happy,hi,amazon,shopping
4932,I keep trying and failing.,frustration,en,reddit,technology
1514,यह देखकर मेरा दिन अच्छा बन गया।,happy,hi,reddit,education
3006,यह बिल्कुल भी स्वीकार्य नहीं है।,angry,hi,google_reviews,education
419,This is a regular update.,neutral,en,news,health
2090,Nothing seems to be going right.,sad,en,amazon,shopping
3305,यह पल मुझे बहुत खुशी दे रहा है।,joy,hi,google_reviews,shopping
329,यह एक सामान्य अपडेट है।,neutral,hi,news,education
4633,I feel confident about this.,trust,en,news,technology
2075,कुछ भी सही नहीं लग रहा है।,sad,hi,news,health
4120,This situation makes me feel unsafe.,fear,en,twitter,health
4241,I am scared about what might happen next.,fear,en,google_reviews,entertainment
3235,I am very angry about what happened.,angry,en,twitter,technology
1855,सब कुछ आज बहुत सकारात्मक लग रहा है।,happy,hi,google_reviews,technology
4710,मुझे समझ नहीं आ रहा कि इसका क्या मतलब है।,confusion,hi,reddit,entertainment
382,This is a regular update.,neutral,en,reddit,shopping
919,कार्यक्रम योजना के अनुसार हुआ।,neutral,hi,news,health
1254,I feel really happy about how things turned out today.,happy,en,reddit,health
3418,मैं इस पल का पूरा आनंद ले रहा हूँ।,joy,hi,google_reviews,health
2233,आज मैं बहुत उदास महसूस कर रहा हूँ।,sad,hi,news,entertainment
1993,This made my day so much better.,happy,en,google_reviews,entertainment
4192,I keep worrying about the future.,fear,en,amazon,entertainment
3641,Everything feels perfect right now.,joy,en,news,education
603,यह एक सामान्य अपडेट है।,neutral,hi,news,entertainment
2856,I am very angry about what happened.,angry,en,news,technology
656,The event took place as scheduled.,neutral,en,amazon,entertainment
4737,I am not sure what this means.,confusion,en,reddit,entertainment
1676,आज मैं बहुत खुश महसूस कर रहा हूँ।,happy,hi,google_reviews,entertainment
3283,मैं इस पल का पूरा आनंद ले रहा हूँ।,joy,hi,news,health
1260,This made my day so much better.,happy,en,reddit,health
3985,मुझे आपकी सच में बहुत परवाह है।,love,hi,reddit,health
2515,आज मैं बहुत उदास महसूस कर रहा हूँ।,sad,hi,reddit,education
1201,सब कुछ योजना के अनुसार चल रहा है।,neutral,hi,news,technology
2857,जो हुआ उससे मैं बहुत गुस्से में हूँ।,angry,hi,news,education
2803,जो हुआ उससे मैं बहुत गुस्से में हूँ।,angry,hi,reddit,entertainment
2653,It's been a hard day for me.,sad,en,twitter,shopping
380,यह एक सामान्य अपडेट है।,neutral,hi,news,health
1653,Everything feels bright and positive right now.,happy,en,twitter,shopping
250,सब कुछ योजना के अनुसार चल रहा है।,neutral,hi,twitter,education
1959,I feel really happy about how things turned out today.,happy,en,news,entertainment
3023,This is completely unacceptable.,angry,en,reddit,technology
1809,I feel really happy about how things turned out today.,happy,en,amazon,education
4415,There is a lot of excitement inside me.,anticipation,en,twitter,shopping
2062,Nothing seems to be going right.,sad,en,amazon,entertainment
1345,यह देखकर मेरा दिन अच्छा बन गया।,happy,hi,news,technology
2111,आज मैं बहुत उदास महसूस कर रहा हूँ।,sad,hi,amazon,education
1601,I feel really happy about how things turned out today.,happy,en,reddit,shopping
2765,I am very angry about what happened.,angry,en,google_reviews,shopping
2389,Nothing seems to be going right.,sad,en,google_reviews,entertainment
3211,मुझे विश्वास नहीं हो रहा कि यह फिर से हुआ।,angry,hi,news,shopping
636,यह एक सामान्य अपडेट है।,neutral,hi,amazon,health
2179,आज मैं बहुत उदास महसूस कर रहा हूँ।,sad,hi,amazon,shopping
2354,Nothing seems to be going right.,sad,en,reddit,shopping
1108,This is a regular update.,neutral,en,twitter,technology
719,Everything is proceeding as planned.,neutral,en,news,education
2837,I can't believe this happened again.,angry,en,google_reviews,education
2307,I feel really low and tired today.,sad,en,twitter,technology
1282,यह देखकर मेरा दिन अच्छा बन गया।,happy,hi,twitter,education
4458,मुझे इसका बहुत बेसब्री से इंतजार है।,anticipation,hi,twitter,entertainment
3254,I am enjoying every second of this.,joy,en,twitter,entertainment
4988,That was a big surprise for me.,surprise,en,reddit,health
96,This is a regular update.,neutral,en,news,entertainment
364,कार्यक्रम योजना के अनुसार हुआ।,neutral,hi,google_reviews,shopping
3618,This moment brings me pure joy.,joy,en,reddit,technology
3738,My heart feels full right now.,love,en,amazon,health
4613,मुझे इस पर पूरा विश्वास है।,trust,hi,reddit,technology
3747,यह मेरे लिए बहुत मायने रखता है।,love,hi,reddit,entertainment
2648,Nothing seems to be going right.,sad,en,twitter,health
2271,I feel really low and tired today.,sad,en,google_reviews,shopping
4,Everything is proceeding as planned.,neutral,en,google_reviews,entertainment
1410,This made my day so much better.,happy,en,amazon,shopping
4636,I feel confident about this.,trust,en,google_reviews,technology
3574,यह पल मुझे बहुत खुशी दे रहा है।,joy,hi,reddit,technology
3346,यह पल मुझे बहुत खुशी दे रहा है।,joy,hi,news,technology
3559,यह पल मुझे बहुत खुशी दे रहा है।,joy,hi,twitter,shopping
4052,मैं भविष्य को लेकर लगातार चिंतित हूँ।,fear,hi,reddit,technology
1142,यह एक सामान्य अपडेट है।,neutral,hi,reddit,shopping
3037,जो हुआ उससे मैं बहुत गुस्से में हूँ।,angry,hi,amazon,technology
569,यह एक सामान्य अपडेट है।,neutral,hi,reddit,technology
3874,मुझे आपकी सच में बहुत परवाह है।,love,hi,reddit,technology
2151,I feel really low and tired today.,sad,en,google_reviews,education
4994,मुझे इसकी बिल्कुल उम्मीद नहीं थी।,surprise,hi,news,technology
3077,I can't believe this happened again.,angry,en,twitter,education
634,Everything is proceeding as planned.,neutral,en,news,education
1459,Everything feels bright and positive right now.,happy,en,reddit,entertainment
4113,यह स्थिति मुझे असुरक्षित महसूस कराती है।,fear,hi,google_reviews,entertainment
325,The event took place as scheduled.,neutral,en,reddit,entertainment
3511,I am enjoying every second of this.,joy,en,reddit,education
4624,I believe in what you are saying.,trust,en,amazon,education
1523,I feel really happy about how things turned out today.,happy,en,google_reviews,technology
1540,I feel really happy about how things turned out today.,happy,en,google_reviews,health
1791,Everything feels bright and positive right now.,happy,en,twitter,shopping
3644,This moment brings me pure joy.,joy,en,reddit,shopping
4536,मुझे आपकी बात पर भरोसा है।,trust,hi,amazon,health
2433,आज का दिन मेरे लिए बहुत मुश्किल रहा।,sad,hi,news,entertainment
3067,यह बिल्कुल भी स्वीकार्य नहीं है।,angry,hi,google_reviews,health
4535,This makes me feel secure.,trust,en,google_reviews,entertainment
4358,मेरे अंदर बहुत उत्साह है।,anticipation,hi,reddit,technology
3624,मैं इस पल का पूरा आनंद ले रहा हूँ।,joy,hi,reddit,entertainment
3337,This moment brings me pure joy.,joy,en,twitter,education
3156,I can't believe this happened again.,angry,en,reddit,education
3892,मेरा दिल अभी बहुत खुश महसूस कर रहा है।,love,hi,twitter,health
988,सब कुछ योजना के अनुसार चल रहा है।,neutral,hi,news,shopping
1364,आज मैं बहुत खुश महसूस कर रहा हूँ।,happy,hi,google_reviews,technology
2727,I feel really low and tired today.,sad,en,reddit,education
2256,आज मैं बहुत उदास महसूस कर रहा हूँ।,sad,hi,google_reviews,education
3950,मुझे आपकी सच में बहुत परवाह है।,love,hi,news,education
2855,I can't believe this happened again.,angry,en,amazon,health
95,Everything is proceeding as planned.,neutral,en,amazon,technology
373,सब कुछ योजना के अनुसार चल रहा है।,neutral,hi,news,shopping
1277,आज मैं बहुत खुश महसूस कर रहा हूँ।,happy,hi,google_reviews,health
811,Everything is proceeding as planned.,neutral,en,amazon,technology
2016,Nothing seems to be going right.,sad,en,news,shopping
1617,Everything feels bright and positive right now.,happy,en,reddit,education
3989,I truly care about you.,love,en,amazon,education
4983,मुझे इसकी बिल्कुल उम्मीद नहीं थी।,surprise,hi,reddit,shopping
163,यह एक सामान्य अपडेट है।,neutral,hi,google_reviews,shopping
2675,आज मैं बहुत उदास महसूस कर रहा हूँ।,sad,hi,twitter,shopping
3028,I can't believe this happened again.,angry,en,news,shopping
618,This is a regular update.,neutral,en,google_reviews,shopping
2992,This is completely unacceptable.,angry,en,reddit,technology
728,कार्यक्रम योजना के अनुसार हुआ।,neutral,hi,twitter,shopping
4551,मुझे इस पर पूरा विश्वास है।,trust,hi,amazon,health
1522,Everything feels bright and positive right now.,happy,en,google_reviews,shopping
796,यह एक सामान्य अपडेट है।,neutral,hi,google_reviews,entertainment
2594,आज का दिन मेरे लिए बहुत मुश्किल रहा।,sad,hi,news,technology
4964,"वाह, यह बिल्कुल अप्रत्याशित है।",surprise,hi,amazon,health
1593,I feel really happy about how things turned out today.,happy,en,reddit,health
185,This is a regular update.,neutral,en,reddit,education
1079,Everything is proceeding as planned.,neutral,en,twitter,entertainment
1882,I feel really happy about how things turned out today.,happy,en,twitter,technology
2250,I feel really low and tired today.,sad,en,google_reviews,health
3190,I can't believe this happened again.,angry,en,google_reviews,entertainment
976,यह एक सामान्य अपडेट है।,neutral,hi,google_reviews,education
3608,सब कुछ अभी परफेक्ट लग रहा है।,joy,hi,twitter,entertainment
920,कार्यक्रम योजना के अनुसार हुआ।,neutral,hi,amazon,education
1612,आज मैं बहुत खुश महसूस कर रहा हूँ।,happy,hi,news,technology
3019,मुझे विश्वास नहीं हो रहा कि यह फिर से हुआ।,angry,hi,twitter,education
2361,I feel really low and tired today.,sad,en,google_reviews,health
2214,It's been a hard day for me.,sad,en,news,shopping
210,This is a regular update.,neutral,en,amazon,education
1585,आज मैं बहुत खुश महसूस कर रहा हूँ।,happy,hi,google_reviews,technology
710,कार्यक्रम योजना के अनुसार हुआ।,neutral,hi,google_reviews,health
1917,आज मैं बहुत खुश महसूस कर रहा हूँ।,happy,hi,google_reviews,technology
1445,I feel really happy about how things turned out today.,happy,en,twitter,health
1443,Everything feels bright and positive right now.,happy,en,news,technology
1767,आज मैं बहुत खुश महसूस कर रहा हूँ।,happy,hi,reddit,health
18,कार्यक्रम योजना के अनुसार हुआ।,neutral,hi,google_reviews,shopping
957,The event took place as scheduled.,neutral,en,news,education
3728,यह मेरे लिए बहुत मायने रखता है।,love,hi,amazon,health
1300,सब कुछ आज बहुत सकारात्मक लग रहा है।,happy,hi,twitter,education
1207,कार्यक्रम योजना के अनुसार हुआ।,neutral,hi,twitter,education
4819,I feel lost about this.,confusion,en,amazon,technology
3216,यह बिल्कुल भी स्वीकार्य नहीं है।,angry,hi,amazon,entertainment
4741,यह समझना बहुत मुश्किल है।,confusion,hi,reddit,shopping
3771,मुझे आपकी सच में बहुत परवाह है।,love,hi,amazon,education
1380,I feel really happy about how things turned out today.,happy,en,twitter,education
3753,मेरा दिल अभी बहुत खुश महसूस कर रहा है।,love,hi,google_reviews,entertainment
498,Everything is proceeding as planned.,neutral,en,news,entertainment
1863,Everything feels bright and positive right now.,happy,en,reddit,shopping
2998,जो हुआ उससे मैं बहुत गुस्से में हूँ।,angry,hi,amazon,shopping
272,The event took place as scheduled.,neutral,en,amazon,education
3566,यह पल मुझे बहुत खुशी दे रहा है।,joy,hi,google_reviews,technology
3198,I can't believe this happened again.,angry,en,google_reviews,technology
4106,यह स्थिति मुझे असुरक्षित महसूस कराती है।,fear,hi,twitter,health
2096,Nothing seems to be going right.,sad,en,google_reviews,entertainment
2479,Nothing seems to be going right.,sad,en,news,shopping
886,Everything is proceeding as planned.,neutral,en,news,shopping
4683,I believe in what you are saying.,trust,en,reddit,technology
4648,यह मुझे सुरक्षित महसूस कराता है।,trust,hi,amazon,technology
4220,I keep worrying about the future.,fear,en,reddit,health
1815,This made my day so much better.,happy,en,amazon,technology
4931,मैं बार-बार कोशिश कर रहा हूँ लेकिन असफल हो रहा हूँ।,frustration,hi,reddit,education
139,कार्यक्रम योजना के अनुसार हुआ।,neutral,hi,twitter,shopping
1100,कार्यक्रम योजना के अनुसार हुआ।,neutral,hi,news,shopping
2800,मुझे विश्वास नहीं हो रहा कि यह फिर से हुआ।,angry,hi,google_reviews,health
181,सब कुछ योजना के अनुसार चल रहा है।,neutral,hi,news,education
4203,यह स्थिति मुझे असुरक्षित महसूस कराती है।,fear,hi,google_reviews,shopping
4559,This makes me feel secure.,trust,en,reddit,education
4654,यह मुझे सुरक्षित महसूस कराता है।,trust,hi,twitter,shopping
4269,There is a lot of excitement inside me.,anticipation,en,google_reviews,health
3503,I am enjoying every second of this.,joy,en,news,entertainment
4677,I feel confident about this.,trust,en,amazon,shopping
2759,जो हुआ उससे मैं बहुत गुस्से में हूँ।,angry,hi,news,shopping
2729,आज का दिन मेरे लिए बहुत मुश्किल रहा।,sad,hi,amazon,health
2539,आज का दिन मेरे लिए बहुत मुश्किल रहा।,sad,hi,amazon,technology
366,The event took place as scheduled.,neutral,en,news,entertainment
3510,मैं इस पल का पूरा आनंद ले रहा हूँ।,joy,hi,twitter,shopping
191,This is a regular update.,neutral,en,google_reviews,technology
4449,There is a lot of excitement inside me.,anticipation,en,amazon,education
3536,I am enjoying every second of this.,joy,en,reddit,technology
4089,यह स्थिति मुझे असुरक्षित महसूस कराती है।,fear,hi,reddit,shopping
2079,आज का दिन मेरे लिए बहुत मुश्किल रहा।,sad,hi,amazon,technology
1120,The event took place as scheduled.,neutral,en,google_reviews,shopping
1995,सब कुछ आज बहुत सकारात्मक लग रहा है।,happy,hi,twitter,technology
2878,I can't believe this happened again.,angry,en,reddit,technology
2294,I feel really low and tired today.,sad,en,google_reviews,health
93,The event took place as scheduled.,neutral,en,amazon,shopping
1290,Everything feels bright and positive right now.,happy,en,news,entertainment
164,The event took place as scheduled.,neutral,en,amazon,health
4679,मुझे आपकी बात पर भरोसा है।,trust,hi,amazon,entertainment
4239,मुझे आगे क्या होगा इसका डर लग रहा है।,fear,hi,google_reviews,entertainment
2138,आज मैं बहुत उदास महसूस कर रहा हूँ।,sad,hi,google_reviews,shopping
579,The event took place as scheduled.,neutral,en,twitter,entertainment
870,यह एक सामान्य अपडेट है।,neutral,hi,amazon,health
4952,यह मेरे लिए बहुत बड़ा आश्चर्य था।,surprise,hi,amazon,education
4925,Nothing seems to be working.,frustration,en,news,entertainment
3928,This means a lot to me.,love,en,reddit,technology
16,This is a regular update.,neutral,en,amazon,technology
1061,Everything is proceeding as planned.,neutral,en,reddit,shopping
3344,I am enjoying every second of this.,joy,en,reddit,entertainment
2517,I feel really low and tired today.,sad,en,twitter,shopping
4798,I am not sure what this means.,confusion,en,reddit,health
3136,I am very angry about what happened.,angry,en,twitter,health
2301,आज का दिन मेरे लिए बहुत मुश्किल रहा।,sad,hi,google_reviews,education
357,This is a regular update.,neutral,en,news,technology
1291,सब कुछ आज बहुत सकारात्मक लग रहा है।,happy,hi,google_reviews,education
3729,This means a lot to me.,love,en,google_reviews,education
134,This is a regular update.,neutral,en,google_reviews,technology
4465,There is a lot of excitement inside me.,anticipation,en,amazon,shopping
82,यह एक सामान्य अपडेट है।,neutral,hi,amazon,health
3979,मुझे आपकी सच में बहुत परवाह है।,love,hi,google_reviews,technology
744,सब कुछ योजना के अनुसार चल रहा है।,neutral,hi,amazon,education
4727,मैं इसे लेकर बहुत उलझन में हूँ।,confusion,hi,amazon,entertainment
3544,मैं इस पल का पूरा आनंद ले रहा हूँ।,joy,hi,twitter,education
1977,Everything feels bright and positive right now.,happy,en,news,shopping
1691,आज मैं बहुत खुश महसूस कर रहा हूँ।,happy,hi,reddit,health
817,सब कुछ योजना के अनुसार चल रहा है।,neutral,hi,reddit,technology
3666,यह मेरे लिए बहुत मायने रखता है।,love,hi,reddit,shopping
2641,Nothing seems to be going right.,sad,en,news,education
3328,यह पल मुझे बहुत खुशी दे रहा है।,joy,hi,amazon,shopping
1881,सब कुछ आज बहुत सकारात्मक लग रहा है।,happy,hi,amazon,entertainment
1054,सब कुछ योजना के अनुसार चल रहा है।,neutral,hi,twitter,health
2896,I can't believe this happened again.,angry,en,amazon,technology
1575,I feel really happy about how things turned out today.,happy,en,google_reviews,technology
539,कार्यक्रम योजना के अनुसार हुआ।,neutral,hi,reddit,technology
1097,The event took place as scheduled.,neutral,en,twitter,education
1401,यह देखकर मेरा दिन अच्छा बन गया।,happy,hi,amazon,entertainment
4911,This is getting very annoying.,frustration,en,twitter,education
4770,मुझे समझ नहीं आ रहा कि इसका क्या मतलब है।,confusion,hi,reddit,education
4353,मेरे अंदर बहुत उत्साह है।,anticipation,hi,news,entertainment
3962,मुझे आपकी सच में बहुत परवाह है।,love,hi,amazon,health
1578,Everything feels bright and positive right now.,happy,en,twitter,technology
4260,I am really looking forward to what comes next.,anticipation,en,google_reviews,shopping
4039,I keep worrying about the future.,fear,en,amazon,entertainment
3761,My heart feels full right now.,love,en,amazon,technology
2393,Nothing seems to be going right.,sad,en,news,shopping
1915,This made my day so much better.,happy,en,news,education
1132,Everything is proceeding as planned.,neutral,en,reddit,shopping
3238,I am very angry about what happened.,angry,en,reddit,health
2295,I feel really low and tired today.,sad,en,news,entertainment
4951,"Wow, this is unexpected.",surprise,en,reddit,technology
3366,Everything feels perfect right now.,joy,en,amazon,education
1248,The event took place as scheduled.,neutral,en,twitter,education
1478,Everything feels bright and positive right now.,happy,en,reddit,entertainment
317,This is a regular update.,neutral,en,twitter,education
3406,I am enjoying every second of this.,joy,en,news,health
4296,मुझे इसका बहुत बेसब्री से इंतजार है।,anticipation,hi,news,health
54,Everything is proceeding as planned.,neutral,en,news,technology
4800,मुझे समझ नहीं आ रहा कि इसका क्या मतलब है।,confusion,hi,reddit,shopping
3670,I truly care about you.,love,en,amazon,entertainment
2477,I feel really low and tired today.,sad,en,news,health
471,This is a regular update.,neutral,en,twitter,entertainment
1283,Everything feels bright and positive right now.,happy,en,google_reviews,education
2259,आज का दिन मेरे लिए बहुत मुश्किल रहा।,sad,hi,reddit,shopping
4344,There is a lot of excitement inside me.,anticipation,en,twitter,entertainment
4543,मुझे आपकी बात पर भरोसा है।,trust,hi,twitter,technology
1316,आज मैं बहुत खुश महसूस कर रहा हूँ।,happy,hi,news,entertainment
74,Everything is proceeding as planned.,neutral,en,twitter,education
1229,This is a regular update.,neutral,en,news,health
3743,यह मेरे लिए बहुत मायने रखता है।,love,hi,reddit,education
2015,आज का दिन मेरे लिए बहुत मुश्किल रहा।,sad,hi,news,technology
4974,मुझे इसकी बिल्कुल उम्मीद नहीं थी।,surprise,hi,twitter,health
1517,यह देखकर मेरा दिन अच्छा बन गया।,happy,hi,google_reviews,shopping
105,सब कुछ योजना के अनुसार चल रहा है।,neutral,hi,reddit,health
4758,मुझे समझ नहीं आ रहा कि इसका क्या मतलब है।,confusion,hi,twitter,technology
3763,This means a lot to me.,love,en,twitter,technology
1716,यह देखकर मेरा दिन अच्छा बन गया।,happy,hi,google_reviews,technology
3988,My heart feels full right now.,love,en,amazon,health
2242,I feel really low and tired today.,sad,en,google_reviews,technology
3863,My heart feels full right now.,love,en,google_reviews,health
1857,I feel really happy about how things turned out today.,happy,en,news,education
4936,This is getting very annoying.,frustration,en,twitter,shopping
1383,This made my day so much better.,happy,en,twitter,health
4832,यह समझना बहुत मुश्किल है।,confusion,hi,news,technology
3245,I can't believe this happened again.,angry,en,amazon,shopping
3842,यह मेरे लिए बहुत मायने रखता है।,love,hi,reddit,shopping
3531,I am enjoying every second of this.,joy,en,twitter,health
4902,यह बहुत परेशान करने वाला हो रहा है।,frustration,hi,google_reviews,entertainment
3610,This moment brings me pure joy.,joy,en,google_reviews,health
262,कार्यक्रम योजना के अनुसार हुआ।,neutral,hi,reddit,technology
1963,This made my day so much better.,happy,en,google_reviews,shopping
4899,Nothing seems to be working.,frustration,en,google_reviews,education
4971,"Wow, this is unexpected.",surprise,en,reddit,entertainment
4150,I keep worrying about the future.,fear,en,reddit,health
2442,Nothing seems to be going right.,sad,en,twitter,health
2558,कुछ भी सही नहीं लग रहा है।,sad,hi,amazon,education
964,The event took place as scheduled.,neutral,en,amazon,technology
4712,यह समझना बहुत मुश्किल है।,confusion,hi,amazon,education
4242,यह स्थिति मुझे असुरक्षित महसूस कराती है।,fear,hi,google_reviews,health
2006,It's been a hard day for me.,sad,en,news,entertainment
2070,आज मैं बहुत उदास महसूस कर रहा हूँ।,sad,hi,twitter,technology
865,कार्यक्रम योजना के अनुसार हुआ।,neutral,hi,reddit,technology
482,This is a regular update.,neutral,en,amazon,shopping
2414,I feel really low and tired today.,sad,en,twitter,technology
206,This is a regular update.,neutral,en,news,health
2149,It's been a hard day for me.,sad,en,amazon,entertainment
4616,मुझे आपकी बात पर भरोसा है।,trust,hi,news,entertainment
1826,आज मैं बहुत खुश महसूस कर रहा हूँ।,happy,hi,reddit,shopping
3828,This means a lot to me.,love,en,amazon,entertainment
2496,आज मैं बहुत उदास महसूस कर रहा हूँ।,sad,hi,google_reviews,education
3103,I can't believe this happened again.,angry,en,amazon,health
2825,This is completely unacceptable.,angry,en,google_reviews,shopping
1423,यह देखकर मेरा दिन अच्छा बन गया।,happy,hi,twitter,technology
4963,मुझे इसकी बिल्कुल उम्मीद नहीं थी।,surprise,hi,reddit,education
4569,मुझे इस पर पूरा विश्वास है।,trust,hi,twitter,technology
2113,It's been a hard day for me.,sad,en,news,technology
576,The event took place as scheduled.,neutral,en,amazon,entertainment
23,सब कुछ योजना के अनुसार चल रहा है।,neutral,hi,reddit,education
4474,I am really looking forward to what comes next.,anticipation,en,reddit,technology
3444,Everything feels perfect right now.,joy,en,twitter,health
2364,कुछ भी सही नहीं लग रहा है।,sad,hi,twitter,health
3839,मुझे आपकी सच में बहुत परवाह है।,love,hi,amazon,health
3241,This is completely unacceptable.,angry,en,reddit,shopping
1301,आज मैं बहुत खुश महसूस कर रहा हूँ।,happy,hi,amazon,health
2757,I am very angry about what happened.,angry,en,news,technology
2343,कुछ भी सही नहीं लग रहा है।,sad,hi,twitter,education
3976,मुझे आपकी सच में बहुत परवाह है।,love,hi,amazon,education
4010,I keep worrying about the future.,fear,en,google_reviews,health
578,यह एक सामान्य अपडेट है।,neutral,hi,amazon,education
4558,I feel confident about this.,trust,en,reddit,education
2112,It's been a hard day for me.,sad,en,amazon,health
445,The event took place as scheduled.,neutral,en,twitter,entertainment
3882,This means a lot to me.,love,en,news,shopping
1692,I feel really happy about how things turned out today.,happy,en,google_reviews,technology
894,कार्यक्रम योजना के अनुसार हुआ।,neutral,hi,news,entertainment
2563,आज का दिन मेरे लिए बहुत मुश्किल रहा।,sad,hi,twitter,entertainment
4247,I am scared about what might happen next.,fear,en,google_reviews,health
4662,I believe in what you are saying.,trust,en,news,shopping
1526,This made my day so much better.,happy,en,news,entertainment
1830,Everything feels bright and positive right now.,happy,en,reddit,entertainment
426,The event took place as scheduled.,neutral,en,google_reviews,shopping
2201,I feel really low and tired today.,sad,en,twitter,health
1129,सब कुछ योजना के अनुसार चल रहा है।,neutral,hi,google_reviews,technology
1673,I feel really happy about how things turned out today.,happy,en,google_reviews,education
3625,I am enjoying every second of this.,joy,en,amazon,entertainment
4709,I feel lost about this.,confusion,en,google_reviews,shopping
4751,मुझे समझ नहीं आ रहा कि इसका क्या मतलब है।,confusion,hi,amazon,shopping
3871,My heart feels full right now.,love,en,reddit,health
558,This is a regular update.,neutral,en,amazon,technology
1067,यह एक सामान्य अपडेट है।,neutral,hi,reddit,entertainment
3499,मैं इस पल का पूरा आनंद ले रहा हूँ।,joy,hi,reddit,technology
3057,I am very angry about what happened.,angry,en,reddit,entertainment
3640,This moment brings me pure joy.,joy,en,reddit,shopping
1741,I feel really happy about how things turned out today.,happy,en,reddit,entertainment
1432,सब कुछ आज बहुत सकारात्मक लग रहा है।,happy,hi,twitter,education
1469,यह देखकर मेरा दिन अच्छा बन गया।,happy,hi,news,shopping
867,This is a regular update.,neutral,en,reddit,shopping
1107,The event took place as scheduled.,neutral,en,twitter,health
2895,This is completely unacceptable.,angry,en,google_reviews,education
3174,जो हुआ उससे मैं बहुत गुस्से में हूँ।,angry,hi,twitter,shopping
4340,मेरे अंदर बहुत उत्साह है।,anticipation,hi,google_reviews,entertainment
4769,I am not sure what this means.,confusion,en,twitter,entertainment
4121,I am scared about what might happen next.,fear,en,news,entertainment
1652,Everything feels bright and positive right now.,happy,en,twitter,technology
2464,I feel really low and tired today.,sad,en,twitter,entertainment
3567,I am enjoying every second of this.,joy,en,news,technology
2981,मुझे विश्वास नहीं हो रहा कि यह फिर से हुआ।,angry,hi,news,technology
193,यह एक सामान्य अपडेट है।,neutral,hi,twitter,health
2697,आज मैं बहुत उदास महसूस कर रहा हूँ।,sad,hi,google_reviews,entertainment
1381,यह देखकर मेरा दिन अच्छा बन गया।,happy,hi,twitter,technology
4824,I feel lost about this.,confusion,en,news,entertainment
2706,I feel really low and tired today.,sad,en,news,shopping
1761,आज मैं बहुत खुश महसूस कर रहा हूँ।,happy,hi,news,entertainment
3762,I truly care about you.,love,en,twitter,shopping
2154,I feel really low and tired today.,sad,en,news,technology
4387,मेरे अंदर बहुत उत्साह है।,anticipation,hi,news,shopping
2227,आज मैं बहुत उदास महसूस कर रहा हूँ।,sad,hi,twitter,technology
4385,I can't wait for this to happen.,anticipation,en,news,shopping
3706,मुझे आपकी सच में बहुत परवाह है।,love,hi,news,shopping
2785,जो हुआ उससे मैं बहुत गुस्से में हूँ।,angry,hi,reddit,technology
1846,I feel really happy about how things turned out today.,happy,en,news,technology
2603,Nothing seems to be going right.,sad,en,amazon,health
890,Everything is proceeding as planned.,neutral,en,news,education
3148,I can't believe this happened again.,angry,en,news,shopping
2282,आज का दिन मेरे लिए बहुत मुश्किल रहा।,sad,hi,google_reviews,entertainment
1635,आज मैं बहुत खुश महसूस कर रहा हूँ।,happy,hi,reddit,entertainment
2654,Nothing seems to be going right.,sad,en,amazon,education
3656,मुझे आपकी सच में बहुत परवाह है।,love,hi,amazon,education
115,यह एक सामान्य अपडेट है।,neutral,hi,amazon,health
2170,It's been a hard day for me.,sad,en,amazon,education
2057,आज मैं बहुत उदास महसूस कर रहा हूँ।,sad,hi,news,health
251,This is a regular update.,neutral,en,reddit,health
3273,Everything feels perfect right now.,joy,en,twitter,shopping
1913,आज मैं बहुत खुश महसूस कर रहा हूँ।,happy,hi,google_reviews,education
3009,जो हुआ उससे मैं बहुत गुस्से में हूँ।,angry,hi,amazon,entertainment
4327,I can't wait for this to happen.,anticipation,en,reddit,technology
3039,जो हुआ उससे मैं बहुत गुस्से में हूँ।,angry,hi,amazon,entertainment
145,Everything is proceeding as planned.,neutral,en,amazon,technology
1257,आज मैं बहुत खुश महसूस कर रहा हूँ।,happy,hi,amazon,entertainment
1867,यह देखकर मेरा दिन अच्छा बन गया।,happy,hi,amazon,health
41,The event took place as scheduled.,neutral,en,reddit,shopping
477,The event took place as scheduled.,neutral,en,twitter,shopping
2574,आज मैं बहुत उदास महसूस कर रहा हूँ।,sad,hi,news,health
1343,यह देखकर मेरा दिन अच्छा बन गया।,happy,hi,reddit,entertainment
4598,I believe in what you are saying.,trust,en,reddit,education
4144,मैं भविष्य को लेकर लगातार चिंतित हूँ।,fear,hi,reddit,health
2680,It's been a hard day for me.,sad,en,google_reviews,shopping
3482,यह पल मुझे बहुत खुशी दे रहा है।,joy,hi,news,education
1206,कार्यक्रम योजना के अनुसार हुआ।,neutral,hi,google_reviews,entertainment
1091,This is a regular update.,neutral,en,news,shopping
532,The event took place as scheduled.,neutral,en,twitter,technology
1844,Everything feels bright and positive right now.,happy,en,reddit,education
3785,मुझे आपकी सच में बहुत परवाह है।,love,hi,google_reviews,education
3076,जो हुआ उससे मैं बहुत गुस्से में हूँ।,angry,hi,reddit,entertainment
4182,This situation makes me feel unsafe.,fear,en,twitter,health
1096,सब कुछ योजना के अनुसार चल रहा है।,neutral,hi,amazon,entertainment
1683,सब कुछ आज बहुत सकारात्मक लग रहा है।,happy,hi,amazon,education
4294,मुझे इसका बहुत बेसब्री से इंतजार है।,anticipation,hi,news,technology
2875,This is completely unacceptable.,angry,en,twitter,health
2269,कुछ भी सही नहीं लग रहा है।,sad,hi,reddit,entertainment
4014,I am scared about what might happen next.,fear,en,twitter,technology
2889,This is completely unacceptable.,angry,en,google_reviews,education
1092,यह एक सामान्य अपडेट है।,neutral,hi,twitter,health
2255,It's been a hard day for me.,sad,en,news,shopping
1671,Everything feels bright and positive right now.,happy,en,amazon,health
205,This is a regular update.,neutral,en,reddit,shopping
2156,कुछ भी सही नहीं लग रहा है।,sad,hi,amazon,education
444,Everything is proceeding as planned.,neutral,en,amazon,health
2567,आज का दिन मेरे लिए बहुत मुश्किल रहा।,sad,hi,twitter,entertainment
2002,It's been a hard day for me.,sad,en,amazon,health
3999,यह मेरे लिए बहुत मायने रखता है।,love,hi,reddit,health
4403,There is a lot of excitement inside me.,anticipation,en,news,education
4037,मैं भविष्य को लेकर लगातार चिंतित हूँ।,fear,hi,news,entertainment
2989,I am very angry about what happened.,angry,en,news,shopping
2512,आज मैं बहुत उदास महसूस कर रहा हूँ।,sad,hi,news,shopping
2273,Nothing seems to be going right.,sad,en,reddit,technology
2458,Nothing seems to be going right.,sad,en,google_reviews,health
1594,सब कुछ आज बहुत सकारात्मक लग रहा है।,happy,hi,reddit,technology
3167,यह बिल्कुल भी स्वीकार्य नहीं है।,angry,hi,news,education
3987,This means a lot to me.,love,en,amazon,health
4684,मुझे इस पर पूरा विश्वास है।,trust,hi,amazon,shopping
4159,This situation makes me feel unsafe.,fear,en,google_reviews,education
4323,I am really looking forward to what comes next.,anticipation,en,reddit,education
3358,I am enjoying every second of this.,joy,en,twitter,education
878,The event took place as scheduled.,neutral,en,news,shopping
2960,मुझे विश्वास नहीं हो रहा कि यह फिर से हुआ।,angry,hi,news,entertainment
4402,मैं आगे क्या होगा इसका इंतजार कर रहा हूँ।,anticipation,hi,amazon,technology
4920,मैं बार-बार कोशिश कर रहा हूँ लेकिन असफल हो रहा हूँ।,frustration,hi,news,technology
2599,It's been a hard day for me.,sad,en,news,education
4304,I can't wait for this to happen.,anticipation,en,twitter,entertainment
1802,Everything feels bright and positive right now.,happy,en,amazon,education
2682,It's been a hard day for me.,sad,en,google_reviews,technology
3151,मुझे विश्वास नहीं हो रहा कि यह फिर से हुआ।,angry,hi,news,education
3263,सब कुछ अभी परफेक्ट लग रहा है।,joy,hi,twitter,technology
1720,यह देखकर मेरा दिन अच्छा बन गया।,happy,hi,twitter,shopping
2194,आज का दिन मेरे लिए बहुत मुश्किल रहा।,sad,hi,twitter,health
2858,I am very angry about what happened.,angry,en,twitter,entertainment
1192,कार्यक्रम योजना के अनुसार हुआ।,neutral,hi,google_reviews,health
2064,आज मैं बहुत उदास महसूस कर रहा हूँ।,sad,hi,amazon,shopping
4628,I feel confident about this.,trust,en,google_reviews,shopping
4019,This situation makes me feel unsafe.,fear,en,google_reviews,technology
4999,"Wow, this is unexpected.",surprise,en,news,technology
970,Everything is proceeding as planned.,neutral,en,reddit,technology
2044,कुछ भी सही नहीं लग रहा है।,sad,hi,google_reviews,health
3630,यह पल मुझे बहुत खुशी दे रहा है।,joy,hi,amazon,education
4626,मुझे आपकी बात पर भरोसा है।,trust,hi,reddit,education
1071,कार्यक्रम योजना के अनुसार हुआ।,neutral,hi,reddit,technology
4520,I believe in what you are saying.,trust,en,amazon,technology
3958,My heart feels full right now.,love,en,twitter,health
1099,The event took place as scheduled.,neutral,en,twitter,technology
715,Everything is proceeding as planned.,neutral,en,google_reviews,technology
3984,I truly care about you.,love,en,twitter,technology
2437,Nothing seems to be going right.,sad,en,twitter,entertainment
3870,This means a lot to me.,love,en,news,shopping
3312,Everything feels perfect right now.,joy,en,reddit,health
1406,I feel really happy about how things turned out today.,happy,en,google_reviews,technology
4073,This situation makes me feel unsafe.,fear,en,google_reviews,shopping
2217,It's been a hard day for me.,sad,en,amazon,health
4428,I can't wait for this to happen.,anticipation,en,amazon,education
1176,यह एक सामान्य अपडेट है।,neutral,hi,reddit,technology
3561,मैं इस पल का पूरा आनंद ले रहा हूँ।,joy,hi,news,entertainment
321,The event took place as scheduled.,neutral,en,reddit,shopping
3946,I truly care about you.,love,en,news,technology
300,This is a regular update.,neutral,en,amazon,education
2622,I feel really low and tired today.,sad,en,reddit,health
1302,I feel really happy about how things turned out today.,happy,en,news,shopping
1369,I feel really happy about how things turned out today.,happy,en,reddit,entertainment
3881,मुझे आपकी सच में बहुत परवाह है।,love,hi,twitter,shopping
3929,यह मेरे लिए बहुत मायने रखता है।,love,hi,twitter,technology
1266,सब कुछ आज बहुत सकारात्मक लग रहा है।,happy,hi,reddit,shopping
3121,मुझे विश्वास नहीं हो रहा कि यह फिर से हुआ।,angry,hi,reddit,entertainment
491,कार्यक्रम योजना के अनुसार हुआ।,neutral,hi,news,education
1070,The event took place as scheduled.,neutral,en,news,health
402,कार्यक्रम योजना के अनुसार हुआ।,neutral,hi,twitter,shopping
2615,Nothing seems to be going right.,sad,en,reddit,technology
1905,I feel really happy about how things turned out today.,happy,en,twitter,entertainment
2032,कुछ भी सही नहीं लग रहा है।,sad,hi,twitter,education
3244,मुझे विश्वास नहीं हो रहा कि यह फिर से हुआ।,angry,hi,google_reviews,technology
2506,आज का दिन मेरे लिए बहुत मुश्किल रहा।,sad,hi,amazon,health
1561,यह देखकर मेरा दिन अच्छा बन गया।,happy,hi,amazon,shopping
2222,कुछ भी सही नहीं लग रहा है।,sad,hi,news,shopping
4862,यह बहुत परेशान करने वाला हो रहा है।,frustration,hi,twitter,shopping
4783,यह समझना बहुत मुश्किल है।,confusion,hi,news,entertainment
525,This is a regular update.,neutral,en,news,entertainment
648,सब कुछ योजना के अनुसार चल रहा है।,neutral,hi,news,entertainment
2595,कुछ भी सही नहीं लग रहा है।,sad,hi,reddit,technology
943,The event took place as scheduled.,neutral,en,amazon,technology
1941,I feel really happy about how things turned out today.,happy,en,reddit,technology
3563,This moment brings me pure joy.,joy,en,twitter,shopping
2951,जो हुआ उससे मैं बहुत गुस्से में हूँ।,angry,hi,google_reviews,entertainment
1509,यह देखकर मेरा दिन अच्छा बन गया।,happy,hi,twitter,health
3020,This is completely unacceptable.,angry,en,news,education
2103,आज का दिन मेरे लिए बहुत मुश्किल रहा।,sad,hi,amazon,health
3661,मुझे आपकी सच में बहुत परवाह है।,love,hi,google_reviews,technology
2509,I feel really low and tired today.,sad,en,news,technology
1979,आज मैं बहुत खुश महसूस कर रहा हूँ।,happy,hi,news,technology
1695,सब कुछ आज बहुत सकारात्मक लग रहा है।,happy,hi,google_reviews,technology
3089,I can't believe this happened again.,angry,en,google_reviews,shopping
3085,I can't believe this happened again.,angry,en,reddit,entertainment
3704,यह मेरे लिए बहुत मायने रखता है।,love,hi,twitter,shopping
3424,I am enjoying every second of this.,joy,en,reddit,education
1347,This made my day so much better.,happy,en,reddit,entertainment
1485,आज मैं बहुत खुश महसूस कर रहा हूँ।,happy,hi,twitter,entertainment
1050,यह एक सामान्य अपडेट है।,neutral,hi,twitter,health
4998,I did not expect this at all.,surprise,en,amazon,education
1385,Everything feels bright and positive right now.,happy,en,amazon,entertainment
4009,यह स्थिति मुझे असुरक्षित महसूस कराती है।,fear,hi,google_reviews,education
1501,आज मैं बहुत खुश महसूस कर रहा हूँ।,happy,hi,google_reviews,shopping
4025,I keep worrying about the future.,fear,en,google_reviews,technology
2069,Nothing seems to be going right.,sad,en,amazon,education
3488,सब कुछ अभी परफेक्ट लग रहा है।,joy,hi,reddit,technology
1637,यह देखकर मेरा दिन अच्छा बन गया।,happy,hi,amazon,technology
3889,My heart feels full right now.,love,en,amazon,education
2748,आज का दिन मेरे लिए बहुत मुश्किल रहा।,sad,hi,news,entertainment
1411,Everything feels bright and positive right now.,happy,en,google_reviews,health
4105,यह स्थिति मुझे असुरक्षित महसूस कराती है।,fear,hi,twitter,health
3634,यह पल मुझे बहुत खुशी दे रहा है।,joy,hi,amazon,health
2924,जो हुआ उससे मैं बहुत गुस्से में हूँ।,angry,hi,news,education
1685,I feel really happy about how things turned out today.,happy,en,amazon,shopping
1080,Everything is proceeding as planned.,neutral,en,news,entertainment
3830,मुझे आपकी सच में बहुत परवाह है।,love,hi,google_reviews,health
3318,This moment brings me pure joy.,joy,en,amazon,shopping
4401,मुझे इसका बहुत बेसब्री से इंतजार है।,anticipation,hi,amazon,health
4533,मुझे आपकी बात पर भरोसा है।,trust,hi,reddit,technology
533,Everything is proceeding as planned.,neutral,en,amazon,entertainment
4381,I can't wait for this to happen.,anticipation,en,amazon,entertainment
3252,I am enjoying every second of this.,joy,en,twitter,health
98,Everything is proceeding as planned.,neutral,en,twitter,entertainment
3423,Everything feels perfect right now.,joy,en,news,entertainment
3837,मुझे आपकी सच में बहुत परवाह है।,love,hi,reddit,education
3479,यह पल मुझे बहुत खुशी दे रहा है।,joy,hi,google_reviews,education
1141,Everything is proceeding as planned.,neutral,en,twitter,entertainment
1848,आज मैं बहुत खुश महसूस कर रहा हूँ।,happy,hi,reddit,entertainment
1677,This made my day so much better.,happy,en,news,technology
1213,Everything is proceeding as planned.,neutral,en,twitter,health
2750,I feel really low and tired today.,sad,en,google_reviews,health
557,The event took place as scheduled.,neutral,en,news,education
2383,आज का दिन मेरे लिए बहुत मुश्किल रहा।,sad,hi,amazon,technology
1307,This made my day so much better.,happy,en,amazon,technology
3806,I truly care about you.,love,en,google_reviews,entertainment
468,Everything is proceeding as planned.,neutral,en,google_reviews,education
651,This is a regular update.,neutral,en,news,health
3310,I am enjoying every second of this.,joy,en,amazon,shopping
4508,I believe in what you are saying.,trust,en,twitter,entertainment
2676,It's been a hard day for me.,sad,en,twitter,health
4522,यह मुझे सुरक्षित महसूस कराता है।,trust,hi,amazon,technology
853,यह एक सामान्य अपडेट है।,neutral,hi,reddit,education
4906,Nothing seems to be working.,frustration,en,amazon,shopping
3616,Everything feels perfect right now.,joy,en,amazon,health
4283,I can't wait for this to happen.,anticipation,en,google_reviews,shopping
3335,सब कुछ अभी परफेक्ट लग रहा है।,joy,hi,twitter,shopping
2745,It's been a hard day for me.,sad,en,amazon,shopping
1546,I feel really happy about how things turned out today.,happy,en,news,education
937,कार्यक्रम योजना के अनुसार हुआ।,neutral,hi,amazon,technology
2591,I feel really low and tired today.,sad,en,news,health
629,यह एक सामान्य अपडेट है।,neutral,hi,reddit,shopping
2145,कुछ भी सही नहीं लग रहा है।,sad,hi,reddit,health
473,This is a regular update.,neutral,en,amazon,technology
4996,I did not expect this at all.,surprise,en,reddit,education
1163,सब कुछ योजना के अनुसार चल रहा है।,neutral,hi,twitter,health
2430,आज का दिन मेरे लिए बहुत मुश्किल रहा।,sad,hi,google_reviews,technology
1553,Everything feels bright and positive right now.,happy,en,reddit,health
2787,यह बिल्कुल भी स्वीकार्य नहीं है।,angry,hi,reddit,shopping
1203,Everything is proceeding as planned.,neutral,en,reddit,technology
4184,I am scared about what might happen next.,fear,en,google_reviews,technology
737,सब कुछ योजना के अनुसार चल रहा है।,neutral,hi,google_reviews,entertainment
2501,आज मैं बहुत उदास महसूस कर रहा हूँ।,sad,hi,reddit,shopping
784,Everything is proceeding as planned.,neutral,en,twitter,education
2954,This is completely unacceptable.,angry,en,twitter,technology
1543,आज मैं बहुत खुश महसूस कर रहा हूँ।,happy,hi,twitter,education
4254,I can't wait for this to happen.,anticipation,en,reddit,health
3711,I truly care about you.,love,en,amazon,technology
2614,आज मैं बहुत उदास महसूस कर रहा हूँ।,sad,hi,news,education
1259,यह देखकर मेरा दिन अच्छा बन गया।,happy,hi,twitter,technology
1015,कार्यक्रम योजना के अनुसार हुआ।,neutral,hi,amazon,entertainment
4620,यह मुझे सुरक्षित महसूस कराता है।,trust,hi,reddit,technology
352,कार्यक्रम योजना के अनुसार हुआ।,neutral,hi,google_reviews,education
2995,जो हुआ उससे मैं बहुत गुस्से में हूँ।,angry,hi,amazon,education
4011,This situation makes me feel unsafe.,fear,en,news,education
2480,I feel really low and tired today.,sad,en,twitter,education
684,This is a regular update.,neutral,en,reddit,health
3314,यह पल मुझे बहुत खुशी दे रहा है।,joy,hi,reddit,shopping
4914,Nothing seems to be working.,frustration,en,google_reviews,shopping
4136,I am scared about what might happen next.,fear,en,amazon,shopping
946,This is a regular update.,neutral,en,amazon,entertainment
590,Everything is proceeding as planned.,neutral,en,amazon,health
2527,Nothing seems to be going right.,sad,en,reddit,technology
130,The event took place as scheduled.,neutral,en,amazon,education
3189,This is completely unacceptable.,angry,en,twitter,health
3127,I can't believe this happened again.,angry,en,reddit,education
34,Everything is proceeding as planned.,neutral,en,amazon,education
3880,My heart feels full right now.,love,en,reddit,technology
182,Everything is proceeding as planned.,neutral,en,reddit,shopping
1086,सब कुछ योजना के अनुसार चल रहा है।,neutral,hi,reddit,entertainment
3448,मैं इस पल का पूरा आनंद ले रहा हूँ।,joy,hi,google_reviews,entertainment
4309,There is a lot of excitement inside me.,anticipation,en,news,health
4945,Nothing seems to be working.,frustration,en,google_reviews,technology
2087,I feel really low and tired today.,sad,en,news,health
1508,आज मैं बहुत खुश महसूस कर रहा हूँ।,happy,hi,amazon,education
2967,मुझे विश्वास नहीं हो रहा कि यह फिर से हुआ।,angry,hi,amazon,education
4391,I can't wait for this to happen.,anticipation,en,news,entertainment
4577,I feel confident about this.,trust,en,amazon,education
2914,जो हुआ उससे मैं बहुत गुस्से में हूँ।,angry,hi,twitter,entertainment
2753,यह बिल्कुल भी स्वीकार्य नहीं है।,angry,hi,reddit,education
3945,यह मेरे लिए बहुत मायने रखता है।,love,hi,twitter,education
3744,मुझे आपकी सच में बहुत परवाह है।,love,hi,google_reviews,shopping
3130,I am very angry about what happened.,angry,en,reddit,entertainment
2984,This is completely unacceptable.,angry,en,news,shopping
2783,This is completely unacceptable.,angry,en,google_reviews,health
404,Everything is proceeding as planned.,neutral,en,google_reviews,shopping
2325,I feel really low and tired today.,sad,en,twitter,shopping
347,यह एक सामान्य अपडेट है।,neutral,hi,twitter,education
3836,I truly care about you.,love,en,news,education
2588,I feel really low and tired today.,sad,en,news,education
33,कार्यक्रम योजना के अनुसार हुआ।,neutral,hi,news,education
465,कार्यक्रम योजना के अनुसार हुआ।,neutral,hi,amazon,health
4022,यह स्थिति मुझे असुरक्षित महसूस कराती है।,fear,hi,reddit,education
3384,This moment brings me pure joy.,joy,en,google_reviews,entertainment
4395,मेरे अंदर बहुत उत्साह है।,anticipation,hi,google_reviews,health
3069,I can't believe this happened again.,angry,en,google_reviews,health
3740,My heart feels full right now.,love,en,news,education
2820,यह बिल्कुल भी स्वीकार्य नहीं है।,angry,hi,twitter,education
4091,I am scared about what might happen next.,fear,en,amazon,education
938,सब कुछ योजना के अनुसार चल रहा है।,neutral,hi,news,education
2436,It's been a hard day for me.,sad,en,news,technology
4917,यह बहुत परेशान करने वाला हो रहा है।,frustration,hi,news,health
1026,कार्यक्रम योजना के अनुसार हुआ।,neutral,hi,google_reviews,shopping
3322,यह पल मुझे बहुत खुशी दे रहा है।,joy,hi,reddit,education
3180,I am very angry about what happened.,angry,en,amazon,technology
2571,It's been a hard day for me.,sad,en,amazon,entertainment
668,सब कुछ योजना के अनुसार चल रहा है।,neutral,hi,news,health
2235,It's been a hard day for me.,sad,en,news,entertainment
3158,This is completely unacceptable.,angry,en,twitter,education
859,कार्यक्रम योजना के अनुसार हुआ।,neutral,hi,amazon,education
720,This is a regular update.,neutral,en,reddit,technology
2135,आज मैं बहुत उदास महसूस कर रहा हूँ।,sad,hi,twitter,shopping
2883,यह बिल्कुल भी स्वीकार्य नहीं है।,angry,hi,amazon,entertainment
4263,I am really looking forward to what comes next.,anticipation,en,amazon,entertainment
2932,I am very angry about what happened.,angry,en,news,technology
452,Everything is proceeding as planned.,neutral,en,twitter,technology
3398,This moment brings me pure joy.,joy,en,amazon,education
4883,This is getting very annoying.,frustration,en,amazon,shopping
4062,मैं भविष्य को लेकर लगातार चिंतित हूँ।,fear,hi,google_reviews,shopping
4448,मेरे अंदर बहुत उत्साह है।,anticipation,hi,reddit,education
2331,आज मैं बहुत उदास महसूस कर रहा हूँ।,sad,hi,google_reviews,education
3022,I can't believe this happened again.,angry,en,twitter,shopping
52,This is a regular update.,neutral,en,twitter,technology
3465,I am enjoying every second of this.,joy,en,news,entertainment
1292,I feel really happy about how things turned out today.,happy,en,amazon,health
431,The event took place as scheduled.,neutral,en,amazon,education
726,The event took place as scheduled.,neutral,en,twitter,shopping
3821,I truly care about you.,love,en,news,health
2991,जो हुआ उससे मैं बहुत गुस्से में हूँ।,angry,hi,twitter,technology
1261,यह देखकर मेरा दिन अच्छा बन गया।,happy,hi,amazon,education
2900,मुझे विश्वास नहीं हो रहा कि यह फिर से हुआ।,angry,hi,amazon,technology
613,Everything is proceeding as planned.,neutral,en,google_reviews,education
1417,Everything feels bright and positive right now.,happy,en,news,technology
568,यह एक सामान्य अपडेट है।,neutral,hi,news,shopping
3192,मुझे विश्वास नहीं हो रहा कि यह फिर से हुआ।,angry,hi,twitter,shopping
2712,आज मैं बहुत उदास महसूस कर रहा हूँ।,sad,hi,amazon,entertainment
4556,I believe in what you are saying.,trust,en,amazon,education
3551,यह पल मुझे बहुत खुशी दे रहा है।,joy,hi,news,health
3307,यह पल मुझे बहुत खुशी दे रहा है।,joy,hi,news,entertainment
2580,I feel really low and tired today.,sad,en,amazon,education
897,सब कुछ योजना के अनुसार चल रहा है।,neutral,hi,reddit,health
4682,यह मुझे सुरक्षित महसूस कराता है।,trust,hi,amazon,shopping
1502,This made my day so much better.,happy,en,news,technology
4214,मुझे आगे क्या होगा इसका डर लग रहा है।,fear,hi,news,health
3915,यह मेरे लिए बहुत मायने रखता है।,love,hi,google_reviews,health
3541,यह पल मुझे बहुत खुशी दे रहा है।,joy,hi,amazon,education
3838,This means a lot to me.,love,en,news,shopping
2848,I can't believe this happened again.,angry,en,twitter,shopping
1771,यह देखकर मेरा दिन अच्छा बन गया।,happy,hi,amazon,entertainment
528,सब कुछ योजना के अनुसार चल रहा है।,neutral,hi,google_reviews,entertainment
1441,यह देखकर मेरा दिन अच्छा बन गया।,happy,hi,reddit,technology
1876,आज मैं बहुत खुश महसूस कर रहा हूँ।,happy,hi,reddit,health
24,This is a regular update.,neutral,en,reddit,shopping
2426,I feel really low and tired today.,sad,en,amazon,education
3594,This moment brings me pure joy.,joy,en,reddit,technology
4965,"वाह, यह बिल्कुल अप्रत्याशित है।",surprise,hi,twitter,health
358,The event took place as scheduled.,neutral,en,reddit,education
1370,This made my day so much better.,happy,en,news,entertainment
1764,I feel really happy about how things turned out today.,happy,en,news,entertainment
309,सब कुछ योजना के अनुसार चल रहा है।,neutral,hi,news,technology
3165,मुझे विश्वास नहीं हो रहा कि यह फिर से हुआ।,angry,hi,news,technology
3647,I am enjoying every second of this.,joy,en,twitter,shopping
1714,यह देखकर मेरा दिन अच्छा बन गया।,happy,hi,google_reviews,shopping
3459,यह पल मुझे बहुत खुशी दे रहा है।,joy,hi,twitter,education
4881,I keep trying and failing.,frustration,en,amazon,technology
3287,मैं इस पल का पूरा आनंद ले रहा हूँ।,joy,hi,reddit,technology
1279,यह देखकर मेरा दिन अच्छा बन गया।,happy,hi,reddit,entertainment
1239,The event took place as scheduled.,neutral,en,twitter,technology
2830,जो हुआ उससे मैं बहुत गुस्से में हूँ।,angry,hi,twitter,education
4266,मैं आगे क्या होगा इसका इंतजार कर रहा हूँ।,anticipation,hi,amazon,entertainment
3643,यह पल मुझे बहुत खुशी दे रहा है।,joy,hi,google_reviews,technology
241,यह एक सामान्य अपडेट है।,neutral,hi,reddit,health
3001,यह बिल्कुल भी स्वीकार्य नहीं है।,angry,hi,google_reviews,entertainment
4146,I am scared about what might happen next.,fear,en,news,health
837,सब कुछ योजना के अनुसार चल रहा है।,neutral,hi,reddit,technology
836,Everything is proceeding as planned.,neutral,en,amazon,health
2650,कुछ भी सही नहीं लग रहा है।,sad,hi,twitter,education
306,Everything is proceeding as planned.,neutral,en,twitter,shopping
4230,I am scared about what might happen next.,fear,en,news,shopping
2315,आज मैं बहुत उदास महसूस कर रहा हूँ।,sad,hi,news,shopping
3487,यह पल मुझे बहुत खुशी दे रहा है।,joy,hi,google_reviews,technology
3509,यह पल मुझे बहुत खुशी दे रहा है।,joy,hi,amazon,technology
4163,मुझे आगे क्या होगा इसका डर लग रहा है।,fear,hi,twitter,health
1892,This made my day so much better.,happy,en,reddit,technology
126,कार्यक्रम योजना के अनुसार हुआ।,neutral,hi,twitter,shopping
3451,Everything feels perfect right now.,joy,en,amazon,shopping
3589,I am enjoying every second of this.,joy,en,amazon,education
4419,मेरे अंदर बहुत उत्साह है।,anticipation,hi,reddit,shopping
1035,The event took place as scheduled.,neutral,en,google_reviews,entertainment
3004,यह बिल्कुल भी स्वीकार्य नहीं है।,angry,hi,google_reviews,shopping
1621,यह देखकर मेरा दिन अच्छा बन गया।,happy,hi,google_reviews,shopping
3025,I am very angry about what happened.,angry,en,twitter,entertainment
3660,This means a lot to me.,love,en,google_reviews,technology
4833,This is hard to understand.,confusion,en,twitter,entertainment
1113,कार्यक्रम योजना के अनुसार हुआ।,neutral,hi,news,health
1139,यह एक सामान्य अपडेट है।,neutral,hi,twitter,education
1256,यह देखकर मेरा दिन अच्छा बन गया।,happy,hi,reddit,technology
2656,I feel really low and tired today.,sad,en,reddit,shopping
2029,कुछ भी सही नहीं लग रहा है।,sad,hi,news,health
655,The event took place as scheduled.,neutral,en,google_reviews,education
4877,I keep trying and failing.,frustration,en,google_reviews,technology
2297,कुछ भी सही नहीं लग रहा है।,sad,hi,twitter,technology
1931,I feel really happy about how things turned out today.,happy,en,google_reviews,education
2526,Nothing seems to be going right.,sad,en,amazon,health
3964,मेरा दिल अभी बहुत खुश महसूस कर रहा है।,love,hi,reddit,entertainment
1306,सब कुछ आज बहुत सकारात्मक लग रहा है।,happy,hi,amazon,technology
4462,I am really looking forward to what comes next.,anticipation,en,news,technology
156,कार्यक्रम योजना के अनुसार हुआ।,neutral,hi,twitter,shopping
575,कार्यक्रम योजना के अनुसार हुआ।,neutral,hi,reddit,shopping
1836,Everything feels bright and positive right now.,happy,en,google_reviews,technology
814,Everything is proceeding as planned.,neutral,en,reddit,shopping
933,The event took place as scheduled.,neutral,en,twitter,health
1790,आज मैं बहुत खुश महसूस कर रहा हूँ।,happy,hi,amazon,entertainment
4079,I am scared about what might happen next.,fear,en,amazon,technology
908,Everything is proceeding as planned.,neutral,en,google_reviews,shopping
322,This is a regular update.,neutral,en,google_reviews,health
1817,Everything feels bright and positive right now.,happy,en,reddit,entertainment
4670,I feel confident about this.,trust,en,twitter,shopping
1567,सब कुछ आज बहुत सकारात्मक लग रहा है।,happy,hi,news,technology
1971,This made my day so much better.,happy,en,reddit,education
1135,This is a regular update.,neutral,en,reddit,health
3292,यह पल मुझे बहुत खुशी दे रहा है।,joy,hi,amazon,education
3255,This moment brings me pure joy.,joy,en,news,entertainment
2513,I feel really low and tired today.,sad,en,google_reviews,entertainment
4910,कुछ भी सही से काम नहीं कर रहा है।,frustration,hi,reddit,entertainment
4845,मैं इसे लेकर बहुत उलझन में हूँ।,confusion,hi,google_reviews,shopping
1686,This made my day so much better.,happy,en,reddit,shopping
3142,मुझे विश्वास नहीं हो रहा कि यह फिर से हुआ।,angry,hi,news,shopping
3290,This moment brings me pure joy.,joy,en,reddit,entertainment
2840,I am very angry about what happened.,angry,en,news,technology
4433,मेरे अंदर बहुत उत्साह है।,anticipation,hi,reddit,entertainment
2177,आज का दिन मेरे लिए बहुत मुश्किल रहा।,sad,hi,twitter,health
1548,यह देखकर मेरा दिन अच्छा बन गया।,happy,hi,twitter,health
902,Everything is proceeding as planned.,neutral,en,google_reviews,technology
4562,I feel confident about this.,trust,en,google_reviews,health
1033,Everything is proceeding as planned.,neutral,en,google_reviews,shopping
2040,It's been a hard day for me.,sad,en,reddit,technology
1190,यह एक सामान्य अपडेट है।,neutral,hi,google_reviews,technology
3242,This is completely unacceptable.,angry,en,reddit,shopping
4924,मैं बार-बार कोशिश कर रहा हूँ लेकिन असफल हो रहा हूँ।,frustration,hi,reddit,health
3858,मेरा दिल अभी बहुत खुश महसूस कर रहा है।,love,hi,amazon,health
2990,जो हुआ उससे मैं बहुत गुस्से में हूँ।,angry,hi,reddit,health
86,This is a regular update.,neutral,en,news,education
3713,This means a lot to me.,love,en,news,technology
4033,I keep worrying about the future.,fear,en,twitter,education
4675,I believe in what you are saying.,trust,en,news,education
829,कार्यक्रम योजना के अनुसार हुआ।,neutral,hi,google_reviews,education
2429,Nothing seems to be going right.,sad,en,google_reviews,health
3801,मेरा दिल अभी बहुत खुश महसूस कर रहा है।,love,hi,twitter,technology
2312,कुछ भी सही नहीं लग रहा है।,sad,hi,twitter,entertainment
2741,कुछ भी सही नहीं लग रहा है।,sad,hi,twitter,health
1118,यह एक सामान्य अपडेट है।,neutral,hi,google_reviews,health
4494,There is a lot of excitement inside me.,anticipation,en,twitter,shopping
2959,I am very angry about what happened.,angry,en,news,technology
3138,I am very angry about what happened.,angry,en,amazon,education
2846,I am very angry about what happened.,angry,en,amazon,shopping
3826,मेरा दिल अभी बहुत खुश महसूस कर रहा है।,love,hi,amazon,education
393,This is a regular update.,neutral,en,twitter,shopping
4103,I keep worrying about the future.,fear,en,amazon,technology
2985,This is completely unacceptable.,angry,en,reddit,entertainment
2601,आज मैं बहुत उदास महसूस कर रहा हूँ।,sad,hi,reddit,technology
4342,मुझे इसका बहुत बेसब्री से इंतजार है।,anticipation,hi,amazon,technology
2997,I am very angry about what happened.,angry,en,twitter,health
4915,This is getting very annoying.,frustration,en,twitter,entertainment
2699,I feel really low and tired today.,sad,en,amazon,health
474,सब कुछ योजना के अनुसार चल रहा है।,neutral,hi,news,technology
1219,यह एक सामान्य अपडेट है।,neutral,hi,news,shopping
415,यह एक सामान्य अपडेट है।,neutral,hi,twitter,entertainment
2026,आज का दिन मेरे लिए बहुत मुश्किल रहा।,sad,hi,twitter,shopping
2213,कुछ भी सही नहीं लग रहा है।,sad,hi,reddit,health
4980,यह मेरे लिए बहुत बड़ा आश्चर्य था।,surprise,hi,news,technology
4696,यह मुझे सुरक्षित महसूस कराता है।,trust,hi,reddit,health
4663,I believe in what you are saying.,trust,en,google_reviews,education
4195,I am scared about what might happen next.,fear,en,amazon,entertainment
2746,Nothing seems to be going right.,sad,en,amazon,technology
3200,I can't believe this happened again.,angry,en,amazon,entertainment
2224,It's been a hard day for me.,sad,en,amazon,education
1318,आज मैं बहुत खुश महसूस कर रहा हूँ।,happy,hi,news,shopping
1245,Everything is proceeding as planned.,neutral,en,reddit,technology
3271,सब कुछ अभी परफेक्ट लग रहा है।,joy,hi,news,health
1024,Everything is proceeding as planned.,neutral,en,amazon,shopping
3573,सब कुछ अभी परफेक्ट लग रहा है।,joy,hi,reddit,entertainment
1918,This made my day so much better.,happy,en,news,entertainment
3528,यह पल मुझे बहुत खुशी दे रहा है।,joy,hi,news,health
1651,I feel really happy about how things turned out today.,happy,en,google_reviews,technology
123,The event took place as scheduled.,neutral,en,twitter,health
2608,कुछ भी सही नहीं लग रहा है।,sad,hi,reddit,entertainment
1148,कार्यक्रम योजना के अनुसार हुआ।,neutral,hi,twitter,education
2559,कुछ भी सही नहीं लग रहा है।,sad,hi,google_reviews,technology
1355,This made my day so much better.,happy,en,google_reviews,technology
2972,जो हुआ उससे मैं बहुत गुस्से में हूँ।,angry,hi,google_reviews,shopping
1448,यह देखकर मेरा दिन अच्छा बन गया।,happy,hi,twitter,entertainment
2243,I feel really low and tired today.,sad,en,twitter,health
3413,I am enjoying every second of this.,joy,en,reddit,education
2802,This is completely unacceptable.,angry,en,google_reviews,entertainment
3247,मुझे विश्वास नहीं हो रहा कि यह फिर से हुआ।,angry,hi,news,education
37,Everything is proceeding as planned.,neutral,en,twitter,technology
2158,It's been a hard day for me.,sad,en,news,education
4776,मैं इसे लेकर बहुत उलझन में हूँ।,confusion,hi,google_reviews,entertainment
2353,आज का दिन मेरे लिए बहुत मुश्किल रहा।,sad,hi,twitter,education
392,यह एक सामान्य अपडेट है।,neutral,hi,google_reviews,shopping
967,सब कुछ योजना के अनुसार चल रहा है।,neutral,hi,amazon,education
3070,मुझे विश्वास नहीं हो रहा कि यह फिर से हुआ।,angry,hi,twitter,education
1587,सब कुछ आज बहुत सकारात्मक लग रहा है।,happy,hi,news,technology
308,यह एक सामान्य अपडेट है।,neutral,hi,reddit,entertainment
2863,This is completely unacceptable.,angry,en,news,health
3873,यह मेरे लिए बहुत मायने रखता है।,love,hi,reddit,education
3939,This means a lot to me.,love,en,amazon,health
2218,आज मैं बहुत उदास महसूस कर रहा हूँ।,sad,hi,news,technology
2264,It's been a hard day for me.,sad,en,reddit,education
520,यह एक सामान्य अपडेट है।,neutral,hi,amazon,entertainment
2596,It's been a hard day for me.,sad,en,reddit,health
1003,यह एक सामान्य अपडेट है।,neutral,hi,google_reviews,technology
4176,यह स्थिति मुझे असुरक्षित महसूस कराती है।,fear,hi,amazon,technology
1728,यह देखकर मेरा दिन अच्छा बन गया।,happy,hi,google_reviews,entertainment
3926,This means a lot to me.,love,en,twitter,health
4290,There is a lot of excitement inside me.,anticipation,en,google_reviews,technology
586,Everything is proceeding as planned.,neutral,en,news,health
4090,I keep worrying about the future.,fear,en,twitter,education
36,Everything is proceeding as planned.,neutral,en,google_reviews,education
2835,यह बिल्कुल भी स्वीकार्य नहीं है।,angry,hi,amazon,entertainment
2094,आज मैं बहुत उदास महसूस कर रहा हूँ।,sad,hi,reddit,shopping
713,This is a regular update.,neutral,en,news,education
3394,मैं इस पल का पूरा आनंद ले रहा हूँ।,joy,hi,reddit,technology
4248,I keep worrying about the future.,fear,en,news,technology
1614,I feel really happy about how things turned out today.,happy,en,twitter,health
1403,I feel really happy about how things turned out today.,happy,en,amazon,education
4672,I believe in what you are saying.,trust,en,amazon,education
3206,I can't believe this happened again.,angry,en,twitter,education
3466,Everything feels perfect right now.,joy,en,reddit,health
3823,This means a lot to me.,love,en,news,entertainment
2923,यह बिल्कुल भी स्वीकार्य नहीं है।,angry,hi,google_reviews,entertainment
2336,आज का दिन मेरे लिए बहुत मुश्किल रहा।,sad,hi,amazon,entertainment
1073,This is a regular update.,neutral,en,reddit,shopping
3795,यह मेरे लिए बहुत मायने रखता है।,love,hi,twitter,education
4707,मुझे समझ नहीं आ रहा कि इसका क्या मतलब है।,confusion,hi,reddit,technology
4634,यह मुझे सुरक्षित महसूस कराता है।,trust,hi,twitter,technology
2773,यह बिल्कुल भी स्वीकार्य नहीं है।,angry,hi,reddit,education
1295,यह देखकर मेरा दिन अच्छा बन गया।,happy,hi,google_reviews,education
652,यह एक सामान्य अपडेट है।,neutral,hi,twitter,education
284,The event took place as scheduled.,neutral,en,reddit,education
4756,I am not sure what this means.,confusion,en,google_reviews,health
4878,Nothing seems to be working.,frustration,en,amazon,entertainment
4128,This situation makes me feel unsafe.,fear,en,news,entertainment
4044,I am scared about what might happen next.,fear,en,twitter,health
4867,कुछ भी सही से काम नहीं कर रहा है।,frustration,hi,amazon,health
1762,Everything feels bright and positive right now.,happy,en,amazon,technology
953,Everything is proceeding as planned.,neutral,en,amazon,education
2841,मुझे विश्वास नहीं हो रहा कि यह फिर से हुआ।,angry,hi,google_reviews,education
1379,सब कुछ आज बहुत सकारात्मक लग रहा है।,happy,hi,google_reviews,shopping
1584,This made my day so much better.,happy,en,google_reviews,education
3481,Everything feels perfect right now.,joy,en,news,education
918,The event took place as scheduled.,neutral,en,amazon,entertainment
3447,मैं इस पल का पूरा आनंद ले रहा हूँ।,joy,hi,reddit,health
135,This is a regular update.,neutral,en,google_reviews,shopping
506,यह एक सामान्य अपडेट है।,neutral,hi,amazon,entertainment
681,The event took place as scheduled.,neutral,en,news,shopping
639,यह एक सामान्य अपडेट है।,neutral,hi,amazon,technology
1308,Everything feels bright and positive right now.,happy,en,reddit,entertainment
1828,सब कुछ आज बहुत सकारात्मक लग रहा है।,happy,hi,amazon,health
2127,It's been a hard day for me.,sad,en,reddit,technology
1896,आज मैं बहुत खुश महसूस कर रहा हूँ।,happy,hi,amazon,health
3726,I truly care about you.,love,en,twitter,technology
741,The event took place as scheduled.,neutral,en,news,health
3764,यह मेरे लिए बहुत मायने रखता है।,love,hi,reddit,technology
3472,Everything feels perfect right now.,joy,en,google_reviews,health
4872,Nothing seems to be working.,frustration,en,google_reviews,education
3253,Everything feels perfect right now.,joy,en,google_reviews,technology
3225,I am very angry about what happened.,angry,en,news,education
1667,आज मैं बहुत खुश महसूस कर रहा हूँ।,happy,hi,news,entertainment
2668,I feel really low and tired today.,sad,en,twitter,health
1407,This made my day so much better.,happy,en,twitter,health
3548,Everything feels perfect right now.,joy,en,reddit,shopping
2590,It's been a hard day for me.,sad,en,news,health
1175,The event took place as scheduled.,neutral,en,google_reviews,education
4313,मेरे अंदर बहुत उत्साह है।,anticipation,hi,news,entertainment
475,This is a regular update.,neutral,en,amazon,entertainment
1158,Everything is proceeding as planned.,neutral,en,reddit,health
3128,जो हुआ उससे मैं बहुत गुस्से में हूँ।,angry,hi,amazon,shopping
1737,Everything feels bright and positive right now.,happy,en,twitter,health
2812,यह बिल्कुल भी स्वीकार्य नहीं है।,angry,hi,news,entertainment
4548,I feel confident about this.,trust,en,google_reviews,education
1880,आज मैं बहुत खुश महसूस कर रहा हूँ।,happy,hi,reddit,technology
2443,Nothing seems to be going right.,sad,en,reddit,entertainment
2357,कुछ भी सही नहीं लग रहा है।,sad,hi,twitter,entertainment
3980,This means a lot to me.,love,en,google_reviews,health
815,Everything is proceeding as planned.,neutral,en,amazon,entertainment
3082,यह बिल्कुल भी स्वीकार्य नहीं है।,angry,hi,reddit,technology
2556,आज का दिन मेरे लिए बहुत मुश्किल रहा।,sad,hi,twitter,shopping
1785,आज मैं बहुत खुश महसूस कर रहा हूँ।,happy,hi,amazon,education
2020,Nothing seems to be going right.,sad,en,news,health
1776,Everything feels bright and positive right now.,happy,en,amazon,entertainment
3736,मेरा दिल अभी बहुत खुश महसूस कर रहा है।,love,hi,google_reviews,technology
71,This is a regular update.,neutral,en,reddit,health
4459,मैं आगे क्या होगा इसका इंतजार कर रहा हूँ।,anticipation,hi,twitter,health
3938,यह मेरे लिए बहुत मायने रखता है।,love,hi,amazon,health
4368,मुझे इसका बहुत बेसब्री से इंतजार है।,anticipation,hi,reddit,entertainment
1840,यह देखकर मेरा दिन अच्छा बन गया।,happy,hi,google_reviews,shopping
808,कार्यक्रम योजना के अनुसार हुआ।,neutral,hi,twitter,education
4333,I am really looking forward to what comes next.,anticipation,en,twitter,health
493,सब कुछ योजना के अनुसार चल रहा है।,neutral,hi,reddit,health
1371,This made my day so much better.,happy,en,reddit,technology
812,यह एक सामान्य अपडेट है।,neutral,hi,news,technology
3689,मुझे आपकी सच में बहुत परवाह है।,love,hi,reddit,shopping
4778,यह समझना बहुत मुश्किल है।,confusion,hi,twitter,technology
2083,Nothing seems to be going right.,sad,en,twitter,education
4204,यह स्थिति मुझे असुरक्षित महसूस कराती है।,fear,hi,reddit,education
595,The event took place as scheduled.,neutral,en,google_reviews,technology
4066,I keep worrying about the future.,fear,en,google_reviews,entertainment
1650,Everything feels bright and positive right now.,happy,en,reddit,technology
4574,This makes me feel secure.,trust,en,news,education
4688,यह मुझे सुरक्षित महसूस कराता है।,trust,hi,news,shopping
2122,आज मैं बहुत उदास महसूस कर रहा हूँ।,sad,hi,news,health
158,सब कुछ योजना के अनुसार चल रहा है।,neutral,hi,google_reviews,education
2938,I can't believe this happened again.,angry,en,news,health
1884,Everything feels bright and positive right now.,happy,en,twitter,technology
3446,I am enjoying every second of this.,joy,en,news,shopping
4034,This situation makes me feel unsafe.,fear,en,reddit,health
2898,I can't believe this happened again.,angry,en,amazon,health
2397,कुछ भी सही नहीं लग रहा है।,sad,hi,reddit,education
973,The event took place as scheduled.,neutral,en,reddit,health
3073,This is completely unacceptable.,angry,en,google_reviews,entertainment
92,सब कुछ योजना के अनुसार चल रहा है।,neutral,hi,news,education
1560,आज मैं बहुत खुश महसूस कर रहा हूँ।,happy,hi,google_reviews,entertainment
278,यह एक सामान्य अपडेट है।,neutral,hi,twitter,education
3598,मैं इस पल का पूरा आनंद ले रहा हूँ।,joy,hi,reddit,shopping
2367,आज का दिन मेरे लिए बहुत मुश्किल रहा।,sad,hi,news,shopping
3112,मुझे विश्वास नहीं हो रहा कि यह फिर से हुआ।,angry,hi,twitter,shopping
1527,Everything feels bright and positive right now.,happy,en,amazon,technology
643,सब कुछ योजना के अनुसार चल रहा है।,neutral,hi,twitter,health
2639,I feel really low and tired today.,sad,en,news,technology
2411,Nothing seems to be going right.,sad,en,amazon,technology
1495,Everything feels bright and positive right now.,happy,en,news,technology
2721,कुछ भी सही नहीं लग रहा है।,sad,hi,amazon,shopping
641,यह एक सामान्य अपडेट है।,neutral,hi,news,technology
716,यह एक सामान्य अपडेट है।,neutral,hi,reddit,shopping
3166,जो हुआ उससे मैं बहुत गुस्से में हूँ।,angry,hi,google_reviews,shopping
3126,यह बिल्कुल भी स्वीकार्य नहीं है।,angry,hi,google_reviews,health
3737,यह मेरे लिए बहुत मायने रखता है।,love,hi,amazon,technology
4966,मुझे इसकी बिल्कुल उम्मीद नहीं थी।,surprise,hi,twitter,entertainment
4691,I believe in what you are saying.,trust,en,news,education
1807,Everything feels bright and positive right now.,happy,en,reddit,shopping
2432,Nothing seems to be going right.,sad,en,news,health
2022,कुछ भी सही नहीं लग रहा है।,sad,hi,amazon,technology
2484,आज मैं बहुत उदास महसूस कर रहा हूँ।,sad,hi,reddit,education
4346,There is a lot of excitement inside me.,anticipation,en,news,technology
4422,मेरे अंदर बहुत उत्साह है।,anticipation,hi,google_reviews,shopping
1171,Everything is proceeding as planned.,neutral,en,amazon,education
4077,यह स्थिति मुझे असुरक्षित महसूस कराती है।,fear,hi,news,entertainment
807,Everything is proceeding as planned.,neutral,en,twitter,shopping
1679,I feel really happy about how things turned out today.,happy,en,google_reviews,education
4377,There is a lot of excitement inside me.,anticipation,en,amazon,education
4289,I am really looking forward to what comes next.,anticipation,en,news,shopping
682,सब कुछ योजना के अनुसार चल रहा है।,neutral,hi,reddit,education
3698,मुझे आपकी सच में बहुत परवाह है।,love,hi,reddit,shopping
3755,My heart feels full right now.,love,en,google_reviews,health
2625,आज का दिन मेरे लिए बहुत मुश्किल रहा।,sad,hi,google_reviews,shopping
4450,मैं आगे क्या होगा इसका इंतजार कर रहा हूँ।,anticipation,hi,twitter,technology
4028,मैं भविष्य को लेकर लगातार चिंतित हूँ।,fear,hi,amazon,entertainment
1397,I feel really happy about how things turned out today.,happy,en,reddit,shopping
4861,Nothing seems to be working.,frustration,en,google_reviews,technology
1297,सब कुछ आज बहुत सकारात्मक लग रहा है।,happy,hi,reddit,technology
2441,कुछ भी सही नहीं लग रहा है।,sad,hi,news,shopping
3651,My heart feels full right now.,love,en,google_reviews,shopping
884,The event took place as scheduled.,neutral,en,twitter,education
2200,Nothing seems to be going right.,sad,en,reddit,education
3902,मुझे आपकी सच में बहुत परवाह है।,love,hi,news,education
3655,My heart feels full right now.,love,en,amazon,technology
3798,This means a lot to me.,love,en,news,health
254,This is a regular update.,neutral,en,amazon,shopping
788,This is a regular update.,neutral,en,amazon,education
2769,मुझे विश्वास नहीं हो रहा कि यह फिर से हुआ।,angry,hi,reddit,shopping
4273,I am really looking forward to what comes next.,anticipation,en,twitter,shopping
3331,This moment brings me pure joy.,joy,en,twitter,shopping
4705,I am not sure what this means.,confusion,en,reddit,shopping
3355,सब कुछ अभी परफेक्ट लग रहा है।,joy,hi,reddit,shopping
1740,Everything feels bright and positive right now.,happy,en,news,shopping
778,यह एक सामान्य अपडेट है।,neutral,hi,twitter,technology
2630,आज का दिन मेरे लिए बहुत मुश्किल रहा।,sad,hi,reddit,entertainment
1008,यह एक सामान्य अपडेट है।,neutral,hi,twitter,technology
4870,This is getting very annoying.,frustration,en,amazon,technology
274,यह एक सामान्य अपडेट है।,neutral,hi,reddit,technology
2409,It's been a hard day for me.,sad,en,amazon,technology
1604,यह देखकर मेरा दिन अच्छा बन गया।,happy,hi,google_reviews,shopping
4429,I can't wait for this to happen.,anticipation,en,news,technology
1051,सब कुछ योजना के अनुसार चल रहा है।,neutral,hi,amazon,technology
187,यह एक सामान्य अपडेट है।,neutral,hi,amazon,entertainment
1450,This made my day so much better.,happy,en,twitter,shopping
2730,आज का दिन मेरे लिए बहुत मुश्किल रहा।,sad,hi,amazon,education
2407,आज मैं बहुत उदास महसूस कर रहा हूँ।,sad,hi,amazon,entertainment
1703,This made my day so much better.,happy,en,news,entertainment
869,Everything is proceeding as planned.,neutral,en,twitter,shopping
1036,सब कुछ योजना के अनुसार चल रहा है।,neutral,hi,news,entertainment
3329,सब कुछ अभी परफेक्ट लग रहा है।,joy,hi,reddit,shopping
401,कार्यक्रम योजना के अनुसार हुआ।,neutral,hi,google_reviews,entertainment
1586,आज मैं बहुत खुश महसूस कर रहा हूँ।,happy,hi,news,shopping
1435,This made my day so much better.,happy,en,amazon,health
4768,I feel lost about this.,confusion,en,news,health
2047,कुछ भी सही नहीं लग रहा है।,sad,hi,google_reviews,shopping
1232,This is a regular update.,neutral,en,news,shopping
4004,मैं भविष्य को लेकर लगातार चिंतित हूँ।,fear,hi,twitter,shopping
1792,I feel really happy about how things turned out today.,happy,en,google_reviews,shopping
1581,This made my day so much better.,happy,en,amazon,entertainment
3464,Everything feels perfect right now.,joy,en,news,health
32,Everything is proceeding as planned.,neutral,en,reddit,technology
4671,मुझे आपकी बात पर भरोसा है।,trust,hi,twitter,education
2626,It's been a hard day for me.,sad,en,google_reviews,shopping
4928,मैं बार-बार कोशिश कर रहा हूँ लेकिन असफल हो रहा हूँ।,frustration,hi,amazon,shopping
984,यह एक सामान्य अपडेट है।,neutral,hi,twitter,entertainment
399,Everything is proceeding as planned.,neutral,en,news,entertainment
4514,This makes me feel secure.,trust,en,reddit,education
2377,आज का दिन मेरे लिए बहुत मुश्किल रहा।,sad,hi,twitter,education
4072,I am scared about what might happen next.,fear,en,reddit,entertainment
1131,This is a regular update.,neutral,en,twitter,technology
4373,मुझे इसका बहुत बेसब्री से इंतजार है।,anticipation,hi,news,technology
1657,This made my day so much better.,happy,en,news,shopping
2099,It's been a hard day for me.,sad,en,amazon,shopping
3315,Everything feels perfect right now.,joy,en,reddit,shopping
4828,I feel lost about this.,confusion,en,amazon,education
4606,मुझे आपकी बात पर भरोसा है।,trust,hi,news,shopping
3796,यह मेरे लिए बहुत मायने रखता है।,love,hi,news,shopping
2672,कुछ भी सही नहीं लग रहा है।,sad,hi,news,technology
310,The event took place as scheduled.,neutral,en,twitter,shopping
2342,कुछ भी सही नहीं लग रहा है।,sad,hi,news,entertainment
1628,I feel really happy about how things turned out today.,happy,en,reddit,technology
1798,यह देखकर मेरा दिन अच्छा बन गया।,happy,hi,reddit,entertainment
3371,Everything feels perfect right now.,joy,en,amazon,technology
2937,This is completely unacceptable.,angry,en,twitter,shopping
3952,I truly care about you.,love,en,twitter,health
4913,Nothing seems to be working.,frustration,en,twitter,technology
543,This is a regular update.,neutral,en,amazon,technology
1317,सब कुछ आज बहुत सकारात्मक लग रहा है।,happy,hi,news,entertainment
2291,आज का दिन मेरे लिए बहुत मुश्किल रहा।,sad,hi,reddit,health
4775,मैं इसे लेकर बहुत उलझन में हूँ।,confusion,hi,twitter,health
3786,I truly care about you.,love,en,reddit,shopping
422,This is a regular update.,neutral,en,reddit,health
653,This is a regular update.,neutral,en,reddit,education
1191,यह एक सामान्य अपडेट है।,neutral,hi,twitter,entertainment
4021,I keep worrying about the future.,fear,en,twitter,entertainment
2379,It's been a hard day for me.,sad,en,reddit,education
94,यह एक सामान्य अपडेट है।,neutral,hi,google_reviews,health
2934,मुझे विश्वास नहीं हो रहा कि यह फिर से हुआ।,angry,hi,amazon,technology
143,कार्यक्रम योजना के अनुसार हुआ।,neutral,hi,google_reviews,health
1808,I feel really happy about how things turned out today.,happy,en,google_reviews,shopping
112,यह एक सामान्य अपडेट है।,neutral,hi,twitter,technology
420,सब कुछ योजना के अनुसार चल रहा है।,neutral,hi,news,health
2129,Nothing seems to be going right.,sad,en,google_reviews,shopping
2137,I feel really low and tired today.,sad,en,news,health
875,Everything is proceeding as planned.,neutral,en,twitter,education
2547,आज मैं बहुत उदास महसूस कर रहा हूँ।,sad,hi,news,shopping
666,सब कुछ योजना के अनुसार चल रहा है।,neutral,hi,google_reviews,entertainment
253,This is a regular update.,neutral,en,google_reviews,technology
998,सब कुछ योजना के अनुसार चल रहा है।,neutral,hi,twitter,technology
214,This is a regular update.,neutral,en,twitter,entertainment
4969,I did not expect this at all.,surprise,en,news,education
1537,आज मैं बहुत खुश महसूस कर रहा हूँ।,happy,hi,reddit,health
3385,सब कुछ अभी परफेक्ट लग रहा है।,joy,hi,news,shopping
3650,यह पल मुझे बहुत खुशी दे रहा है।,joy,hi,amazon,technology
4137,मुझे आगे क्या होगा इसका डर लग रहा है।,fear,hi,news,technology
114,यह एक सामान्य अपडेट है।,neutral,hi,twitter,shopping
2215,I feel really low and tired today.,sad,en,twitter,shopping
3463,Everything feels perfect right now.,joy,en,reddit,entertainment
3393,I am enjoying every second of this.,joy,en,amazon,health
4213,यह स्थिति मुझे असुरक्षित महसूस कराती है।,fear,hi,reddit,health
2160,आज का दिन मेरे लिए बहुत मुश्किल रहा।,sad,hi,google_reviews,technology
48,The event took place as scheduled.,neutral,en,reddit,entertainment
282,The event took place as scheduled.,neutral,en,twitter,shopping
2024,आज मैं बहुत उदास महसूस कर रहा हूँ।,sad,hi,google_reviews,education
4736,मैं इसे लेकर बहुत उलझन में हूँ।,confusion,hi,news,health
2862,I can't believe this happened again.,angry,en,reddit,health
1854,This made my day so much better.,happy,en,google_reviews,entertainment
3321,I am enjoying every second of this.,joy,en,reddit,technology
2552,I feel really low and tired today.,sad,en,google_reviews,entertainment
689,The event took place as scheduled.,neutral,en,reddit,entertainment
3693,This means a lot to me.,love,en,google_reviews,health
4457,I can't wait for this to happen.,anticipation,en,google_reviews,entertainment
1049,यह एक सामान्य अपडेट है।,neutral,hi,amazon,technology
2891,I can't believe this happened again.,angry,en,amazon,education
342,यह एक सामान्य अपडेट है।,neutral,hi,news,shopping
879,Everything is proceeding as planned.,neutral,en,amazon,shopping
1860,This made my day so much better.,happy,en,reddit,technology
2196,I feel really low and tired today.,sad,en,twitter,entertainment
1484,यह देखकर मेरा दिन अच्छा बन गया।,happy,hi,reddit,entertainment
4489,I can't wait for this to happen.,anticipation,en,reddit,education
4265,I am really looking forward to what comes next.,anticipation,en,twitter,entertainment
732,This is a regular update.,neutral,en,reddit,health
1315,आज मैं बहुत खुश महसूस कर रहा हूँ।,happy,hi,news,shopping
3468,सब कुछ अभी परफेक्ट लग रहा है।,joy,hi,google_reviews,entertainment
1156,This is a regular update.,neutral,en,reddit,shopping
4212,मुझे आगे क्या होगा इसका डर लग रहा है।,fear,hi,news,technology
2109,कुछ भी सही नहीं लग रहा है।,sad,hi,twitter,shopping
4048,This situation makes me feel unsafe.,fear,en,reddit,education
3626,यह पल मुझे बहुत खुशी दे रहा है।,joy,hi,google_reviews,health
4057,This situation makes me feel unsafe.,fear,en,twitter,technology
2476,I feel really low and tired today.,sad,en,google_reviews,entertainment
